Metric,value
Total Trips,11463836.51689062 Trips
Visitor Days,21200377.632467914 Days
Avg Length of Stay,1.8493265846238858 Days