Zip Code,Spend Share
98059,0.00026937105205155926
60051,0.000024283267205975077
34219,0.000023960152944881526
02740,0.000013378827432115713
55116,0.00004488358658227328
33913,0.0003268103201863665
91913,0.0008932594151058971
08755,0.000026196607707599918
95020,0.00022552891265015625
94132,0.000089081785968038
89141,0.0015427996509753015
28277,0.00005023648250538907
21773,0.000027739411392041574
17325,0.00001720842361707515
80904,0.00016556723591635645
87301,0.000030923317377212004
84037,0.0005551039660356948
55102,0.0003102681788548278
60045,0.0002213399770025195
06840,0.00007520904122811647
33446,0.00008396086464513242
85131,0.00010217076188267352
37187,0.0000029051150798234584
85716,0.000058250088990114526
04102,0.000030354222811963098
84604,0.0013334902368451233
76131,0.00008448741169553554
97210,0.0002640419908983911
17331,0.000013725776215327985
98607,0.00027037362670977833
91303,0.00025412404179842886
85053,0.00024542351674661234
98020,0.00039355189636520473
11222,0.00028299826082439866
70605,0.00010678181240476258
15650,0.000010893803588908278
55060,0.000008274684856165558
89138,0.0028090216249395256
22314,0.0012833008671925936
76053,0.00004107989465461325
94044,0.00021506470085980362
03103,0.00001800586715188683
83605,0.00011917919564887977
90211,0.0009492100948441694
32211,0.000009170494806766997
40391,0.00000365604235448434
94528,0.000043097421113263303
79762,0.000021153735520281026
98264,0.0000864547402884879
60805,0.000023451788813260926
60544,0.00001803765835787486
55403,0.00017513464182398222
98902,0.00019433861351639064
92284,0.001342406257899834
60402,0.00001796433091897562
91001,0.0025071230554502646
37932,0.000008340150870221542
85351,0.0002213899241778499
99518,0.00000386547276259236
93402,0.0004703203414822141
78736,0.0005075438795300172
89512,0.000028109213865250296
80016,0.00035095822722616313
94561,0.00012369087644203717
80631,0.00012039557607486807
49424,0.00006480859031095045
97070,0.00028404458086339266
75067,0.00003583042814768654
32258,0.0000059453856697748965
84108,0.0010521579349737327
78572,0.000017139859538888283
94102,0.00026302477502543065
77007,0.002082788228955674
95010,0.00016293778668596923
60646,0.0001679943745610006
55126,0.00008443300808077397
34229,0.00003750215037474315
92173,0.00021170361343896083
86404,0.0010447625907988223
47803,0.000006085400435964762
32953,0.000030278955469249984
53089,0.000014755501619050915
53186,0.000011259945140399187
93103,0.0007711072132553004
99019,0.0001222442885466928
19610,0.00029909740067267685
11206,0.00030034363645626904
98004,0.0007122019577939513
02186,0.000060009230575115744
60103,0.000017840384667279138
55044,0.00013022803271164684
37172,0.0000533465799293751
85233,0.00031421916227623956
46033,0.00015760731409770245
12553,0.000028528229910013786
98926,0.00008444781294465158
29073,0.000013106612103082475
55427,0.00003880866802687242
95336,0.0002612933852206845
49546,0.0000872310761492191
94403,0.0008031820757024136
17033,0.000005606147620830152
90071,0.0001499107721468878
93560,0.00020166496053087394
07039,0.00029493369981182534
19454,0.000037132138907440735
84321,0.00011080351770791888
53559,0.00003271222416328595
80011,0.000027798512165265436
94566,0.0008591558594509798
49423,0.00002067747577674418
54911,0.000009510380039326186
94928,0.00012081221395909965
93405,0.00007974281995418968
78731,0.0003614038064744017
85259,0.0018509125732988974
98502,0.00003945811459719724
24060,0.000014998700907887959
88220,0.00006497004580774758
98296,0.00007116376543466606
86403,0.000536969345255818
60169,0.00001984017199027112
95630,0.0020505645145065116
95118,0.0003541386553457975
94105,0.00016913317555330507
50266,0.00022821344516317158
53150,0.00011371725885390153
93066,0.00005363073483116938
99654,0.00010868500143749523
23225,0.0000881163390799784
34243,0.00002574806766112368
92119,0.00039716950253575054
48183,0.0001221276257181833
98003,0.0000655535610992843
11201,0.0008961151350877367
33408,0.00008754716666518809
91320,0.0011133418697523234
70001,0.00007298620135933651
90232,0.0018157080343866056
78230,0.00005028882078979223
93723,0.000052667473236953336
80238,0.0003424859746012531
89014,0.0006918095051087179
68512,0.000002322001629007652
83001,0.0004937601132255008
94945,0.00021761162022069903
26501,0.00000399398829303754
94404,0.000414659846227351
85387,0.000202091288206295
34108,0.00020963402642648371
55420,0.000009319198220405384
85234,0.0004641740983229749
96793,0.00004962905713278984
77840,0.00005593259808356241
92252,0.00005448339303047161
30252,0.000011320234637772863
85034,0.0000542039760257436
27613,0.00009554528384100066
37082,0.000261696653712864
91364,0.0009924773346482406
30052,0.00006067480938517202
60140,0.000006278120263688862
55108,0.00006312876906963519
95131,0.00014314460351709903
76034,0.0006844191718674439
40245,0.00008486929233133659
22554,0.000028219763074865338
54115,0.00003388177507911431
28269,0.000046884912542780686
84095,0.0011601100176485736
84701,0.00014100279667766765
68135,0.00004584332276398825
17070,0.000010065992649214775
83201,0.00004324522275978198
90032,0.0003953854165306052
93304,0.0001144735625666164
94901,0.000538526264711742
30319,0.0003827174700715621
64151,0.00005514601889934664
98203,0.00004655972567893827
60490,0.000008530001184324509
79705,0.000028725812915422528
60523,0.0003526029103862845
75098,0.00015538549445896652
49829,0.00001053488456588296
17112,0.000008614059408915698
75024,0.001163400900282349
15239,0.00004494733814532124
60441,0.000018696802299493512
96706,0.000280981110602534
81147,0.000043298538112191116
92374,0.0015508638984614738
91042,0.000395606577577767
46112,0.00003163639302560294
27312,0.0010585343809242191
98199,0.0003544427261900223
60605,0.00000692790575538228
81303,0.00003298687361839649
60022,0.00009071815398880976
91206,0.0012048967436827452
79423,0.00002464828829960319
98125,0.00010681382040792891
60191,0.000013508029514998945
89081,0.000194462144083031
84663,0.0003647353478545766
59101,0.00007886182018803912
93022,0.00006593276434291069
83127,0.00007194870160178558
80211,0.0002003858556772324
54650,0.00003991712656037631
94019,0.0003693966169657726
94116,0.0006859072749019095
80920,0.0004835908738208628
30068,0.00004275005913212306
29928,0.00007787436168257262
85629,0.0001367055976289787
23832,0.000007601654274910659
02143,0.00005730548449447973
98239,0.000028845614008541055
95926,0.001549550497279426
79118,0.00006279411088344547
85345,0.00019001629994144285
95829,0.0011233843021195872
82401,0.0000022480975673658584
95240,0.00013097221235185743
95467,0.000012758468514032536
55376,0.00010232019332235339
80002,0.0001389071942766771
89506,0.0000651717782815789
99224,0.0000271892238675929
90008,0.0005461946103981003
53208,0.000017236763011061328
08558,0.0005003424200133983
55433,0.00008631407460939752
51041,0.00001835291890697136
77389,0.00008583898090787638
92241,0.00005135637726314468
73160,0.000019818053791834935
78640,0.00006888626596206821
32065,0.0000075993388440625035
90065,0.0008196480241544342
84335,0.00007214017556131373
94518,0.0001542624289336639
76227,0.0004166881759320011
32221,0.0000015564658412875337
93117,0.00048079397672849363
93730,0.0004396780340935726
80503,0.0009701088015222547
76063,0.00020260572793077134
89108,0.0010889239711145732
23236,0.00003260448976448297
37069,0.0003825774022660989
02021,0.000014304368672483854
58701,0.000015222873445299353
30005,0.0003110037289745173
75229,0.0009916716381952065
89074,0.0012088124111099589
83646,0.002488093675206795
13045,0.0000041263390488257055
84102,0.0008888114458146441
78578,0.000011769815607508376
59047,0.00012795729955666628
24501,0.000020887251101417066
30076,0.00012335823650481503
91340,0.0000928986721265071
86326,0.00048212059769972847
23462,0.000010144165459023005
34223,0.000049398997258530845
91104,0.0010698008904578783
85254,0.002465674632783073
55901,0.00010620217426325239
37938,0.000002062053661949399
79106,0.00003026296483530243
77346,0.00031796234792771727
95351,0.000016024658112530337
80113,0.0004905756702115207
83402,0.000022768361800766734
53216,0.000004144016851969548
90016,0.00024277144087517932
78633,0.000043724355915809645
94925,0.00015102349901694302
55305,0.000046718754626786896
96722,0.00020332055901155593
34105,0.0008146033337001021
18902,0.00007167261633935321
88240,0.00013378292426244304
64118,0.00009881295785384041
30350,0.0000819187238623305
95380,0.00010200615835785629
84403,0.0017311722371595192
32174,0.00016334000281150674
78751,0.00006797965793795295
87112,0.00004865450363542882
93465,0.00011314709000208256
93924,0.0002063794428709401
94506,0.0013967277269185177
87571,0.00014134528814849876
50309,0.00002668044455430651
84060,0.00033848031401903056
93109,0.00019220969061363016
75244,0.0013997992463078632
95650,0.00035364523371195716
30680,0.000021280089957560928
46814,0.00014210508121009945
91405,0.0005670313177131098
98101,0.0005251067811502036
92114,0.00032769459078948023
30114,0.0002691896395326511
18020,0.00000855096214961859
85755,0.0001520985859924623
94804,0.00010659987612577015
19335,0.00007596779934311092
32137,0.000051221560439138765
90038,0.0002766663679274736
10016,0.0003929224315947078
28027,0.000346959962428628
22032,0.00006233786148871047
94545,0.000027227711664050487
96761,0.00013159316167097424
23608,0.000027888340116128527
23120,0.00002655728816799253
60201,0.00023321192617329847
91602,0.0008905973485903207
33602,0.00023780132762635242
95819,0.0003389475350484667
85375,0.0004572983246965552
52402,0.00008696694376462245
80129,0.00015400705675204464
80601,0.000036300414503741
94551,0.0010802372078079264
80026,0.00017202193461277873
10002,0.00008381162952142421
85361,0.000020876167735612202
23188,0.00008387936887380757
30307,0.00004082596186149965
92307,0.0025025683852280805
55987,0.00005363478379262579
55352,0.000029560033488073336
29609,0.00003854084742433336
94580,0.00009886058453125341
49837,0.0000025901168092982707
93550,0.00028571815849460613
90041,0.0004912415851982138
78664,0.0000972797283018716
71360,0.000007929458884982703
66209,0.000017700385963449338
61265,0.00004703803085308756
83455,0.000053122005043724015
55417,0.000047953505077058356
56721,0.00002478800176820704
18938,0.00003235014541560643
95521,0.00023004136208524083
95209,0.00025125423304214853
37209,0.0002592330247450057
98270,0.0000765175113003372
95492,0.000035205541831362186
85203,0.00015690826220605435
81435,0.00039793594804257275
95765,0.0007579707912839133
33483,0.00027284584194005144
11385,0.00011273837115690262
60133,0.000019933360080856673
58102,0.0000073659064861147536
92021,0.00048640021996574506
33317,0.00036381271091864153
98034,0.0002372009219273767
53005,0.00002513891430756298
04074,0.000023808232395391616
99701,0.000006114908285042929
32205,0.000020763162433210062
32963,0.0004026960531972571
13066,0.0000222642890265931
84121,0.0027462735994900414
94024,0.0008079062780572381
94603,0.000025010890953583177
21042,0.00003895966695251081
84092,0.00045938447409800073
66085,0.00008004735744714555
77706,0.000002055974072249835
60048,0.0001816633759960157
95136,0.00013339083861679335
86305,0.000604373036778618
85033,0.000021420980591295133
98040,0.00034423345621524933
85614,0.0004099040818980937
27614,0.000060663952674784456
24141,0.0000469701844440508
46077,0.0001925046449725266
37814,0.000008295226777037544
95814,0.00015780246335308823
92539,0.00005861630224978974
92211,0.0027463952037255694
85378,0.0003597647249827065
90035,0.0009363657380260745
78610,0.000029991257157209872
53235,0.00007366740081941252
68132,0.000030169663280950433
89434,0.000019778398897134026
80130,0.0002653344940232638
11743,0.00028941795942592617
20910,0.00001557809896682149
98366,0.000025116861408678123
95210,0.00004180588953777
37210,0.0000667197976238738
96701,0.000028633455924616767
95437,0.00009550189715545845
93907,0.00006764351916376798
97034,0.0008609448550096767
75023,0.00010719384224821476
54952,0.000033592127673739913
93446,0.0013099226748021322
78155,0.00006922670739770474
19355,0.00006652263613091006
89135,0.007072017880970075
28203,0.000020016121846610102
21093,0.00006894006656263083
84043,0.0008283066163261768
13104,0.00006481803742444664
89086,0.00005572791077273069
84664,0.00014978749278712772
59106,0.00008590464910726225
79424,0.00020179866637717094
91201,0.0006161971619990462
86440,0.000049568788138380294
98122,0.00018788749053208785
33426,0.000020347495581996305
29485,0.00003355873361780885
30084,0.000052402320929310536
95054,0.0005162778641952538
60025,0.000026481232493541274
45750,0.000002788827136691183
85041,0.00008491896534533511
98032,0.00005311996835424608
58104,0.000028355267819581527
60189,0.000020947574418132825
91311,0.0011947576594811284
91978,0.00011643936450257507
37763,0.00002058691342117078
15642,0.00004491404098311872
22209,0.00033591995381747027
80209,0.0009565405691414349
80521,0.00012683661256624048
17241,0.000009485716887381887
21030,0.00015840397202884855
35124,0.00020395433799145563
97124,0.0000699574884112417
97703,0.0008509411930597787
83274,0.00002527046398317602
03833,0.000041041560603987
75080,0.00021318892797797068
67212,0.00002876676790525483
85205,0.0011167485590574038
33772,0.0009188691926245465
73142,0.00002827814058833612
15221,0.000017560655869961946
99206,0.00015255301111463443
78028,0.00011525552006822468
80020,0.00028781385721386157
83316,0.000010857124274866092
68022,0.00005442986001705679
85268,0.00037743110036554884
92301,0.00022089596737229843
27540,0.00022112008647529798
85367,0.00008195153002786478
12508,0.000015772644492244015
91915,0.0006584741365129146
08753,0.0000724564537767144
55110,0.00013950824837957767
37601,0.0000388028240322648
95129,0.00032000759242265783
37129,0.00035672728168212114
85704,0.00026939873587994087
94087,0.0001649349039411817
89048,0.00014286849229218726
89147,0.0007333831985317985
80443,0.00028139852570067974
94134,0.00008085113489305058
97202,0.0007836026297771772
28401,0.0000806751272868069
80233,0.00020651677862716303
10583,0.00012194702978049123
19087,0.0001920992411082549
89110,0.0004922538530258437
28226,0.00009076387173373526
53711,0.00014240784209095227
62298,0.000008277227470657965
93728,0.0000056689574444534265
96821,0.00017928392340685906
98008,0.00009050991667525663
91403,0.0010654368239194961
98107,0.00012226651932500013
91942,0.0007994136826721674
81506,0.0002084454741446079
12180,0.000014981505812626751
92356,0.000023574831423390633
95386,0.00001201329926574153
33647,0.00007292512489404504
08540,0.0001585187598735283
85283,0.0001929852759859071
55303,0.00022466374830276115
83341,0.000006549522429930642
75006,0.00015789130993354908
59801,0.00026046333924454435
93463,0.0003853512388039676
87114,0.00009381549427011181
78757,0.00036278866411617585
84405,0.0001429771065980985
55446,0.00025475105896662634
77340,0.000009497110752894371
95357,0.00004862174498033483
81620,0.00011436834475695631
96749,0.000008227771800829438
98221,0.0001624975020015936
98406,0.00010040593430927265
92234,0.0018575762162081665
95831,0.0002189265686653561
31326,0.000023545069832580788
90010,0.00018703898271793456
50701,0.0002539307834457661
53210,0.000026300929652856895
83404,0.00013880584080224075
26104,0.0000045155136129001445
57201,0.000003665338011938669
55025,0.00009961734130168368
20175,0.0001181180970395851
95113,0.0002564617072483115
23464,0.0001515999784603506
95687,0.00023888276923724597
98065,0.0008434304597528814
85016,0.0014622715969685681
98642,0.0006821836893329211
85119,0.0003186967523704606
33993,0.00010850603989869761
90026,0.0009876705790722285
19403,0.000074244280428604
53226,0.000010463602322858864
80123,0.00021284540390463036
95361,0.0007116510078655829
33134,0.0003494916446483622
95125,0.0006483873844926689
02062,0.00002163583918288396
98053,0.0004746840190017811
85020,0.00055922247256593
98674,0.00008991405251059678
33458,0.0009217237542945294
68803,0.000006700992559070498
99669,0.000007874975022226864
22801,0.000029435096679074087
78260,0.00005585426875530754
89044,0.0011486335497845625
97301,0.001991487289579829
84081,0.00022078665333127645
75219,0.0036037690559348216
97526,0.00009037796030716284
94610,0.00034918115369813305
96817,0.00014497166227457934
92124,0.0009082817715221209
60185,0.000029135617401490198
85142,0.0016750158506988867
60611,0.00039580941318521955
30097,0.00027379561406528247
95148,0.00005358363691938568
95660,0.00002123781436601542
37660,0.000029029170280059912
89029,0.0001319343203643785
80205,0.00010893601352499405
89701,0.000046735288071766425
78599,0.000011934814951655809
40514,0.00001971327906350234
28210,0.0002671621625814737
83714,0.001020733459733812
93611,0.0005620373569303394
22963,0.00018106559680398443
93036,0.0004518157323189857
94536,0.00020303716758962286
99901,0.00004017189305139681
10065,0.00008021407998070926
93455,0.0008774484633010152
87122,0.000019756838074859983
53563,0.000005535133481797472
95965,0.000018620286280822173
85209,0.0002203717806624707
85306,0.0006086457816507124
60455,0.000021074376991564697
12828,0.000015926597100697993
37203,0.0031123803924479375
95203,0.00002162877930952181
34135,0.0006024635841439496
02563,0.000053745282530966526
56003,0.00003962874205383357
30909,0.000050941148747193496
77433,0.0003079692128899374
96712,0.00022203055728555759
68507,0.000005173058263552477
83014,0.00003282553210950884
71106,0.000018891736530320504
93111,0.00036169681336567413
53128,0.000015666454980366715
98119,0.000031416800588010876
91335,0.00045099701057324174
95648,0.00041335377230885
20009,0.00024274206670660373
82009,0.00013896938018314334
23230,0.000020135967299169003
81230,0.00001285904988007946
95747,0.0006367594933981342
02128,0.00002066340962566325
95842,0.000032752034448966534
24018,0.000049159674243282125
73069,0.00005744097161941116
96786,0.00003792980428698781
34786,0.000054876979728755346
55435,0.00003173536902825422
85392,0.00024094279869234133
68164,0.000006898183814873356
28173,0.0012012008262390873
19446,0.0006939013833033309
78749,0.000025253328101413267
54494,0.00001461693472469213
99567,0.00000628663876996112
95461,0.00003244279209316274
92399,0.002848028548323645
12590,0.000013639233445043088
02301,0.000004655242144594028
92325,0.000043596626696543104
37920,0.000007036778260359502
46143,0.000015735452619091425
54904,0.000014170928712520033
83854,0.00006921941113203829
75075,0.00012412494017683957
28739,0.000255091219277284
97062,0.0004073364566206093
80004,0.00009930522786173169
66002,0.00013567698382566063
84015,0.00039719837462532395
93654,0.000025181674486161836
75231,0.00018840515135122061
76107,0.00011171309353249371
54601,0.00004655996666640149
94110,0.0009272941341287739
76008,0.0005516351419395655
97401,0.0008047698382669437
77632,0.000002674934246724396
60073,0.0000073425526865696545
60654,0.00009759015720104834
85008,0.0005223607788511792
46307,0.00010815316809626102
68901,0.00001777648966886901
94086,0.00023717179844364377
22903,0.000059042849674453586
75214,0.0003027431424818464
40353,0.0000024084547004743
89146,0.00008285670288648822
28270,0.0000646489372595068
95128,0.00034531872935368016
37128,0.0012533253400414984
48162,0.00003839602231342154
60056,0.000018769838122007942
91914,0.00026007965318597056
37027,0.0011301459113622601
85122,0.0004072321858479742
12065,0.000016163165407331384
27705,0.000125580737801932
85705,0.0001011742967677253
30144,0.000014648844779495749
01930,0.00003148419514609956
02324,0.00001548931015561636
60435,0.00003192371093403635
33139,0.0005979532475722505
33611,0.00042662283172828334
08857,0.000017182190557144553
85541,0.0001106326744873613
60586,0.00002583256583752474
78701,0.0002661798032895927
22192,0.00006990123855395635
94556,0.0002875113688213441
80021,0.00013999547468483375
92262,0.002130806576435841
98277,0.000042504423508479654
82801,0.00016409378286623256
85204,0.00045251313686597015
95301,0.00008443042472652611
55410,0.00009785067841751075
77316,0.00012758370654380682
97702,0.0012632718995384303
94587,0.00018010683106837856
93458,0.0004138421272274889
90046,0.002802234074341995
94158,0.00009783248353838874
83616,0.001052872715223344
03110,0.000056302484842034316
47834,0.0000258916988138593
49686,0.00000822888069466584
60188,0.000043226887699967694
24551,0.000029959837872942115
46240,0.0011274739277124354
98033,0.0003440630957201007
85040,0.00007715640517112982
95762,0.0008669981710367969
60134,0.0000802207339348507
60655,0.0000935675249221208
06877,0.000008272109380556146
95003,0.000834706791488434
79932,0.00006074192874982867
95624,0.0005541220223449847
85009,0.000032434913097250264
53144,0.000022653199543872296
84014,0.000027608719745532407
87505,0.0001354670793609604
78249,0.000048320833384371046
80241,0.00008125336131488059
94111,0.0004087595743744274
75230,0.00034167784552586295
97227,0.000905341477311143
84780,0.0004358019357762006
10021,0.00011849108986840596
99223,0.00009059784813757206
53527,0.000025123568286451086
07047,0.00007528088987642744
80005,0.000049302578381815765
89501,0.0006844749672802114
83333,0.00009509300752068807
75074,0.00008491670913203955
68007,0.000010572740840579938
93950,0.0003862824695464173
60411,0.000021518295690309904
95247,0.000018134646938748004
48302,0.0003432438620920222
95348,0.00003018254987071911
95460,0.00033356524305791995
98282,0.000028652915950636646
30324,0.00005367246156788522
98516,0.00018745586639602865
12205,0.000010769991361420836
59911,0.00012087427138382529
54301,0.00001670531194063943
90062,0.0001711792435143943
47715,0.000004772369268840956
78748,0.00007936644725701167
34787,0.0003074767648134073
73068,0.000009906180085851672
30349,0.00010544639161985501
12540,0.000008718861190185816
95843,0.00035667581488926683
05495,0.000014169253432378117
48197,0.00007449906434913219
98118,0.00009844002856709041
55057,0.00009957809660175021
95746,0.0016619531191401512
60638,0.00008214441970536991
60110,0.0000427499915030775
77079,0.00010374156050906918
20008,0.0001568822289800261
80504,0.00014580916680930327
32940,0.0004425866181238
68506,0.000067963452350922
93638,0.00013339976462062154
93110,0.00035084506404403735
32226,0.00007195901461227452
90401,0.0009007314210212101
50310,0.00007437927455394944
94960,0.000777131607443799
78676,0.000160285093286258
68154,0.0006853763002572025
75028,0.00023368950585932796
57006,0.000004435751559490065
17011,0.000023490959061110046
55405,0.00012398698066415733
20814,0.00007982480506619737
55391,0.0007116992336650736
92277,0.00025977543280192837
55066,0.0002651166391603663
95678,0.0006231389042890384
98026,0.00004046895204053435
30033,0.000032359674548566106
52722,0.000012884473658417932
50321,0.0000037909853885056432
93706,0.000011140160297422859
89031,0.0003741914522214698
28208,0.00006067986841345981
11249,0.0002141488592377776
85710,0.00020610901396361507
86426,0.0007005731594896308
11561,0.000015736190952929636
98144,0.00010764808272696683
91901,0.00038637476062092983
95032,0.0012734358223222715
77025,0.000047717663618154
08648,0.00008426137504853076
55104,0.00017800780389420258
94707,0.00015574439615393778
76137,0.0000886798479148978
75201,0.0023476476307365086
35216,0.000040456255316401424
94608,0.00012000877304504842
80916,0.00009835354883150158
84025,0.00031695206610743795
78133,0.000014163510824167183
83864,0.00027581793554176887
93420,0.0003259056464195038
99212,0.00016490111311441352
93308,0.00034422500756011636
92315,0.0007193380344643486
73034,0.00009432424178344822
52404,0.000019445267497087585
85373,0.000034430501139065054
91604,0.0017765544808839814
95451,0.00001832918995839045
55340,0.00007748532843770365
37221,0.0005705371036397951
60477,0.000053321395660196826
55317,0.00011483824639464384
85297,0.0003397478477510417
30342,0.00007383313573404498
92342,0.00032196556334399153
98258,0.00026135993323187016
90069,0.001281046906782364
53122,0.000015682095070882197
19608,0.00006124017267803968
80227,0.00008913119386659048
89104,0.0000823869784857915
90291,0.0008885707878255372
06811,0.000020159824573043266
95642,0.000021837785855326828
20003,0.00020372655599419434
60014,0.000026428720080268096
92106,0.001699583429415257
85747,0.00040159209038655467
85648,0.00007869834633233892
30009,0.00002195769519471184
94015,0.00018230671425109265
97504,0.00039945927446173525
89169,0.00015813295766524028
17202,0.000020479323375112595
75287,0.00025492135041162487
84737,0.00029859933390515605
87401,0.000017989222873314236
13057,0.000012041288555038618
95693,0.00012123885038395288
91352,0.0004271791904379135
30064,0.00011115384163603918
92064,0.0015192260299901228
01810,0.0009539477810606078
95008,0.00038567661014775843
15601,0.00014928651900048107
34231,0.000044705026692798274
92407,0.00127136515960716
95825,0.0001389741576309614
92220,0.0010712175605983
77573,0.00008347965755395011
60515,0.00019243478627160014
77354,0.00011524083683146053
53590,0.000033518168579683436
83338,0.000025506978552182718
94579,0.00003668746486049955
97068,0.00034206525172194354
22101,0.0005016949960597568
78621,0.000060825151656241894
90004,0.0015004662615705187
78109,0.00002391086599174427
53204,0.0000073571348980716035
78006,0.000244999358862468
08742,0.00007364869359768705
95037,0.00026714645460341243
60046,0.000021796653496475964
95138,0.00011622440266071585
15116,0.000019384429445801276
95610,0.00036767593379305897
85715,0.00011437974336905334
92154,0.0011292739696464767
85132,0.0003274598950686105
33445,0.00018587384691532368
84020,0.0018681699117047874
94702,0.00003286674267055912
97213,0.0002453568777633121
35213,0.00003411211843294474
76132,0.00016467418980024617
75204,0.0004661650905082285
89156,0.00021257594811901123
22182,0.00046268736452987735
94546,0.0003836316689402259
80031,0.0002558092177934688
96145,0.00015370457928525684
55345,0.0001368584755114996
96762,0.000016088343832272806
92310,0.000048689460128161844
91601,0.0005305313276676394
94965,0.00008468565932783292
90056,0.0006191908885810613
97086,0.00005991119291390325
32159,0.00006248082481237854
94597,0.0009715342326783652
37877,0.000001355931674953896
98368,0.000010771410721093242
60448,0.000009938390384300766
02359,0.000044858058621077607
98023,0.0001662544159245838
11221,0.0007643036381602704
06460,0.0000637723806456526
85050,0.0010623848522889566
92139,0.0001515416040841007
92036,0.00011494979260085829
98604,0.00014571717080649822
33428,0.00029208100457114644
60124,0.000013119679702580978
89034,0.00022054305631231372
80218,0.00013136678013207342
40509,0.00001802757288017848
83709,0.0006814737704792884
84765,0.00007273238965621014
90212,0.001350804885791586
53012,0.0000232799313814682
77581,0.00014355884231652397
20902,0.00009032577358579492
85307,0.00005275031713698622
05401,0.00008667599759810657
85208,0.00014179047796735974
95425,0.000044721559129952306
57110,0.00004089450182474133
97601,0.0007535797335409871
07002,0.00005355647112330631
53562,0.00007875364123362482
87123,0.0000947574232591565
93454,0.0006801094839681188
28211,0.00023835461912034123
07920,0.0000589050277076597
40515,0.000012845168731440022
80204,0.001179654301026766
22204,0.00008619572075454402
90301,0.000424855633482768
19103,0.000023320701527785336
93610,0.00008823354388726748
85143,0.0005504354346210909
96816,0.0004740480991310594
95661,0.0007987520499875677
37046,0.00007733734128783493
95046,0.000055707658171930186
60610,0.00023929687747420534
78261,0.00012594665873814182
97527,0.0000587507673262725
94611,0.00038578646062316217
17406,0.0000037794291521881655
95124,0.0003258146665934832
27606,0.0003677165282421987
30047,0.00005607393784847774
77080,0.0000595527951970624
85021,0.0003825669168856936
98052,0.00006297418178839144
95448,0.00034615330836797805
55359,0.00007446144440217988
95360,0.00005961907819396808
77377,0.00006898778480476036
60439,0.0000371070715289696
77550,0.000022317579167001514
92203,0.002508765970542114
24153,0.000022811329821819774
27265,0.0002332544600544259
37909,0.000010351166866628931
53227,0.000012991911433961708
50111,0.000007409914139647075
93536,0.00044811464317923275
78602,0.00003359193933266711
93311,0.0019943333364787997
90027,0.0009517516833405629
10009,0.00019280989206314214
35763,0.00010956150293740646
80122,0.00011596807021061648
85257,0.0006073553007872076
55902,0.0009108323129199171
92231,0.00011780256447297996
91107,0.0014632951437494736
06040,0.000009159993607667834
30519,0.00003629796598601182
95834,0.00008409196935133973
92382,0.00032643158823558347
55443,0.00012048780514951517
21401,0.00008404145928079883
28105,0.00020373444863218648
94568,0.0003206047486392
83401,0.000018447156461878435
80110,0.00005158039401754312
17057,0.000001942709803578587
90015,0.0003336285648301655
53215,0.00005871114917277012
32937,0.00021228450406816872
89178,0.0015138518367489844
84726,0.000004358834294906328
84101,0.00003705594376727749
78253,0.00000513595441798442
53051,0.000049147460538688716
95682,0.0002648325977813295
86325,0.00004484655076083472
85013,0.0004703646355084823
30075,0.00038087576204947775
91343,0.0007484703210592127
01801,0.00045564030438732285
24502,0.00002197326158971375
95116,0.00003759034917032929
79928,0.000144488942757392
60068,0.000009425485659056858
59701,0.00011339604539833446
93622,0.00006402878315702791
80236,0.000022268166903348246
89115,0.00004998042214838039
60622,0.000059315187618159334
60005,0.00000776150425340379
85756,0.00003037099842579011
92117,0.0016805726843771107
91406,0.0004474567257136254
98102,0.0003223601649403956
18901,0.000025859667430503654
85286,0.0007713462764112273
55306,0.00031589874914549667
73072,0.00004681386952739573
85335,0.00007244211474018393
82930,0.00004340947408760837
87111,0.00007338301868472189
78752,0.000008673327918240143
32177,0.0000016924024465346327
07030,0.00043083899389396595
94505,0.0003001314412221203
78504,0.000020170628593654083
83686,0.0003240936624420687
13039,0.000007761689678324073
93630,0.00005217102397849249
90292,0.0030625942271636456
35242,0.00011108200290548688
89107,0.00027666128108997897
80403,0.0000967484119881774
53092,0.000027977148789350354
80224,0.0001568461034261849
60630,0.000014463243183191519
06812,0.000021491728224198775
60118,0.000007449144900581348
37066,0.00006514311732891934
98684,0.00013240928220961407
95066,0.00019885584306920237
08087,0.00004046546088053794
58601,0.000007579775578011634
98110,0.00027112404456286406
33414,0.00007856348236698999
12603,0.000005417953168913617
92105,0.0002320533670153635
95405,0.00009654805778786657
95222,0.000058238650440918
34114,0.00014048540436800548
33178,0.0002383494670489762
08816,0.00006766557642510688
77386,0.0001098226828094106
95391,0.00009407985702685545
97006,0.0001401009772325073
94517,0.00022455475399810299
92223,0.0032438640956970696
95826,0.00002776909886469191
92404,0.0003953757905445706
95340,0.00021719361456838996
60516,0.00007475626833060164
55379,0.000029800478691982848
22102,0.0003456356620582412
89406,0.00012071650604020745
28117,0.00013162743109842274
89509,0.000164811008774328
53593,0.00007773405289091528
93516,0.00007928163948053815
53207,0.000025030488189944022
50131,0.00017687910374057666
10029,0.0002177953393111347
31419,0.000049365286154065835
99503,0.00002599513602853061
90007,0.00018433407912196804
80249,0.000024316549054345682
87402,0.000018130826406754888
30067,0.00030575420475523944
91351,0.00023383281412503676
98072,0.0004038138022648963
02043,0.00001615941415929275
60175,0.000044701155718321224
29466,0.00019386187151916565
89521,0.0003408163563027616
68128,0.0003109429410235364
94552,0.00008678986830502964
22602,0.00001653408401744012
80602,0.00013971579937996538
32707,0.000050276320703126705
10001,0.000955192233294423
99203,0.000033549141738924464
78705,0.00003775507980786105
71201,0.00005600599197586236
73025,0.000033388793728663456
95901,0.000017344352863439123
98311,0.000016341218289076862
51104,0.000015290953662111006
60431,0.000004989340043570088
95368,0.000023926327508705717
73099,0.00008012011755530518
11570,0.00006060648324428894
85029,0.000086183484692922
98155,0.00006218179177003923
95023,0.00029859895583035504
91910,0.0005303497393553575
37604,0.000007144389465466694
79912,0.00031166947706505634
94619,0.00013902203392724644
89142,0.000217129142378107
76126,0.0006919472116102878
94131,0.0006259798220100136
84088,0.00011096069625557363
80907,0.0002445047713823485
66604,0.000035019519545029446
38556,0.0000018880010546434797
60618,0.00024120055202367784
55077,0.00010214595618936123
85044,0.000609549789207189
30022,0.0003742753033574734
84059,0.00030369867350737935
93618,0.000015485159066571877
97365,0.00010646308677868238
32960,0.00026761234314575874
80524,0.0004406814984792384
80303,0.0010274133858239425
90042,0.0005070628010014282
94583,0.00022016966522741695
14850,0.00003369675532120991
75039,0.0001331579873264733
55414,0.000019418424455249265
98273,0.00001784625259195249
74011,0.000007734028020216104
55421,0.00010874793198243129
95330,0.000029584686557376238
23060,0.00031087639481685176
34109,0.00022917252568313334
52803,0.000007306100569953861
92253,0.007388676048675868
95959,0.0001797110398627557
96792,0.00007631791669799896
90077,0.00046601081674161525
93722,0.00031166959708321483
59601,0.00016813439258664875
93105,0.0017879057100162643
32233,0.00004033855186055424
38401,0.00009566928267309861
89015,0.002237313772902684
47805,0.000006399096514198194
94066,0.0011224802812055692
37174,0.00005374397193769742
81403,0.00019002274406847028
81224,0.000035146914582633814
91321,0.0003535808275017083
18704,0.00012164395960440774
91506,0.0006346763485410204
98002,0.000013919869374611346
92118,0.002962714141049622
75225,0.001356390945932093
97415,0.00039252275163996904
93067,0.000011790465625305935
53151,0.0000255344598635616
22932,0.00027307405256301367
34293,0.00009403460514188623
60067,0.00023312114265204123
55120,0.00017829034915322654
60640,0.00007705292294426326
02151,0.000020660269917646565
91108,0.0007234142615200501
37934,0.000008048157300113732
73010,0.000009044163914195648
85258,0.0017224863937484159
98503,0.00014881345119057806
02532,0.000007777741394594773
55364,0.0001255598024261853
96743,0.00010865300560052821
60404,0.00001023831763271175
08527,0.00007133399720826402
78730,0.00014616601767433686
50023,0.00010759391386213292
93274,0.0008035281856805224
87124,0.0001928476909018
94530,0.000018834862071125873
96714,0.00009600789596752897
37205,0.0000937343486416453
95205,0.00001349646106739349
60453,0.000030110961783343534
30269,0.00019237118578298396
11756,0.00006752554360018558
96080,0.00022549295432471722
60030,0.0001352121432464833
77056,0.0005433748607029512
92091,0.0003848475338482123
60617,0.00003329078024429825
91214,0.002319433153026376
92122,0.0020348156217496302
87547,0.00002016053517251641
93030,0.00023289628608862405
80498,0.00010486280805190932
83712,0.00003162250379500817
89120,0.0002784755895886625
80424,0.0000824918438044697
80203,0.00023020191954479746
22203,0.0002186954851390292
30040,0.00016094946603654802
92040,0.0007170913747318845
23454,0.0005188752729078037
95123,0.0003308121817348466
03079,0.000012388454577769999
97520,0.00012205547247030489
84087,0.00006050794375187863
22546,0.000010609639895926312
80908,0.00008644089359872496
68028,0.000015951540071969737
80125,0.0011949188645599502
76262,0.0014206457140591552
53220,0.0000049778831575568
90020,0.00067747566896902
37801,0.00001914119570594303
33132,0.00009806197184138247
85262,0.0008960081785490406
96779,0.00007100937639688336
95367,0.000015190820809696936
29605,0.0000526669089346188
12118,0.000012740339445365728
60098,0.000010049912162932208
95672,0.000032538105212103616
37055,0.00002326183774553735
55744,0.000008908782345818339
89134,0.003794286666257927
83706,0.0004606974606793521
84042,0.0002999013371395057
97035,0.003399115916480481
94303,0.0003668146036043037
93906,0.00004775100751468285
40165,0.0000664561015890864
57103,0.00006692577951222781
54235,0.000008145389801638929
94598,0.00015077497085804243
78154,0.000013023592660819074
32771,0.00007133940488236384
66211,0.0002531892910110874
92372,0.0000653881202187077
98801,0.00003618617067277648
23669,0.000027086173521190687
95436,0.00003798065735032482
60447,0.00006126561752377047
37211,0.00008195735572860708
72023,0.000036319596975418666
90034,0.00108712650498851
32034,0.0001606126598557417
94549,0.000946659597160031
11793,0.00004257474343411064
29036,0.000012663317182618778
60525,0.00005981978240038832
60302,0.000042813519350502625
92210,0.0023406884454895433
85379,0.00020565410417605154
79124,0.00011182525786118598
29455,0.000029378488669807966
91362,0.005094633249695714
27615,0.00035392497536080567
85032,0.0003645774491568734
58078,0.000018368497324025438
80813,0.000027294382798301524
84093,0.00030607526136575136
94602,0.0005707716627266528
94025,0.0013429689618226451
71111,0.0001226151931431836
90230,0.0006592021112295928
78232,0.00013507852203556962
59602,0.0001580922409370447
94065,0.00007899359990774439
49707,0.00000832146952815082
89119,0.0006232685995416012
68510,0.000002694237725453293
60106,0.0001551336364124322
12189,0.000001917865685983045
91505,0.0006345302041223883
29651,0.000017543369736294744
60565,0.0000900289737565962
74012,0.000024272702120180512
55422,0.00012115118746560393
96791,0.00007691045255295097
58554,0.000024622398235499985
85339,0.00009940702953707463
94947,0.0000977170810603741
94509,0.00007488585934918441
59808,0.00008524529020296096
17036,0.00002162862267842813
73013,0.000037206466238977685
79109,0.00003703712311485434
95838,0.0001532795749078506
96740,0.0001769567330155
95476,0.0003196288930631055
80013,0.0001994426627441103
94564,0.0001170626474851001
80634,0.000028355125350414106
21502,0.0000027793602278873774
54913,0.000037334131875703654
90019,0.0005394461222301966
78114,0.000031659773620621594
53219,0.000019597913425321406
40361,0.000007908677476837995
94107,0.00020263441657065575
85737,0.0005261381436742642
24401,0.000017451988051919957
86401,0.00006662809594762013
33467,0.0001293174894849317
45601,0.000016272200053175387
37015,0.000018578429862359125
77002,0.00016417100852700496
60643,0.000033139428326324206
95632,0.0001168996469625787
55123,0.00012711007575208838
56215,0.000014710905250098553
58501,0.000023150152944557108
85263,0.000058843768871073904
23185,0.00006321673707378573
33133,0.000047759718283828556
06074,0.000022690467303329467
98584,0.00004457442841163485
95366,0.00010054808315036588
23139,0.00001454792714709657
81611,0.000592126479504564
96778,0.000023692271320125847
77459,0.000603654037892247
80124,0.0004337149018014506
53406,0.000006205045546021757
53221,0.000016948619179282517
78023,0.000032827722779849436
32903,0.00019309632234842404
80547,0.00003608049400564701
94030,0.00023055030957489707
97306,0.00010360234528378912
97209,0.0004742826205126969
35209,0.00022804444743301842
80909,0.00010519105977433246
59758,0.00008576308607606927
19067,0.00011038622073571429
90265,0.002492551974477279
85027,0.0011328315806944651
30041,0.00046758091547409914
91377,0.0016084471267277518
85128,0.000023346176305747297
55014,0.00009779932653890344
37122,0.0007688653730196623
95122,0.00005061477326547566
23455,0.00027096347657408194
84057,0.00008924834774577106
99603,0.000007152779397397536
49783,0.000005115545741532233
75454,0.00009983334581898418
17345,0.000011865495890032458
80202,0.0009898940280407156
89706,0.00003803619146948561
22202,0.0003745196267872045
83713,0.0001116230152456452
89121,0.00019983290045748233
82601,0.00000908028693287576
60616,0.00017510187628116435
37040,0.000009395509958955993
77057,0.00024500484737986176
60031,0.000022749094840338042
95667,0.00015791971324740798
92123,0.0005908060909721233
33432,0.0002697668848166514
98136,0.00021859768142575117
60452,0.000007829493040761698
37204,0.00029356818623197674
95204,0.000057954191938891296
27526,0.000028166087161069877
85301,0.00007338072190487399
78669,0.0002820775093169082
54220,0.00003445879840150792
94531,0.00011071500328843666
99801,0.000041549541496942546
94539,0.00023147148913404094
59937,0.00033799580565171326
17109,0.00003642919811462351
94585,0.00010258053193872715
93555,0.0004946004378554137
92260,0.004051677961528777
37865,0.000011418997016325508
55386,0.00016092380739869607
85206,0.0002483318024038004
24083,0.000017420933362972918
30024,0.0005053073891181587
33312,0.0000578763304880141
96818,0.000023401230395809325
85042,0.00030336725600328186
56560,0.0000582998999665269
82609,0.000006580818060361595
80305,0.00016090924505532877
89129,0.0006205162309954183
32966,0.00004728180440873874
93711,0.00325602173196996
49684,0.0002261544734787772
95602,0.00026766194839331086
55113,0.00007040684962197346
16415,0.000021889042659347968
85120,0.0001112638788068924
29909,0.00010408571226693238
27608,0.00010999369877526808
22901,0.00005025791808462113
84032,0.0006892606174014603
32804,0.000127142268711526
89144,0.0007830039758622507
54729,0.00003950806854249411
17408,0.000001886665000113612
78703,0.0002852464230253855
93210,0.000019110861175244466
78124,0.000027063932999043067
99205,0.00003033098454988504
90029,0.00018919747912456337
75052,0.00007224396282732803
97045,0.0003754719375062698
28036,0.00013611784554181926
80023,0.004261255168063721
77379,0.0006108573837118515
85364,0.00014127264304558885
99611,0.000002965306097150139
93023,0.0003995625001270983
78218,0.000009906876236085483
84045,0.00022892986306312862
21701,0.000043245280455236735
28205,0.00008972719586309902
80538,0.00008630097039466856
80210,0.00019471049576954405
38866,0.0000072062399999032315
77662,0.000009259806755289444
29483,0.00010319696038175278
33308,0.0008553394756461202
12010,0.000040772565483578856
92131,0.0016093577311154259
91207,0.0005638951496653551
55408,0.00003401546589728182
96707,0.00006707774353867225
30813,0.0000725373647584598
60440,0.000016663141369595676
08822,0.00016982445326431644
72761,0.00003272329795304369
66216,0.00001103724712367487
75025,0.00026149433600406634
93901,0.00033247801971309393
94523,0.0003677969280248424
57104,0.00003956742200267078
05478,0.00003992761830114794
60491,0.00003609191998331374
06066,0.00003825463037192781
20874,0.000011680544895469605
74055,0.000008587479424303724
08226,0.00013394892505870547
19382,0.00047723783510747513
07753,0.00016646706045741455
31522,0.00003870342035538759
21044,0.00006732533058996249
84094,0.00014980406705661419
94605,0.0005031334973918497
94022,0.0019765453111536785
98661,0.00007525833517555893
27612,0.00014607852383121197
86303,0.0005610870394750913
85035,0.000006959627802114575
95130,0.00010273011778019274
55109,0.00004135215337405303
95618,0.0004721861318768079
99835,0.000008138433609546085
54313,0.000022293626963758313
94402,0.0004216904089733469
93561,0.0008063244362250597
46032,0.0003936411049949578
96795,0.000044163843991309055
64113,0.00012735382210316167
95337,0.00010033207513031714
96001,0.00032632542191329356
55426,0.00002649639848282717
29072,0.00005904282086390442
60561,0.00004527901128487084
27954,0.00004303092119203394
85381,0.0001659377577544021
91326,0.0014750645504146304
45140,0.00004166473588462012
91501,0.0011541463839837198
98005,0.0036452401919519766
23223,0.0006920514688268278
60102,0.000015354076488780017
76179,0.000864851910759603
40207,0.00009709327923114396
80516,0.00014798992008225757
89012,0.002702972614768305
47802,0.00004962936298816775
94061,0.0017071794037448022
71115,0.000024035183212286375
60060,0.000023103630935569766
55127,0.0002376560398446851
60647,0.0004359733811842813
77006,0.000172573587075638
84109,0.000744493005335806
93060,0.00025430232769063627
94103,0.00014648397735410863
78737,0.0000943785141377382
19438,0.000012058696746218618
32789,0.0001234452167711701
22630,0.000025873314664283593
94560,0.00006895814497672675
80017,0.00004495386278712171
96744,0.00005879210661010322
98290,0.00010790925019039194
95472,0.00020070221161130875
82414,0.000020744377595754746
92285,0.000016381078897481645
73118,0.000005424598879922304
68102,0.00003202696405067176
76247,0.00024692746936499276
93514,0.000047669785080922696
78108,0.0000705209211012568
99501,0.00002372658314881717
90005,0.0002312907384969892
78620,0.00031960490376922176
55912,0.000007721442299744672
92392,0.001890913642478993
60514,0.0000397267572154274
98387,0.0000249413810806095
12866,0.00014774089635197495
92065,0.0006378189721935605
98070,0.00008305743647955004
30642,0.0005875210937606385
12144,0.000004958497955950831
85003,0.00014442654843776882
01550,0.000010437778735309952
29464,0.00007264910005129143
08054,0.00006798485786594922
62353,0.00004972555039757458
32927,0.00002989513329156477
94014,0.00013541499603232212
84111,0.00004002965616174069
66106,0.00001929624153005878
60015,0.00004274878161236738
20002,0.00013454225432579887
06810,0.000026211452821114197
37064,0.0018716543202033922
70737,0.00001175197927704163
98112,0.0011563626632641467
85746,0.0000976628192787385
12601,0.000011182327040533713
92107,0.0009624333162155697
93015,0.000058667755415742166
53704,0.000011426408970362584
90290,0.0004890294240031079
22401,0.000016908666826174124
80401,0.0002114535708082091
83638,0.0003366684153689896
53090,0.000012556234646306303
80226,0.000050169115254620863
90068,0.0008643399222880464
32068,0.000011048256830213577
75013,0.0002493692281737078
94515,0.0000449371834949744
85296,0.0007087870059534521
95407,0.00001985518907446748
95220,0.00003706060956531441
37849,0.000001901818420609862
95946,0.00003611691203693396
27502,0.0000989562570706263
30004,0.0006163450688072088
92004,0.00005692261736938853
98011,0.00010113028668692655
89109,0.00034892230552791394
83634,0.0000638336537583401
87002,0.00000732358759454156
90064,0.0007232591848091512
78641,0.0002556491138746081
94957,0.00008143928893857676
97008,0.00031558864833610827
57719,0.000015502538658533862
17601,0.00009971293918827625
76226,0.00029724647674365517
94519,0.000059229071907670124
07090,0.00020560102059117492
55432,0.000023525258437452326
15425,0.00011929620882081245
85395,0.00023849579926357327
92240,0.00069153573199799
85226,0.0006225261923520662
80003,0.00012119212830869043
94574,0.0001735816065049881
10128,0.00036304782708871845
53209,0.000011522900400097211
93230,0.00022383170618515397
78723,0.00010175697432562969
10027,0.00016850054380560615
95828,0.00012317248576605648
12203,0.00001440004514924377
85344,0.00038060039227788003
29690,0.00003191877376966045
58201,0.00004540872633620281
73003,0.000038351394413788934
79119,0.00004523377796359761
98284,0.00001666332084984397
60417,0.00000657786752599091
12047,0.000020846250057510563
18052,0.000007427288536339742
60074,0.000011157564436557953
94117,0.0004968279244268266
97221,0.000053903574305675894
80247,0.00007165486857366646
53142,0.00003820464207539942
80921,0.000809965939063451
37774,0.000015801084081794285
01844,0.00005186530119114359
18104,0.000058665380047080376
91306,0.0009179570273559279
60091,0.0001402540991212828
02780,0.00001576115692359563
93705,0.000020716996173336362
31705,0.000004298373320763434
50322,0.000013320959465216036
22485,0.000008523986024996407
59729,0.00005810383934123753
80439,0.0002576329952871601
94041,0.00010010921798877114
89032,0.00016642119777880994
94591,0.00011699342053443935
53578,0.000006569663026807457
75703,0.00018817131629624337
89451,0.0014890904379661015
55406,0.00024341113351909513
67205,0.00009706841710976239
85212,0.0006725851887890319
20817,0.0000782523802551828
77494,0.0007358482155298395
80138,0.00016554614787324563
83301,0.0000876570134623066
78717,0.000047526076767489974
54937,0.000010724799574050502
10013,0.00017626610787252939
78130,0.00014602224972515133
91607,0.0014518925465711804
33607,0.00108061680228236
86046,0.00007815937684870226
91020,0.0003943242843749119
33708,0.00014541177862852808
55343,0.0002725953159676436
96143,0.00001534870820862365
18944,0.00006269249563215658
60423,0.00022570738366558765
02332,0.000023865869593548864
85713,0.00004915795562752591
95616,0.0006054498645391452
85087,0.00002361157682707147
91902,0.00041205614257571973
97215,0.00006099577491662203
94123,0.0006989694936510577
94704,0.0002055390901262721
31768,0.000003585229206709542
84601,0.00013426861469209602
84129,0.00008402572601501682
79763,0.000003150444784893087
33146,0.00012002425606691733
92270,0.004127049556145119
77304,0.00006987491651183735
83440,0.000049939128824572806
75093,0.0006847985331103305
03820,0.000029902703978083783
93545,0.0001427333688780385
94595,0.00013784819108024772
76052,0.00033250174519269625
89139,0.0005241325121613515
90210,0.0023939299968567585
32210,0.0000175602136727612
78212,0.00008679473322161206
91302,0.0038992228782201667
33496,0.0006426561606573592
60126,0.00021356040705603965
53172,0.00000823830599446043
04103,0.000021915206130249767
83669,0.0002407073239912827
94028,0.00016729439177884327
38801,0.000006118378745421447
97211,0.00015631236888014757
94127,0.00012447262148696615
75206,0.0005379354750956908
95035,0.00018265115571052342
60044,0.000007888926119698606
85083,0.0004650119100584685
37186,0.00001655835283374949
18062,0.00007009390317661059
52748,0.00001680920503071815
52060,0.000012834612596767956
18940,0.00007666290394313423
77441,0.00038899216407791624
55347,0.0001821411659814597
37917,0.000004053252352404186
98208,0.000053343403528507566
52403,0.00014048545029669013
30312,0.00009378159134076955
91024,0.0007616185133157424
85374,0.00020996042595760272
95818,0.0002759724930163038
93427,0.00018109800676837238
10017,0.0003377804315543811
22180,0.0004430941672166035
90039,0.0008996636497515494
53511,0.00000782810285314885
94805,0.000004996583179161808
94544,0.00030286924857066746
22033,0.00016256162009446775
28601,0.000031532591968802755
80033,0.00004566305656797205
91605,0.0003750336570069957
52405,0.00007473211080546685
92314,0.0007199893775678925
20878,0.00011080623418145664
96766,0.000029903684442989723
29715,0.00006110447220028421
02330,0.00001021683788050977
99587,0.000010882202994057106
94542,0.00017852744944831658
36542,0.00003163816729522546
94803,0.00017337107388817308
87059,0.000015622517806250155
93309,0.0004188775919521558
10011,0.0009068261359208354
78132,0.00034017699246235316
94609,0.0001237997783390879
84098,0.0043830156102076506
97217,0.0002616062482204487
94121,0.00030351030443383166
28443,0.0002663552258301146
94706,0.00003335967581680041
66614,0.000058001814344050576
80917,0.00006105738243351934
33441,0.00022371517937267522
77098,0.00007098257628476293
85711,0.00019640386834446176
55105,0.0008257183274716433
95614,0.00004174384005482533
60042,0.000008892532353034907
85085,0.0005553673563578911
77024,0.00023170051019964568
95033,0.00015755697013070883
19014,0.00001981313649965128
84049,0.00046166510766396335
89183,0.00023254157038963606
80487,0.0005939789410418355
84761,0.000012258447121240476
28209,0.00005095132576108952
94043,0.00010022207810861122
80534,0.000051476050987724086
89030,0.0000594992212692476
81201,0.00004390224910423366
60608,0.000012862593668877563
95776,0.000030342008102510926
33304,0.00005145343710999524
91304,0.000893530804172404
60093,0.00018276811411469513
85054,0.0003198233180795774
98027,0.00028746512149980293
60543,0.00002992971816368554
64082,0.00007760513318482626
70808,0.000026880695795134698
79765,0.000006251350772122027
33140,0.0002911553230267432
92276,0.00044152100424896663
85210,0.000244732254827881
20815,0.0005778909723960346
93543,0.00008256532523972292
47725,0.000023318672729657248
76210,0.0002815195588934864
75126,0.0004014452818857686
57108,0.00006355179846772107
95112,0.00008116163015973444
55024,0.00012096594763402731
85118,0.00018485014259072159
92071,0.0007158516710646594
85017,0.00004318423887983592
86409,0.0003231639028611951
78257,0.00005065324073854887
84105,0.00016603409822570883
28562,0.0007575580891747941
97239,0.00011423589775414256
53211,0.000010960274815571788
78634,0.0002840518677715137
99515,0.00002364952469302375
89410,0.00009460240816353178
75165,0.000051796548501945025
68116,0.000045501851074285506
03303,0.00007184578849216056
81621,0.00004385553560186526
96748,0.000012388129863401239
95356,0.00015383210611156494
92386,0.00034016269742747013
55447,0.0001306425543294357
12533,0.0000032114967119586657
91103,0.0009313129074740994
55906,0.00002429592635230653
85253,0.0029649241118767863
93923,0.0015329444369939222
57701,0.00003542041579205997
75007,0.00035812690528697153
83340,0.0010932752523069218
94501,0.0006639399341621701
84404,0.00020329400069670322
93245,0.0001086923306445534
85331,0.0009905035099267323
27516,0.0002173991508628296
67501,0.000009265589726656
96725,0.00002420299060037084
85282,0.0005683431102290929
34102,0.0015208058808095677
06095,0.000012519376639381292
60462,0.000025702360462782767
91402,0.000190741043477128
92113,0.00012325060399453146
46375,0.000029408183615544942
02038,0.00004578171088711479
20016,0.0004971476564063743
23320,0.00006164777286034636
95070,0.0008528424500068939
95758,0.0012937203474689331
81507,0.00011920632226554205
60626,0.00004187654852499606
75243,0.00016298783029194963
80232,0.00001999776085539476
93001,0.0007234164507165621
93626,0.00008953568498296849
03878,0.000004866444530992127
99508,0.000022101588918650724
10022,0.0002749629223750558
93953,0.00021353799282982977
75077,0.00014398908176916142
80109,0.0002212858773728535
89502,0.00009967243063889194
94571,0.000024726417233476684
55372,0.00031162236790505435
23114,0.00002056427529885085
98332,0.00018605349128227773
91011,0.0025994416525910507
30327,0.00029854614536833126
12309,0.000014416907371095161
37922,0.00002506906807730896
02760,0.00001817595767117832
87506,0.00014510150792333644
53147,0.000039265400241133175
80924,0.00038867856113266095
93656,0.00006298471527582999
80465,0.0001735853344108912
94112,0.0005614707515200377
97224,0.0003467190564877794
07869,0.00017772275437374793
86351,0.00009142722969005687
11216,0.000404841458670285
46901,0.000011676183389953564
74464,0.00014411003372562646
03038,0.000022170368548641667
68505,0.00002935896892206431
94070,0.00040330798562663575
90402,0.0012949321894306753
19128,0.00003427263414988281
32225,0.00022988855542555644
59718,0.0006001874094937598
54302,0.000002593111160910165
89460,0.00031685124396543297
59912,0.000031794298219086945
07701,0.00013137165789506994
72076,0.000027137482319068942
78644,0.00008805914813709735
87108,0.0000115481051436041
94952,0.00012541340705959
98250,0.00002130084532122806
96738,0.00013281533792777953
95326,0.000013007738976640992
55437,0.00001054758651169785
85390,0.00019800342910919385
95501,0.00034195571313272346
78259,0.0000408228676867346
53154,0.000011042424759408055
84004,0.00037309581574219297
75220,0.0002734631983091011
84790,0.0007772974901153371
60062,0.00013257737026365883
95634,0.00006135072940817047
55125,0.00015440015213660153
95688,0.00016175720670679437
95358,0.000053187645515312404
55449,0.000262074957470541
96746,0.0000598771729373056
98292,0.00021847855157553964
18966,0.000049838326115337805
96161,0.00022322221595102542
37931,0.000006576933881728794
11704,0.000020731397003846754
78735,0.00037319154323474434
19312,0.00010575345884864066
93401,0.000684009490339685
54915,0.000028483321149335103
93940,0.0014669357306130758
43215,0.000045010005078522534
62002,0.00001327516695371209
89511,0.0011130215167441653
80015,0.00022866658033873834
92256,0.00015383594847975267
33160,0.00043329039265014576
12550,0.0000034670736431352174
34698,0.00005487231177560163
96797,0.00015143324743548996
92359,0.00013212913868401385
74014,0.000048430777881054243
96003,0.0002395798411015217
55424,0.00011448183648026619
60563,0.00009652057986430617
85383,0.0013486577996286208
52806,0.000007003387912329605
75009,0.0003483745653061213
54311,0.00004451717788394399
07086,0.0001070193099640079
59901,0.0006080957058131693
78758,0.00002330819918159893
07712,0.00003733582669352196
78070,0.00002220451687136645
94941,0.0006076661678847882
26505,0.0000910309619823989
78657,0.000023730524610021922
68516,0.00012785420736199221
53185,0.000010001230582230216
54155,0.000009162642399148202
40205,0.000010089990672435844
94063,0.00013615290410895397
93727,0.00017726088805455968
13021,0.00001893980931770429
84741,0.00007330307055988385
78413,0.00006681160797425922
33324,0.0001772647858601384
91324,0.0002763067347167063
85653,0.0006694164798739888
98108,0.0001732810337502574
11205,0.00135038890199795
20117,0.00011048902769913111
23221,0.0003263388671229851
86336,0.0005728992285555819
95691,0.00005333153401815213
33478,0.00017853203140171217
91350,0.0015062322965470093
30066,0.00004279963151760851
29926,0.0001777953931815153
60174,0.00001968064545997754
95722,0.00010054074359647921
94118,0.0014863217768771014
25403,0.0000129982981092115
53042,0.00001535375548802694
78240,0.000015980069086453893
76244,0.0002486896655736644
44906,0.000020156753412617018
99502,0.00003052247177601323
90006,0.0001392519165813829
10028,0.00023321468078208512
92405,0.00024772955833781
12303,0.000020804736912229313
95928,0.00031927497416172804
95827,0.00022703388358849314
55378,0.000027573546520303078
95341,0.000026988549266336403
77356,0.00018544487110596999
66223,0.00018347953482273938
78741,0.000048028633814991886
32164,0.000033809393103132735
75010,0.00015183239254661852
97007,0.00009461580638093871
95223,0.00004837022301888213
06082,0.00000870855531551122
95404,0.00019682212345592642
96732,0.00008373827252492896
85295,0.0018306305533633302
33076,0.0001500409147315599
85501,0.000158317219084459
95945,0.0002319033079008768
08817,0.00016930941451869365
85326,0.0001887127521319551
37067,0.0012677235668239076
98685,0.00013971975181288322
46804,0.00006386099054588559
91381,0.0009714349374498056
23238,0.00003109392329286799
60631,0.00017876841961262546
95640,0.000023854765617654512
15146,0.000051136675854029364
77657,0.000017717303674040883
82001,0.00018153442682161897
20001,0.00018182501086480703
92104,0.002026537611464201
85745,0.0006313147394307651
66067,0.000040951569907901065
84070,0.00003496838584001414
93631,0.00005929464448735889
83687,0.0002547057632129538
89106,0.00005081677275292821
07901,0.000053402289510613116
35243,0.00072649677528922
90293,0.0007362633524386679
19006,0.00002576874496738994
80526,0.00017100526991751724
80301,0.0000769236399757468
23434,0.00012066192751788631
34275,0.0001463736504552428
11237,0.00006934632059081074
91316,0.00135112287888873
33316,0.00006149380855166784
92020,0.0007938611307915079
58103,0.00012941742045104095
37208,0.0003484059532817364
15401,0.000009302065088324987
95307,0.00014692665482590248
55416,0.0002660036927383874
85202,0.00009387748373554531
98271,0.00006555886242777206
92264,0.001058653256895599
78665,0.00007149044597618814
75087,0.000028179505281072414
66208,0.00016828124171379584
93551,0.0010707478634745362
04416,0.000005446975792542512
89441,0.00008395443870923718
30306,0.00009462720822027703
91030,0.0010538076621521375
51106,0.000030433409957686692
95442,0.0000807487383754024
80027,0.00017046162330495188
89523,0.0006561569103436131
94550,0.00048777345179268377
75056,0.0006119141059185978
80128,0.00012505708886449617
87144,0.00026460011579779717
72712,0.00009752545241535985
50014,0.00006962969845565917
10003,0.00005527820547890975
93433,0.00010431893922475693
99201,0.0005341186150573088
71203,0.000008831620723667391
19320,0.00002616929429107561
28451,0.000010950523925769011
94133,0.00020131158334359202
84036,0.00031938509380650655
32541,0.000056839040055225
94080,0.00045240457453645894
11572,0.000058487709579982084
27703,0.0008115741368398877
98058,0.000054455179124141565
46324,0.000007713621055323546
20148,0.00011979387390751798
33912,0.0003463326445073561
55117,0.000049567869482663516
60050,0.000059179761133906455
94513,0.0007135317258296015
87107,0.000060231759267539466
32746,0.00008308613702660898
78163,0.00009793504348811943
93257,0.00012584568319910775
78744,0.00009230318084420327
53546,0.0000031568531689556935
77382,0.001934700095575945
73064,0.00001421089188412177
30345,0.00007008980757762196
92345,0.0024211656092342163
85323,0.00022082265156375363
56601,0.00010216416292393601
34110,0.0008098977554275237
34638,0.000042607275079347146
95401,0.00004583615190584361
74008,0.000005441964097299762
55438,0.001010087659221543
30101,0.0001783057875412798
92101,0.004770505005271419
33410,0.00017819073521733883
12020,0.00000799244837099874
95062,0.0006090901119250978
91384,0.0008241983244422192
60634,0.000022860931650178047
88011,0.00005161722735550006
15143,0.00020776411086336695
60013,0.00005998058846642543
80220,0.0001632671049248066
28412,0.000033430815057733345
22508,0.000027250024118525744
17268,0.000010582080311927256
22407,0.000037940839362644994
89103,0.0008070818411209268
84075,0.00039767835199474856
66062,0.0000757262960492278
78228,0.000049122949323593736
93013,0.0001112122421714771
77018,0.00010379077660083826
95628,0.0014547032769385026
91355,0.0016855649013914327
78245,0.000048825766085953274
84117,0.0008744814922718604
54703,0.00011845160746385371
89061,0.00007529404409977848
99507,0.00003973262891635152
32003,0.000014246814395332266
78626,0.000042039805110900686
94930,0.00032302130496908037
19426,0.00019407140868242347
78729,0.00023928924596413554
44903,0.0000023614926210019554
71291,0.000011122636809913174
53597,0.000042682166811428686
68104,0.000008623467868342422
49534,0.00006525593083562213
21230,0.0005054015072083048
75078,0.0006632801925608843
34655,0.00007024851600596044
95991,0.00013654918589514771
92394,0.0006058771764288798
30328,0.0000669181242164048
98232,0.00004197328569824747
95822,0.0001216455921850148
92227,0.00012864019153591635
88005,0.0001739639886744335
81501,0.000025398444287610692
91945,0.00020543995863124957
95076,0.0005715446047367856
23229,0.00012108161457048019
91390,0.0009016815500195604
20010,0.00019914516432578564
37179,0.0001813460314367597
46373,0.00005168477460258351
96826,0.00003115981138080575
92115,0.0006258022190267382
30115,0.00011155704305986063
72501,0.0000034994689140850123
13126,0.00010623986035059252
93108,0.0006537532356754923
53716,0.000026467193084754297
35475,0.00020018540040327975
80234,0.00007493403869097708
89117,0.0011901256269995233
94949,0.0006995932444448795
87113,0.00030783981334008264
03901,0.000008417011294567508
78750,0.000012202743030950611
94507,0.0008932556779647941
75001,0.0004335799162284149
85284,0.00026904862161820616
08360,0.00002512071489345107
55304,0.00015099068082386282
33067,0.00005033338117124045
86001,0.0005535280474514073
46038,0.00003638944320537498
53583,0.000006955033753568716
93292,0.00017330598065960754
89519,0.0002702622278248389
80112,0.00018982951943539086
17055,0.000025282574675472373
90017,0.0005226854998709204
78015,0.00005618591528035914
53217,0.00002982083500260285
38002,0.00017098201751350605
98226,0.00008978646956279363
39110,0.00006566133261084705
79107,0.0000838546399855511
20850,0.0002330273340024741
85255,0.003946940550017826
91105,0.001331617416382294
73112,0.00009462150269680812
95350,0.0002935400162291062
55441,0.00003055639484807086
55369,0.00008592572557006264
60506,0.00001344765366788704
85739,0.00019063407975631005
86327,0.00006329665692855338
33469,0.0003560337785588191
33928,0.00013271328164475284
29579,0.00005799123525275729
83647,0.000053969422068935965
97330,0.000026994812605366774
94109,0.0005034019002686531
54130,0.00000650381159371735
84103,0.0003459796928492295
78251,0.000010911652044232575
21202,0.00013086101734161102
80134,0.0008244357450347766
68136,0.000015565135181865177
62704,0.00006961728067662838
19380,0.00017535447995557112
90031,0.00013008451193223755
93307,0.0004519876209784509
02382,0.000004595951965373091
33704,0.0001692911068257766
64152,0.00016674892389209603
95376,0.00015335795430935698
77449,0.00006128219038457021
81601,0.0000797609099195024
96768,0.0000680378125625743
77546,0.00011915121046660714
85138,0.0010344450568210487
91367,0.0019116719878474208
86429,0.0001984656041866437
86301,0.0005101476250811563
85037,0.00005591378696552345
95132,0.00021325008878032785
97219,0.00035708360744440127
84096,0.00021777778960604466
94607,0.0002482535735515348
94708,0.0001618932945457466
80919,0.00033854779112107
28803,0.0000907374644770192
60021,0.000018098481331742576
95677,0.00022202298833389242
60606,0.000275498352405632
30080,0.000058213780538718884
95050,0.0002748173883764722
98126,0.000052380553999693976
98029,0.00013748359681834454
91205,0.001343911352245456
93021,0.0015112328935725924
59102,0.0001513350298794035
84660,0.00018143337449820623
53018,0.00008317001503564376
59725,0.0000051518510842867365
32218,0.000015123098517452497
84047,0.00021477883968458754
80435,0.00006191710727854372
83703,0.00006508492277807058
89131,0.0009090917830010787
40324,0.0000058085935236702064
80212,0.00006512106778083891
93265,0.00009867463439984197
93442,0.00011814879054282929
54956,0.000010765733924135544
94306,0.0003283620158754921
94521,0.00023899612446285986
17111,0.00001781267452239178
57106,0.00002183964719614407
81144,0.000005059971034816967
60442,0.00003328017901908594
74135,0.00023547364996178417
08820,0.0002460609077932058
98335,0.0010199729229106059
06776,0.0000558319687851608
58203,0.000010190959702118979
11710,0.00007526586142299639
85249,0.000765160337087547
92320,0.00035385929517512413
98512,0.00028813857010809253
23113,0.000011927492353790997
75070,0.0000876456511125286
10025,0.00017790133806580054
89166,0.0006940190682321737
94115,0.00038773242870019075
97223,0.0002481586592734869
76102,0.0004659650553949494
97404,0.00006553515668448523
87501,0.00010787030216179204
84010,0.0007149737531035234
84738,0.0003186889984639984
55082,0.00016131965703644255
95620,0.0001080960099060884
15701,0.000006757898401478253
56308,0.000006825960984070302
90405,0.0018090959978588198
53022,0.000007462881980038752
19020,0.00006404536780824117
68502,0.00002165973896231256
80228,0.00011524764117873917
23235,0.000059228148651603514
29407,0.000016630732184184456
95742,0.00022661661138189028
33418,0.0002241701835501561
92109,0.004310633277612278
85748,0.00031625715967879527
11211,0.0007640619996086968
55318,0.000061000220202319214
95409,0.000113231868589999
85298,0.0007946231538976581
77511,0.00004167935135201655
06033,0.00001938477229074182
06614,0.00004847398410335791
85224,0.0005476660540828783
78064,0.0002366863540818496
47711,0.0000036695220307891813
38654,0.00009122271268451485
90066,0.0013430880604945717
57033,0.00003260110126321018
17603,0.000023182444284189183
19047,0.00009752955560799942
90245,0.0006949128747814824
07302,0.00033233895423142576
78247,0.00005679138339578446
19148,0.000031920240804039794
84115,0.00013849697837151856
94010,0.0007947522169051501
54701,0.00011445649579339597
97501,0.0002099482946187593
97229,0.0008185983959011078
76108,0.00005785697288911624
02045,0.0000053981164671737525
67010,0.00001042849272900277
85007,0.00010206643870941017
98074,0.0005938654031770426
98383,0.000013885457518542684
77479,0.000605144219750281
60510,0.00006665878678189636
95993,0.00034031944704752
81631,0.00006155795014461631
77351,0.0003211457395196454
98230,0.0000889244658111845
95820,0.0001921008198922577
37820,0.0000031461684800536054
78624,0.0002559665346851832
93510,0.00010360290111600754
68106,0.00002190903777728339
80104,0.00024106993394796235
77380,0.00031940265499189085
96789,0.00003968398897945665
27948,0.000005504623454527736
95403,0.0005513288715889705
22066,0.00010334658021376407
83350,0.00012469102672487155
93933,0.0005030373848914048
87105,0.00008652766975019734
66224,0.000011052408523537176
84414,0.000340376986288615
32163,0.00003223937500857722
78746,0.00027127864575384684
80222,0.00018626205117827117
22405,0.00001008425660380104
89101,0.0007555819527311875
93636,0.0001971822520510237
99004,0.00003110421308176772
59715,0.0005450866855193597
50211,0.00009672463927838159
99623,0.000006866557548737325
19125,0.00002271735922269207
92103,0.0016466218436119188
85742,0.0006314002765792197
98116,0.0004898268137842756
98682,0.002038501150760032
95060,0.0005839457799760691
02127,0.00008392053193354933
86005,0.0004883338577785947
64012,0.00002703342584493896
27514,0.0008798490972648295
77406,0.00019708370651646807
55428,0.00005224407987448082
98826,0.0000464115999823946
59802,0.000045762134034339766
94503,0.0004052590732895668
07036,0.00003144354780812973
93247,0.0000291050654455408
93460,0.00018985705284563705
53189,0.0000038076281331113883
89113,0.001237343856802683
10580,0.0004947348463651659
61111,0.00009905678585516794
80230,0.00015988256529827198
93003,0.0017078481891701252
84065,0.0002699562401102475
99016,0.0000319238555218075
98104,0.000547204706632662
92111,0.0006746745788622089
85750,0.002436327107417459
96822,0.0000547927544194126
23322,0.000030098622473092926
37072,0.00006900403341196915
02135,0.00002692882880254031
81505,0.0001114586940492119
91941,0.000776291477648183
78255,0.00029372499609088624
84107,0.0003570049971621053
32257,0.000020544347925674296
53158,0.000003604974558619905
84720,0.0002891495668568108
94002,0.0008910753507171598
55129,0.0005596907411586121
95110,0.00008761615830844747
56537,0.00002450316778338904
20176,0.00011780258075626421
77008,0.0006775889055671571
91345,0.00023215042712655803
86323,0.00013995781318727445
85015,0.0002170567463860462
67002,0.00000872674772749307
95684,0.00008901854141202652
39350,0.0000026567639099554146
81623,0.00019885106202326123
60502,0.000008211226913153753
98391,0.00014545658853764836
91101,0.0004327598767189786
73116,0.00011817349312254309
30338,0.00016856262893991903
55904,0.000027237455026358983
85251,0.0011884003251778534
20854,0.00031633856326861127
53213,0.000013245385046869966
78739,0.00013730290174641862
03867,0.000016375682459131662
90013,0.00023923084795192642
99517,0.00001630030283102887
94920,0.0002118558140619639
62629,0.00000654906844906616
75068,0.00014850904933833532
68114,0.00006498772153665233
91502,0.00011654104785142417
98006,0.00012746707903818166
02184,0.00001548772960936628
98109,0.00034325848864137333
01867,0.0002620512179967529
91325,0.0009277093749962549
60101,0.0003641739167820707
29412,0.000044949856834865984
23220,0.00011229589174016879
60629,0.000017877566547845962
02138,0.00016396771753285035
95757,0.0001857583312297685
01301,0.000016664481530599647
95658,0.00011865849120648727
94062,0.0011293512251778165
89011,0.001741316936436803
40204,0.000041203574768712305
93101,0.0006418001992808392
93726,0.00011731374069368993
94401,0.00011316969563503254
99577,0.000034640948201824485
87015,0.00001722492760282199
78759,0.00010845906435893101
82834,0.0010379861595881145
27519,0.00006312690025118762
67401,0.0000179469018965381
77845,0.00007332797779370451
85382,0.00036800142777471557
52807,0.00001718028290162647
95334,0.000009117611543220402
96002,0.000011880368864364418
54914,0.000016550401264364342
53536,0.000006852092279644737
78734,0.00017006912003813076
80014,0.00007118284469568721
94563,0.001215720686974046
34747,0.0012609655094354363
55448,0.000024367927467879622
02536,0.000019032246330870293
29687,0.00015130751000155788
85353,0.00005632341243346819
77005,0.0009403231677117755
88061,0.00001926202560750865
02155,0.00006159605374420232
55124,0.00006549710317396719
85018,0.00175596623083476
18045,0.00006166632751761454
85730,0.00004049320179805369
86406,0.0010874776384580754
84005,0.0002552715461435923
93644,0.0001482937171173949
50263,0.00016230338802561712
78258,0.0006046738980960386
93063,0.000742750348112411
47591,0.000004514452754472955
97411,0.00010025060822655594
93905,0.000024632535854573977
66212,0.000025776712040215786
93444,0.00024733957933038375
93263,0.00004938337098974959
53572,0.00009821387788843862
92371,0.0008040151714233183
12477,0.000007798645237995311
74133,0.00004420429885478305
95212,0.00004077509988873375
98802,0.00008514687181550461
91203,0.0005402390510380175
30135,0.00033182047965996326
29588,0.00002903808771929798
86442,0.0002607043864496097
60194,0.00018638530241609915
92086,0.00003869672807272134
81521,0.00013130918221547564
82718,0.00012132549431957924
30189,0.000013595389442131678
21122,0.00004055799664750453
80214,0.00003336280933212543
80433,0.00004418712271412781
83705,0.00009152593406509181
84041,0.0017720425728341234
89084,0.00035919547174608304
33908,0.00020666760807308177
95713,0.000057624480975953295
34202,0.00008358736586087026
95134,0.000043335489417727676
98042,0.000035721341810663506
85719,0.00028501061459652784
67601,0.000010543161766378986
27616,0.00022424976585487755
37087,0.00002703974158395219
91361,0.0033745164361664724
76182,0.00009194023567275929
53073,0.000006382470289536467
84123,0.00012533550627335808
57401,0.00004792592626485869
22551,0.00002002699084997658
94601,0.0008720641400116713
75208,0.00005275567673798265
93301,0.00006176915186934692
10019,0.000341686265126626
94904,0.0001670545873737025
59405,0.000007309206673973499
62702,0.00000624717019717386
68130,0.00009851140140969065
83204,0.000009589661700224208
89436,0.00027916396073867413
80132,0.0002933202988814966
60526,0.000006410298929240983
95370,0.00018195583842676758
37919,0.0000048396662636072325
95816,0.00013597252651035625
92395,0.0010573895189218267
81632,0.0001586320817318682
73107,0.000021115107809336616
12208,0.000010191739783407438
95823,0.00003668795874809026
98233,0.000011056133192490444
07762,0.000027114262128827086
53202,0.00023489904047582056
38017,0.000342561459564691
94931,0.00006920020714411073
83858,0.00006696010632815663
54449,0.000030382612985412153
80107,0.00007828279019495139
21231,0.00011100341632882166
89403,0.00009822481469816813
68105,0.00004073568203268039
84116,0.000073620176504881
87508,0.000025902802162710876
53149,0.00001741664551916725
32246,0.000008517760258114421
89060,0.00010011839222386595
06488,0.00009098588573019332
95726,0.000022460477602594258
77019,0.0005343141465047444
30062,0.0001517983462239552
91354,0.0008058964812679516
85623,0.00005730414782337957
98077,0.00003091866786777021
95695,0.00027923559352758664
85004,0.0003476741094440281
89102,0.00019676249585506814
53097,0.0000032473803846774045
80221,0.00002119821079357794
53703,0.0000716561891784003
93012,0.001407267804810414
84653,0.0003395019548698655
19701,0.00008132034755022894
93635,0.00005105379917582067
32503,0.00010829352671217965
84074,0.0010970584969391757
33411,0.00003836226219605705
98115,0.0004716262693471945
91411,0.00026623299336511855
85741,0.00033374577078734425
11218,0.000040680749213281655
79413,0.00002789298156439856
02703,0.00003163366343356792
20005,0.00010027522565620704
91950,0.00020378857556192686
92344,0.000643434582621537
73065,0.000007898402185170558
29745,0.000017936597225532618
55439,0.000019729934966951842
55311,0.0002873849669827274
02360,0.00005137654264574303
97003,0.00035156265588896004
93930,0.000017060254027203057
83353,0.00018721398623677338
78745,0.0001394730652342439
83835,0.00016406699146349806
87106,0.00001622139637008305
95215,0.000018593613617769436
37215,0.001932711873434333
96704,0.000009726453323178049
91040,0.0004531939805716331
95973,0.00028875401161723247
85310,0.0006745943913952579
94520,0.00020586871163012785
17110,0.00001775134049175928
97031,0.00010251716201876217
75904,0.0000017389466367905072
40502,0.000034739300289807906
83702,0.00037389609295058633
89130,0.0008374126382741334
95051,0.00040797931598749056
81526,0.00006251570766788921
08724,0.000023066382824303456
55068,0.000051017273253138944
02019,0.00001149548243709325
60607,0.00003689814204194774
81301,0.00048050780365470395
91204,0.00012368828744624554
98028,0.000851105479987288
91423,0.0013522694268804426
60193,0.00011549452370002875
94709,0.00009356304587878914
89052,0.004037663359133327
94606,0.00003019938018149815
97530,0.00002778830071001893
84097,0.00020225573484186987
21047,0.00044122839852997665
80918,0.0008391833438355382
04005,0.00002070144916297116
80817,0.000060066528308878386
53074,0.000015658446552194725
84124,0.0006152629577101063
98045,0.00010294084180656971
98662,0.00002302402751159362
85139,0.000049822233583641184
29910,0.00008924942517645199
01824,0.00005253064918078753
20155,0.000026485240906678772
60142,0.000058280834292246044
98201,0.00006186537590040648
27455,0.00020835154531485562
95811,0.00010356398288147476
79707,0.000018012600115422555
29615,0.00002626704081208166
60521,0.00025611544882645453
95377,0.00012130129530270779
68137,0.00003246006025563905
22712,0.00001424245768759105
80135,0.00005716676802781532
93306,0.00036511998502817503
94903,0.0004411463979640164
33186,0.000024047517654511435
18951,0.00002069334151298693
77450,0.00016225739130012518
55356,0.00010193386502588534
98531,0.000030773818531677034
60585,0.00005362392077390725
85365,0.0002881106183394763
90028,0.0007521998460044582
93436,0.0008699265353322095
07748,0.0001350704415675264
78702,0.0001102035555784318
80022,0.00014371173002476054
94555,0.0000929379990783885
90094,0.0006960541711258466
94085,0.00007375670261400698
76092,0.000780080254488104
76706,0.00005662973007230451
89145,0.0002518183115840619
75217,0.00029948450577993457
01880,0.00031674579882172513
55112,0.000259972570201851
95603,0.00016131367930761093
46321,0.00002297675594918208
27609,0.0002014104634097828
06511,0.00005084906498724925
89027,0.00038636776516024726
89128,0.00013610242818432736
80304,0.00029755829059026725
22304,0.004188927652014408
68521,0.000006840253664045196
99705,0.000007810424115923003
93710,0.00012835963588379712
60084,0.00002618720630082658
85043,0.0003564481385252274
96819,0.000017509494529838962
60137,0.00032801753664385685
33487,0.0027844975512716502
85207,0.0006695512796675725
55387,0.000020101413003251345
98274,0.000040915634610162004
33770,0.00007599378620636641
95864,0.0004989437189819014
92549,0.00030968397306433
85308,0.0009130645552687501
77532,0.00022729174020085725
30907,0.000037972741126493714
48348,0.00015579974679661744
94538,0.0004001799477580306
97701,0.00040221848070836117
90045,0.000837344929940675
78660,0.0002678880543470545
75082,0.000177761138321509
84532,0.000029273007281017673
78148,0.000014824243560952998
19460,0.00015347107121523688
19348,0.0014235649481179038
60614,0.0004907534086181349
37042,0.000053910082585520505
77055,0.00017575283472165157
20024,0.00011745396432885508
95665,0.000006235501561390481
98087,0.00005435615096329904
85048,0.0002604519751744542
53105,0.000012121370412797026
93614,0.0000749365724303005
93033,0.00008077793071773707
87544,0.00006904921902240936
57350,0.00009227926963191523
80528,0.00026949908783433136
76048,0.0018991493853425573
40511,0.00002592489187898326
21136,0.0000999514930080077
89704,0.00003643340617307297
89123,0.0013440600385866844
28215,0.000021581091419352112
83814,0.0002907002512686054
66206,0.00012491850639758856
93277,0.0002344864619022825
07006,0.00016751711367180594
94533,0.00011265011930610242
75035,0.0001416746431925987
68046,0.00004269218165456939
02341,0.00001627101819302263
23059,0.000017741937643065938
95206,0.00018838732741613528
55418,0.00003842964605376836
96717,0.00000867237116536252
37421,0.00012155397140459608
55330,0.00011506719911135285
85303,0.00005472208617544775
98370,0.0003941441830103486
30542,0.00004317535450680079
20906,0.0003741825789805807
68124,0.0003179354250655521
22701,0.000004526901338164491
97140,0.00024238536620818234
80126,0.0004955691812339629
49855,0.00004005149109754561
58503,0.00004456224648095574
92308,0.0015456478840322858
30308,0.00021155133327174723
33131,0.0011276563089069784
77554,0.00016232423689595656
60532,0.0000739038324571663
30043,0.00006271798577706108
77084,0.00009116564305717512
55016,0.00014835837535900074
95120,0.0009217743958514085
95608,0.0008800070695491126
55119,0.00018855096376392265
17402,0.00003908212845774946
97304,0.00013017482193651125
84084,0.00003294666075257341
28278,0.00018328258855839974
53168,0.000049552601841681515
02061,0.000009292442992746139
23451,0.0007228194960684219
77619,0.000007906195729589029
95126,0.0009035731515228176
56501,0.000018018955670194316
85023,0.0003099774936925867
86315,0.0001056781091759895
19063,0.000019976170598935413
89148,0.0005778317330763028
40475,0.000014655977889480928
17404,0.000003500722403499272
97302,0.00022682755792645455
93534,0.000801821573991052
53402,0.000010500092736906937
32025,0.000006262004825479494
93313,0.0002677461487693381
90025,0.0029323465177676024
80120,0.000051752785720388704
94558,0.0003175496921262204
77375,0.00005600638121954713
85901,0.00007036942181386872
60487,0.000004632354870190557
92201,0.004448284827087012
33137,0.00021688220931012265
73120,0.00044447455731553204
75033,0.0007822004672750384
89449,0.0001067579309741675
94589,0.00000999167256394774
07728,0.00007947186975448822
47630,0.000015089340037594513
87121,0.000047080712524919935
90048,0.0010005825340101894
48823,0.000019746817032858734
77583,0.000035972249607581295
85305,0.000027696272918445293
95966,0.00008264531454181361
60559,0.000029567520220789796
33436,0.000049822203194850165
91436,0.0034077092969460395
20191,0.00007579093820658125
30028,0.00007510666466874414
30127,0.000044144162923091816
60089,0.0000068073207287288336
96814,0.00014092478277274108
48101,0.00005192520513811224
60035,0.0001049583821634752
91977,0.0004351890230028605
80206,0.0004889300050427474
93035,0.00032448761968608135
93612,0.000029331027932556066
87110,0.00007098265674987104
32751,0.0000381977045896351
75002,0.00023077687878793844
96720,0.00007014298558244803
85388,0.00042228428440415375
60467,0.000052221013129921494
95519,0.0001468909250560516
39759,0.000007958417203585834
92352,0.00040080352319164125
95382,0.0003003270595076085
98248,0.00008142045438725291
27513,0.00007093331873652028
60004,0.0000500489915903731
06801,0.000007954391309002686
37075,0.0000825844391488472
98103,0.00019612157906775287
85658,0.0008192791692443632
30019,0.000040618294648649334
92019,0.00151695351112126
92116,0.000979307875758017
96825,0.0001025589385524617
93004,0.000664850531772532
84062,0.00040934382045874554
78418,0.0000376231567154727
53132,0.000036545531914902244
19083,0.000023879690902216633
80237,0.00018221264970589806
53081,0.000014615847581348451
85635,0.00006968771480253442
24503,0.000010762341701515263
91342,0.0008110500307241709
27012,0.000028090687583671115
85012,0.00012380406380847178
95683,0.0007797142043470034
02050,0.000024227458431205168
34221,0.00005080380325674444
95117,0.00006884737304893286
20171,0.00007694700048072252
95018,0.000012300484607486327
89179,0.00010828951155366574
07871,0.00003661430821405117
83644,0.0002006684308421032
78252,0.0000523843920892793
32250,0.00045437341463761726
80111,0.0004108045673736278
93291,0.0005251054905656431
83328,0.000003970495595439308
28104,0.000015384792908480363
93505,0.00004987900281088548
53214,0.00000952717849849155
90014,0.00039541002518757746
95835,0.00044102851325398255
30518,0.0002235855517249653
91106,0.002290013903560916
20853,0.00006761511043781836
98225,0.0001513665053939649
55442,0.00007231537990945647
46311,0.000025600314083102407
06492,0.000050342280897770376
82072,0.000019303982840232673
29576,0.00009199902889019273
55122,0.000046867443921169075
95014,0.0002531908599975811
93065,0.0015874771548727016
50265,0.0003380117280229442
84003,0.0005279602090328697
26003,0.00001464085951356047
78681,0.00003920633349759006
94565,0.00030509011146950804
80012,0.000036691463405203484
78732,0.0001176898786674564
10036,0.0005176996908874395
50021,0.00021562945859645078
90018,0.00030859080418966486
29681,0.000027931451288573877
85355,0.000033309995683882256
79108,0.000005999736159448751
98229,0.0000997329184514191
73012,0.00004862867015850357
92333,0.00010784605355957295
98501,0.00025515035550043665
29732,0.000058760579644415386
96741,0.00001805920144853101
03801,0.00013393966924823175
55423,0.000028795243836126913
60564,0.000035232441735294425
29650,0.00003874291784133682
73170,0.00001850732446288454
92251,0.00008823412351647652
85338,0.0006909382724614511
27410,0.000041938287034206
20832,0.000018922491021134986
96790,0.0000273180791720365
06902,0.00003461591304569771
60008,0.00003394860949589391
81401,0.00009850046717360523
60107,0.000014440055654022946
23226,0.0000036849594644306995
29414,0.00008481546682508111
91504,0.0021090555568021065
53719,0.00007871076270756171
93720,0.0011856341835165545
78233,0.000035468694162437424
68850,0.000007998734578280291
78414,0.00004001201063683763
89118,0.0017977258308455974
80513,0.00027100666805801035
28409,0.00023801735721024167
23606,0.000058359843051607475
60527,0.00008075837842020308
02339,0.0000025244872509821244
46074,0.00023194421965004591
95817,0.00003561250005567368
37918,0.0000258246327407871
59404,0.00005090190758681771
93428,0.00008256567412137494
78613,0.00011459262246688391
90036,0.0006773079416623282
62703,0.0000049098397628064245
83422,0.000011215217976989166
53072,0.00023883944928940125
31763,0.000006521452510534196
90272,0.002042466059763807
75209,0.00004341037098464301
40241,0.000050598445677881406
80550,0.00009648073280574614
97439,0.00015885441399177242
94027,0.001173474173590641
95135,0.000055771052908568624
16505,0.00035504277469769675
37135,0.00017032869150026514
91360,0.0010928490992269761
85718,0.0005592127602469905
80215,0.00004886988079751152
59105,0.00000424286675865089
53110,0.000004448690607510273
84040,0.0005619019779264944
29486,0.000028580605853347984
91202,0.0026236435012701445
30134,0.00003778518226459644
30188,0.000034193562051776813
98092,0.00006723846916451828
95670,0.0005316344987260532
60601,0.00023018286895584104
94301,0.0004557692905310599
17019,0.000007775596121828113
94526,0.0009386901981056674
36526,0.00005349514309720973
97138,0.00034328651268129514
72143,0.000007206658306825155
93445,0.000039135139716996
17403,0.00000492875235480998
53066,0.0000871683418144037
32266,0.00002573256126747474
27603,0.00013227034119778094
85024,0.00015181340384654796
55118,0.00014618211010678964
02066,0.00001385633993075495
95121,0.00007144561332022447
20147,0.00010173507546168326
02169,0.000016409272939362495
37803,0.000006954438982969921
46060,0.00006982267033987769
85260,0.0012972117247186876
30309,0.00042062294895833964
29708,0.00012002264277672042
29607,0.00005656084466445575
80127,0.0003079965942592711
89423,0.00012416287171936933
99301,0.000027385941123801272
53222,0.00006736840152292703
93314,0.00038064553639119734
53405,0.000005602113507644261
38138,0.0005968804252189518
55331,0.0004191768235396876
55419,0.00041157919756111376
37207,0.00016094912837310551
95207,0.00016037609646776333
60451,0.0000306444377538323
77584,0.00012552158496304525
46725,0.0002671878013577621
85302,0.000031966034469133235
95961,0.00007235334402576202
87701,0.000011508157600778286
83815,0.0006273445246407228
75034,0.0006764139616576184
36532,0.00014291700076071677
78209,0.00005545685767556655
78521,0.000024012655445059244
84054,0.00535519471032281
89122,0.00021126939994186173
89705,0.0002387233168735921
22201,0.00010057795505447018
76049,0.00018947521703812406
37043,0.00008893616492049769
60615,0.000020888604763810936
08736,0.00043917868177963365
88030,0.000031301803575433724
33431,0.00010162874691412943
60181,0.00013452970215044224
29492,0.000051490522569034055
30120,0.00005319844458427084
92120,0.001320500767429499
96813,0.00004228107543646293
11238,0.00016304734849947555
76051,0.00007342285099445247
80219,0.00019593849489300268
83607,0.00015612927074963603
50325,0.00002829417088887719
12019,0.000709878129887359
92037,0.004999712244537389
33301,0.000932800164902622
91301,0.001038032166567947
18103,0.000009415425760025457
85051,0.00005483980454381755
20132,0.00001638726849833231
37876,0.00002084362991176942
85215,0.00010322938710518892
77493,0.00011763678606722857
42240,0.0000030810426757227725
55401,0.000007265862564888869
08242,0.00009111067661089654
93908,0.0001707624159983656
17015,0.00007741200021270326
22152,0.00012642708780785805
93546,0.001096108250270347
94596,0.00032032983801342656
04401,0.00004282322512920122
87031,0.0000613614523804465
90057,0.0001546372239478083
93449,0.0002593884290973575
55344,0.000021877513087519687
81122,0.00020302253131407642
29710,0.000527392272762004
11106,0.00014781618877177764
92536,0.00042072807613771
85377,0.0002638567646979856
92311,0.0001392484455669871
94806,0.000021086854260773198
10014,0.00021076496308699734
28025,0.000019897278863138967
22030,0.0004297959188401599
94547,0.0000739388419576581
32459,0.00006320382726826002
84606,0.0001809587213714486
07950,0.00032577657563216157
76133,0.00008013979146907765
75205,0.0007498786336653098
97212,0.00005997395958680663
94703,0.00010664891150248844
95139,0.000011261536527370581
60047,0.00012101498341883275
60148,0.00005207715609453973
60660,0.00003632180361410449
80207,0.00008553464725146005
22207,0.0001880838535142283
89703,0.00033769707998057986
83716,0.00014353731746191044
99709,0.000028286252216082783
90302,0.00008099860772371808
96815,0.0001703711143040023
92126,0.0007829069787928596
60187,0.00005487182391381554
85140,0.000597542953821883
20190,0.00016816808949280643
98133,0.0002258854786466139
60613,0.00006707134036778397
95662,0.00010564925539489664
85304,0.0002230201960929822
02346,0.00007572489362825067
56001,0.00004561339523441615
60558,0.00004935485447401792
55337,0.00015184353675700975
94534,0.00027507840218758483
75032,0.00047642809703382936
87120,0.00009420968443331285
90049,0.0065084842365038436
94588,0.0005515584378464769
37363,0.00009276741836044312
95363,0.000059092308242244605
88310,0.00006478277690794502
58504,0.00005103404090978107
85266,0.00021743879269154186
06759,0.000017086689312413757
99208,0.0001435927899450707
93312,0.0009244334047084856
90024,0.004194341858103124
53403,0.000008651003060080939
93535,0.00036320976826566444
94559,0.0004343619022411175
62711,0.0000071145188105023436
68123,0.000053802658225316115
83318,0.00003696707920341787
80121,0.00031764505541895
68801,0.000005375624770701279
94089,0.00004931772222895294
03755,0.000029376757946789456
28557,0.00004018896841248929
89149,0.0009376076394901931
94612,0.00007552477760037534
60156,0.000020675823830743524
29445,0.000011379345320190696
20141,0.000060861556151754795
95127,0.00020041757296777128
34211,0.0001025018103726998
85022,0.00027876393838419626
86314,0.00043381985550411986
30044,0.0000677472388087965
90012,0.0004142276278148023
99516,0.00001913610812463711
78738,0.0006206840480655611
53212,0.00001319613396893788
83406,0.00003834659907612666
80018,0.000012426735862799098
83221,0.0000247346288947357
75069,0.0000461127692965595
17050,0.000017997656756895582
35756,0.00008838045183671456
97756,0.0006837712106071246
95355,0.00005422810414593675
37355,0.000013578554132762236
98223,0.00023210187087778134
30339,0.0001253815114989219
85250,0.0010886658533115633
92236,0.00039170894842521374
95833,0.0004539157412207551
67460,0.000011076043702427098
46580,0.00001426114368577911
95111,0.00021270230135178616
85014,0.00008780152541580579
91344,0.0015284215541872827
84721,0.00015831138774225316
93648,0.000004829928892604072
84009,0.0005148853425471263
32256,0.00003441524669679124
84106,0.0005054180988126434
78254,0.000013480966490992211
83642,0.0017917786074039773
92110,0.0005717548641637503
91401,0.0008921426656318252
02188,0.00006338814454223828
33401,0.00013589511657889018
98105,0.0002031376763037523
60625,0.00004076015224667135
81504,0.00005863703749218534
95073,0.0004995478958498762
60002,0.000025609901308190437
28403,0.00018504602328893232
80231,0.000027022588571376207
53188,0.0000411295090733923
93625,0.000021717520371007337
53713,0.00014956494926768923
94502,0.00006369125031825866
97013,0.00015541393622976643
57702,0.0000666498504682347
59803,0.0002669085421136646
26508,0.000010063958755317017
67502,0.0000024354083132655753
02816,0.000004345890506503599
86004,0.0002740437495913683
02370,0.000025093126029820042
55429,0.00012534104918412585
85281,0.0012932104111127176
95338,0.00006069683397656831
77407,0.00011542274976110686
08080,0.00012804633180211106
98117,0.00017426003585674263
85743,0.00048049322814019637
30102,0.00003726260998389719
92102,0.0005120979946947726
70115,0.00012247368636372516
48198,0.00006350434818061384
20007,0.00026906631145683687
60010,0.00009376705326713571
77651,0.000018717852344026685
88012,0.00003421872649112268
98683,0.00024187364440593042
15767,0.000048093112028512947
91387,0.0004187631513521175
75252,0.0003304236208417929
17543,0.000010622787078074166
53095,0.000005407545221270786
28411,0.00008519155736022627
93010,0.000826811717187611
53029,0.000017634985043226153
84651,0.00012954447068384394
59714,0.00008956645359523043
53126,0.000032267755876874867
93637,0.0002996335641031811
66061,0.00007113663536826332
80640,0.00003986999156375466
94510,0.00012762354623072398
53545,0.00000810752459408343
32162,0.000035086145524603025
92561,0.000045485204533858894
92346,0.0021345401708231676
77381,0.0016931434784889041
96734,0.00039474753957250905
55313,0.000008016568627535604
06084,0.00006159034976593088
27949,0.000018728752977070497
18914,0.00004397378093513014
07760,0.00009774508142080045
99504,0.00003159952292987616
38632,0.00004423482949516557
92397,0.00018043848648410034
74066,0.000014638629431205175
77478,0.00006226060697773528
98382,0.0001356467067577388
95821,0.000106320345444758
79110,0.0000015135196678550318
56303,0.00004082468358755341
29461,0.000010631557760904585
60172,0.000014469824917688816
91356,0.0013402742374911884
85621,0.00004417447043095833
98075,0.0004240410974033972
85006,0.0001589631271437765
32244,0.000006531747520614405
76109,0.0017814383287778587
95304,0.00009758445539658861
37862,0.000012028723321657684
98272,0.000027178206878682194
27529,0.000041964455032118064
85201,0.00009922948340768376
11758,0.000057899256650857836
94582,0.0009069443439428057
93552,0.0002201688710848216
32043,0.00000951257934816466
90043,0.00039861680092638546
78666,0.00017930342553453522
97707,0.00007635807245938625
68144,0.00006487880915762098
84770,0.0004072869539073909
93619,0.00158403319839149
32207,0.00005436799227945056
84058,0.00012454291895504157
80302,0.0002779103269659414
80525,0.00015758785665658797
55076,0.000059118742692439285
52732,8.75786923927063e-7
98036,0.00009608362823328196
67052,0.000007662003416413113
85045,0.0008368978969414394
18018,0.00010474097420642892
97206,0.000031156898130416986
94618,0.0002161597728679987
89143,0.00016154624949012915
40356,0.00002698093040271157
32803,0.0001789677545107729
76028,0.00013816970517838118
80906,0.0003798530827301064
77089,0.00035690663914478147
86436,0.00021849827734285384
85028,0.0005467431867565621
95605,0.00008057128551822984
91911,0.0006224615980188592
30305,0.0002876075230473299
96150,0.00025305149528816325
33180,0.00028698107599031626
22603,0.000004591415151586104
94553,0.0003307113734108517
68601,0.00001248612718763134
87048,0.000019887919378104383
78704,0.0003840763404121845
93430,0.00003101678984869433
94705,0.00014251809444841996
97214,0.00011720122825875961
94122,0.0002932126223381776
53177,0.0000012594027448916485
93041,0.00007448996293003939
04106,0.00003141087102880184
85712,0.00025864442976506537
18067,0.0000075585367973979345
01569,0.000025384943612971217
95030,0.0005672398414853209
77027,0.0000957858960072247
85086,0.00074552915267176
34209,0.00008982133340839718
73036,0.000009199628807727956
86047,0.000022054382665844784
91606,0.0005043143169732587
02333,0.000013497575490551472
19958,0.0001350675127795427
94541,0.0001985414427093099
10012,0.0002849454190747071
93422,0.00019329185297608698
78619,0.000012870316351432372
95219,0.0003107580939612646
64081,0.000031790356488906387
95316,0.000023327051495947987
74037,0.000029481936614169832
55407,0.000009398168394725736
77301,0.006147146247919251
27587,0.00013534151425838672
96708,0.00005124433102438691
77429,0.00025343329909424894
60540,0.00004148980206925021
95482,0.00011149323119282709
20816,0.00031696406686833464
85213,0.00024090730082392298
03825,0.000063710483312221
07731,0.000047023751636846656
93268,0.000023079121882786955
94590,0.000016811877505851164
97132,0.00039134311783070526
17013,0.000005639944376456476
78217,0.000019551925400304708
50323,0.00007804978225572975
93704,0.00012984185031756393
80537,0.00016699249174388517
94040,0.0001837992886114824
17257,0.000005599672335884924
60123,0.00004563593001863896
11226,0.00009969959144941831
91208,0.0017089021731245362
91307,0.0007906085131916422
67235,0.000008301346732505442
95841,0.000042458267925813364
15206,0.00001627953907619783
55436,0.000043970722390343386
81650,0.000017786408379464853
58801,0.00001362793676416047
17022,0.000011041724659278615
54303,0.000026708355253523172
47130,0.0007820085405292977
32060,0.000004000754192453363
87109,0.00003733591110476105
78645,0.0000933212773612301
89002,0.001574644529549523
32224,0.0001581271294604932
68845,0.00001246339948529061
90403,0.0008965500863291777
53024,0.000013597460730737125
50312,0.00007736948006532447
11217,0.00007621765841161638
45150,0.00006996254050848292
85641,0.00028616723421781375
23233,0.000037102992405115474
20105,0.00023773992213080332
04038,0.000037291567193467425
93657,0.00010262951583915172
84119,0.00010137037286082967
87507,0.0001344358597877455
97402,0.0004211539068881248
97225,0.00038207280068186083
60657,0.00020900898247815718
55038,0.00006030939999533603
91932,0.00043086943732403534
34238,0.00015891578540174866
56201,0.00002669192064278039
27104,0.00004326318858271266
11375,0.00030412050791077833
98177,0.00022615611338368285
85929,0.00009610052504937874
18974,0.0002635098076467482
96754,0.00008266869574511074
37923,0.00007589335245402072
85340,0.00033575890947063283
10023,0.000288724487149101
38117,0.0001475019179289851
78628,0.00010972668952775126
50613,0.0005288563736117414
78727,0.00006750117068322492
80007,0.00035632403222372427
89503,0.00028486411175008533
80108,0.0013553698805202812
72758,0.0005245402422401081
94954,0.00010572655121636203
78642,0.0002483978281749857
90067,0.0012676731041256686
32168,0.000058380110365424726
07093,0.00005614122863356684
17602,0.000011596432828249843
54304,0.000006515013222894539
28078,0.00009070216473754054
34119,0.00003609063575104178
85396,0.0004467232879768746
95320,0.00007937629836403157
55431,0.00004335312118280264
96782,0.00002275550733055766
95949,0.00022511582548194434
85225,0.0002571672359107403
92243,0.0003406313649586553
98012,0.00012160486643653101
85749,0.00022605910752617663
58703,0.000004155465958297763
92108,0.002522606052318687
91331,0.0009061852513808737
39503,0.00028434907553462146
02190,0.000014434214919141714
50315,0.00009851633136588143
90404,0.0016583271856652592
89005,0.00017385676752004967
80501,0.000087134232980579
80229,0.00008075585553590562
27103,0.000044093707716801733
67114,0.000002283392001931326
91935,0.00022769917395609821
02766,0.00006302044733024604
95621,0.00017464629344417554
54022,0.00008099673385817804
97405,0.0005010462318380889
07960,0.00008203620196627876
94114,0.00040005998222665355
97222,0.0003751832337436716
80922,0.0002814803051848391
93650,0.00008167499322929779
66109,0.00009826537895205834
99645,0.00003460443324061475
94577,0.00004548337902233158
76248,0.0002973469971346094
75071,0.00022659576778909037
93955,0.00013327525074618318
94939,0.0007847476248909476
85248,0.0007447874570540433
30506,0.00008842949390512682
79015,0.000017713345985313575
95242,0.00009853922666660179
23112,0.00005201568563268724
96753,0.0001390168203901901
55374,0.00012997973509171372