Zip Code,Spend Share
34482,0.000007548078301723497
45013,0.00006348224058221118
98059,0.0002182419363609348
29803,0.00003742050347647912
60051,0.00002973594884024566
34219,0.00010596570742106582
02740,0.000010577192889064671
55116,0.00005922090664490126
33913,0.00006012398553615805
91913,0.0006910487664343299
08755,0.00005596838656697507
95020,0.00045426621462318683
94132,0.00005324051713175952
28277,0.00009356891397044098
89141,0.0018348227559930846
32801,0.00006261448217650278
43062,0.000010688469708200228
17325,0.000021511893600631104
80904,0.000047851999226379183
87301,0.000034066150401981385
84037,0.00018305060741998042
80129,0.00018644969223487428
22601,0.000025465598076391798
80601,0.00006481638930491206
94551,0.00032694634753002857
80026,0.00016802822162403542
93215,0.00022202804272466268
10002,0.000026655072827895076
85361,0.00002193651069352265
33616,0.000027167034221520907
85546,0.000020159142702937494
12401,0.000007824697550800816
30307,0.00006918345792320614
23188,0.0000966656239266532
92307,0.0020656074237754276
55987,0.000027794219875654025
55352,0.000023790824013039965
29609,0.00011381318004585744
75189,0.00028868879097752783
94580,0.00014313693317290102
19464,0.00007338415104562546
49837,0.000003714842145221735
93550,0.00032919045070373365
99362,0.0000943133586611939
90041,0.0009643840574919304
78664,0.00009793468366953222
71360,0.000006143151869695974
61265,0.00004525259331936735
71909,0.00008312322992929095
83455,0.000027919881578100608
55417,0.000031193186598280296
27597,0.000029508585750398055
18938,0.000021369786827567075
77536,0.00007287691906049895
95521,0.00012649745330338432
95209,0.0001786079399028877
37209,0.00007951849675427176
33774,0.000015235888953709959
98270,0.00008181587769033904
95492,0.0001372397382598016
85203,0.00020052610197243695
48108,0.0000857293249151093
60714,0.00005389774168505212
81435,0.00015564862389044626
23435,0.000017844748983430578
95765,0.0008276216931034732
33483,0.0001345421625020021
11385,0.00006395622143515455
60133,0.000013687922875752709
81212,0.00002040291756772431
58102,0.000010272683317789698
92021,0.0005850788677722068
33317,0.000131571284923651
11236,0.00035377295114049647
98034,0.0005278231797705064
30606,0.0003766453566454185
06477,0.00003522576386717435
53005,0.000020442634593205246
04074,0.00005718821009585805
99701,0.000012855393953438117
32205,0.000024649044116416087
28532,0.00001575416857410472
32963,0.0004116694264893008
94804,0.000255036088254548
19335,0.00011893388451916898
32137,0.00009017622637973318
90038,0.00037623758907493274
10016,0.0006018439942781502
43232,0.00002083582739244731
28027,0.00005569475143705373
75043,0.000008482650356646434
62025,0.00015745000605414954
22032,0.000034636530968077555
94545,0.0001266788508070239
96761,0.00038984528938709555
23608,0.000008791806007438681
34761,0.00010150926602799374
55346,0.00004262451272063397
23120,0.000003851975384439865
60201,0.00025554455943075386
91602,0.0012059953648577996
33602,0.0001712942019173371
95819,0.00023427149261799686
08844,0.0001457674373663559
85375,0.0007292418049495252
33025,0.00006903675270563248
52402,0.00010874024572394033
85552,0.00003275699480554308
45243,0.00008873362564106237
55102,0.00007800651314450673
60045,0.00022992552709749674
37034,0.000008420548682340247
01890,0.00014273981305066986
06840,0.00009020033492252153
33446,0.0003920524855572756
85131,0.00004721162216007264
37187,0.000002634490928664683
85716,0.0005267256216645541
87532,0.000008452804651761853
84604,0.0007330449052234325
76082,0.000014150756026288413
47404,0.0003313562769260256
80910,0.000025824381070176877
76131,0.00023323030900817076
97210,0.00008039102930705614
17331,0.000009186963230486336
36701,0.00000384254795696231
39531,0.00002108798830111508
98607,0.00021965178267671615
91303,0.0000906793011439029
85053,0.00022777857591333055
98020,0.00018444779695512396
11222,0.0003853223753403041
70605,0.00006151642665767861
37771,0.00002269513410205945
55060,0.00002566055502856924
89138,0.0015437198072395482
22314,0.0002896371324891771
94044,0.0002734788575768628
40222,0.000287598792440808
83605,0.00010364797817145446
78213,0.000023960914188766982
90211,0.0009492553998080195
32211,0.000004124866005783891
40391,0.0000056150980737515824
44077,0.000026028765232842884
22150,0.000016328647057265526
94528,0.00004669714857847578
32055,0.000004812412156537118
95589,0.000013764424865332822
79762,0.000007755839693781708
98264,0.00009454427128705743
60805,0.000020637812611690207
60544,0.000022173534650880178
37312,0.000006788230711162813
74033,0.000004468870826544568
55403,0.00008955922965691321
02472,0.00017646281496027166
98902,0.00015078603254884562
28401,0.00002200355388402794
80233,0.00019079832462240014
43614,0.0000370388816193868
10583,0.0003091792126191814
19087,0.00017185479315911235
89110,0.000890152956050931
28226,0.0003164487432497927
84066,0.00008230010757680865
53711,0.00011268953437320968
62298,0.0000042509131333226335
93728,0.000012481256432348866
96821,0.00016136614372396592
98008,0.00011227711376133992
48188,0.000019209358224550113
12033,0.0000014023424834639466
29388,0.00005077982093091085
91403,0.0017416445908351064
98107,0.00003589918781054048
91942,0.0011116237133559418
81506,0.000029788175085192516
48134,0.000008948205473725428
81321,0.000022694136059590874
23321,0.00003200038304181792
12180,0.000008332793438155924
27517,0.0001100734684558836
92356,0.00004104639484950769
95386,0.000029565466460212892
82935,0.000019425624259039668
33647,0.00008937028438106631
08540,0.0003550916198521577
34103,0.00006097866217995931
96103,0.00007343714258023525
85283,0.00030595890982486063
55303,0.000169272055214482
27856,0.0000050004165769602825
37412,0.000040815558982787664
28645,0.000029176429147290583
83341,0.000011909705016926442
75006,0.00006320484593048603
97739,0.0000344630552767021
59801,0.00019329029971924125
49445,0.000012510504284042339
93463,0.000965048921119389
87114,0.00012160091330813405
78757,0.0002310113054844532
84405,0.00010608246231281824
44314,0.0000034060446979432266
63010,0.00009093492612739566
08205,0.000017534092868082838
81007,0.00007973173522824666
55446,0.00017291736334937343
77340,0.000011680246327741789
95357,0.00006131734409127564
81620,0.00009036062803445076
96749,0.000007376349901260795
98221,0.00032129883911284466
02879,0.00003265525855904115
98406,0.00007374919576974391
92234,0.0020847326936350315
46052,0.00006832949129502596
95831,0.00037630614255573856
32738,0.000016389059792801625
31326,0.000015212987489409846
90010,0.00019932565175741768
50701,0.00015950870819168674
84340,0.000031869660279899586
13207,0.000009108459311938776
53210,0.000020289699689567375
83404,0.00019069257084131224
89411,0.00013997378872555025
49428,0.000008219803744136005
19056,0.000012653901242594882
84104,0.00004461239450230957
26104,0.000015828784184192488
76016,0.00001507444746835513
14120,0.00020491799669943156
57201,0.000013333013163481155
55025,0.0000494765335465065
20175,0.00011087684321625036
95113,0.00018507361317850944
23464,0.0000729522942009741
95687,0.0003955158572605316
98065,0.0006958730899624916
85016,0.001280384644612172
98642,0.00011136458387554864
85119,0.0002020186628039102
33993,0.00005077406166478807
37221,0.0002304166066855434
63069,0.000012583549534395006
60477,0.000053956128098646175
55317,0.00010236670090909631
85297,0.0007498048897371123
30342,0.000039174349964272766
77339,0.00010517180610703158
92342,0.00021227003788798612
98258,0.00009785356620242712
34683,0.000038663769062732604
66221,0.00002294414197013264
90069,0.0012493825411042997
84339,0.000026156892648612273
97005,0.000011652001077976671
37777,0.0000026704267971046835
60609,0.00002703865424031443
55066,0.000019423580152341705
20136,0.000016438572090897042
95678,0.0010956976212987144
98026,0.00003022829714148004
05753,0.0000018729238974241031
33305,0.00006132877180277088
52722,0.00007408526916560747
93706,0.000022543265368497797
49720,0.00001151968030514146
68310,0.000004008196422483937
89031,0.0006756786038335178
49008,0.0000041266753673047336
97374,0.000004463052993679083
40403,0.000010548280289191985
28208,0.00005841783487032873
32583,0.00002018751376256496
11249,0.00007595853740937818
85710,0.000217442187182299
86426,0.0004217294660598853
11561,0.00003582971825368365
58072,0.0000014172387611197178
98144,0.00022800120762237538
91901,0.00030996065076962517
95032,0.0006219057901978809
77025,0.00004733740700738519
29550,0.000004542792084265035
37615,0.000008617782988323313
08648,0.0000424968090316183
55104,0.000051301064694046346
94707,0.00013257910563417398
21146,0.00010133856420282125
76137,0.000040128334804905655
75201,0.0018448427914252424
97216,0.00009423019095676697
35216,0.00006596368746062351
36608,0.000031711015916059664
94608,0.0002740137938211966
80916,0.000011417951308701889
84025,0.00019496707622058222
78550,0.00001388527728649166
44113,0.000013188648160956002
75662,0.00000954870666680178
49221,0.000007698216869180959
78133,0.00003733084468516611
72701,0.0001669632410402318
83864,0.00007680485887236939
93420,0.0002006833894750371
10010,0.00010998307112558702
99212,0.00017073428248599648
93308,0.00030676818788955094
13501,0.0000020974188996150036
43952,0.000005762932139993893
07076,0.000024874628075061353
45245,0.00008429198091808834
92315,0.000478296238847561
73034,0.00015325626678938008
52404,0.000034324019433721686
85373,0.00012667998516621874
91604,0.0023541873436800204
11102,0.00002273582422604406
37379,0.000017056945041195148
95451,0.000014463175183730998
55340,0.000028057503391271503
45750,0.000001985047390826569
85041,0.00015250056807512881
98032,0.00011649334553132749
12009,0.000004562726965990422
58104,0.000026292233692839855
60189,0.000014168855933903394
91311,0.0009403152235386642
33311,0.00001371166212635407
08016,0.000009488117669472822
91978,0.0001206963170725503
37763,0.000014222992289838988
15642,0.000025982241263946544
22209,0.0001640055886336312
80209,0.0010088480803077476
83617,0.00003421511173707994
80521,0.00012110198237020491
97448,0.000026158642901933776
17241,0.000004894652491792326
21030,0.0003019974152701866
22306,0.0002956644112454482
19001,0.00001607999178414364
40383,0.00002296185417542511
78201,0.000021067534977055335
35124,0.00007033183016132227
97124,0.0003300954868394784
97703,0.00045156920989203813
83274,0.00001825084147382391
03833,0.00003141721405913284
75080,0.00026604476910543836
44221,0.000003747429431441116
19462,0.000017268613868486955
84317,0.00005604349589038314
44406,0.000014189034451756585
67212,0.000017975365348536712
85205,0.0006042257456142288
27205,0.00012557269024663953
33772,0.000027308230352766267
73142,0.000049551111719761264
30263,0.000010612472652989685
33155,0.000027977432693692782
16117,0.000003704803143153493
15221,0.00002715855786274955
29045,0.000005540608862332166
55411,0.000007102076216328935
74021,0.000010961061083567468
22193,0.00011512174468451789
99206,0.00014831410164142613
78028,0.00017605859197688956
59330,0.000022601534403222106
80020,0.0005460933206141099
83316,0.000022410240289229826
68022,0.00007983750712660415
43220,0.00014102542131936687
08330,0.000021180132776965936
85268,0.0003407294761646768
92301,0.0003562761504046529
33037,0.00007211529350723426
46167,0.000006492199580816726
27540,0.000003083939814674244
85367,0.00010127135737340246
12508,0.000018417949513692725
56401,0.000007834770558747882
46845,0.00003419127544708679
91915,0.00039463365752357674
08753,0.00012238271124449536
55110,0.00013496580874641748
37601,0.0000064555408550191285
95129,0.00034538201353809147
37129,0.00010059619171270749
85704,0.0004066503868128728
44720,0.000015915404668617242
22902,0.0000844910904383789
78363,0.000010624959317819656
44107,0.00004089935146935605
94087,0.0002934125100997556
49071,0.000008247891282124213
89048,0.00009171348765877543
89147,0.000676168864580396
80443,0.00009545447048492658
43064,0.000003949847061835377
32807,0.000006532858036968649
94134,0.00005063026436502081
97202,0.0010389883752889993
07940,0.00010728084003840776
76123,0.0003657562914853549
94019,0.0010719385407168462
94116,0.00065313250791129
97220,0.000029051367861006325
32825,0.00001787876707954205
03051,0.000012935005141853595
53143,0.000007080913405134456
80920,0.0005852456124861294
78566,0.000009968224064533458
33579,0.00002259898019049632
33884,0.000016755573413945396
30068,0.0001356675227435373
46526,0.00001890921054247885
29928,0.00007870061927995582
85629,0.00011641786997030701
23832,0.00003224726159027921
02143,0.000027247967580396236
98239,0.00006778455214404902
95926,0.001345779425247334
79118,0.000007915209022375207
85345,0.0005559641779875219
24073,0.000002962644550318895
64064,0.000024081045412095378
95829,0.0007448009631063115
82401,0.000003807614638779235
95240,0.00018492152119575534
33781,0.000005299903565569965
55376,0.00004642345558855012
80002,0.000026067347266683826
89506,0.00006119689635219066
43202,0.00001690266085424029
99224,0.0007113589337490768
32720,0.000027480061226824054
10026,0.000051498236090282504
90008,0.0004930123974502233
99403,0.000005077447561438385
53208,0.00010307470757769409
29640,0.000007178664950515337
55433,0.00009618784618398819
51041,0.00001394911306233527
77389,0.00022725350986261829
92241,0.0000552269357898497
73160,0.000017298683806648376
44203,0.00009704739076452257
78640,0.00016710946048968794
32065,0.000019574620079748913
90065,0.0018821613352950856
47712,0.0000346744568855762
84335,0.000029442967658090494
19440,0.00004704113089685423
94518,0.00017053729005256517
76227,0.0002588167271573442
32221,0.0000021567195969126695
93117,0.0006951439679198277
50317,0.00008236371297088106
78223,0.0000023608671766684886
93730,0.000936339957756787
80503,0.0006630696777544786
76063,0.00016257035320327312
89108,0.0013346350948184873
23236,0.000025718871538439203
37069,0.00015593362840204164
60018,0.000009202145081240656
29223,0.000008473913157260961
12198,0.000003159736507892058
58701,0.000022657597192208516
30005,0.0001918432464276465
44240,0.0000075242876476597056
90026,0.0015741446116457943
19403,0.000025515204166583974
53226,0.000012231999429274353
80123,0.00019291832704286565
77551,0.000028993147971423456
95361,0.0006008030379357686
82520,0.000017505947262108904
33713,0.00004542476900626143
33134,0.00015352682137725117
46064,0.00019873053964191206
55013,0.000007082420721997541
33919,0.000020407872638222312
60154,0.00001682115307889827
95125,0.0010161094280518453
23452,0.000013035609038252556
98053,0.00037607222701391475
06410,0.000009704004273758265
85020,0.0005653829957361072
98674,0.00002760087966398918
46220,0.00004657773894752587
27607,0.000008203229872544156
33458,0.0006252359586948229
44004,0.000009771461489500579
68803,0.000010991740655117538
99669,0.00001816703016799455
22801,0.000014866866219517235
78260,0.0000980599848029397
89044,0.00054844783704738
76708,0.000010357506068037547
32904,0.00002366104364982436
94037,0.00001516069713168761
97301,0.0001067934363021169
76020,0.00003177673399987586
84081,0.0002624426659552929
75219,0.0026249118495106994
97526,0.00007413418756934374
94610,0.0005376658458944222
43068,0.000010771634358867971
96817,0.00012440476000224915
01950,0.000057584748581810346
51503,0.00006172886991465293
92124,0.0006529485244616478
60185,0.000025787670274342274
85142,0.0017018452551711158
33435,0.00002977531802466528
60611,0.000258716060034184
30097,0.00028911673426257036
95148,0.00010790234922427356
37148,0.000006323701442851906
95660,0.000009674490686145439
37660,0.00001761483550034557
89029,0.00012730848059926193
49738,0.000002618990076193255
80205,0.000062283721133387
22205,0.000013741608175327173
89701,0.00008862382611835163
40514,0.00003134180817388629
28210,0.00021603306360678813
83714,0.0007000004071153602
93611,0.000261034564806789
22963,0.00011421667952680258
28584,0.0000032305305621635014
84050,0.00018636053162745188
10509,0.000011639825023661017
66047,0.000027454616688828582
93036,0.0005939676917526639
32428,0.000006755599976967706
94536,0.00016951801186495798
97128,0.0001590236601661507
22041,0.00005068332407523362
99901,0.00003617372332980158
10065,0.00003371148614656688
93455,0.0005555990346253706
21811,0.00006625062764322245
87122,0.00005319677669277608
53563,0.000007997129892146486
25705,0.000006036440587784668
95965,0.00002717161677741308
06111,0.000008339300700744945
85209,0.00045607418340933237
85306,0.0005490783515093367
98375,0.00003080228244266638
60455,0.00002022093887104705
37203,0.0005872147300196828
34135,0.00023833692351130385
02563,0.000008323887377347524
56003,0.000007401491897121352
30909,0.00003083042962792456
77433,0.00041532863004890494
96712,0.0001840767183489581
24441,0.000006439129168640748
12118,0.000009875025492298457
60098,0.00001572869002205332
95672,0.00005341451953231271
48638,0.000004608682504430008
37055,0.000007202843259575466
08008,0.00034643321780269027
77042,0.0001886588166632982
55744,0.00000899207670582004
43017,0.00003393453376275845
28202,0.00036709563872576277
89134,0.00468675780153378
83706,0.00015484639352972344
49002,0.00011302127723618637
32312,0.00003791421722670086
84042,0.0003883273971318865
75022,0.00011549952605282217
97035,0.0012816810302362883
94303,0.00026369747763803445
93906,0.00009282341337824883
40165,0.00001401936620629536
75605,0.000020094911535445243
57103,0.00011755259340985464
94598,0.0002854496925835107
78154,0.000022939502281126456
32771,0.00003246522413208362
66211,0.00026254711563357055
97089,0.00007260383074846017
98367,0.0000076160480022256384
92372,0.00009749980753451896
98801,0.00006667545477354526
23669,0.000008062616381795158
95436,0.000027285706048422182
55327,0.000008511637813878137
60447,0.0000594804984482654
37211,0.00012910419707869698
72023,0.000007290002699712275
90034,0.0011378796348076759
32034,0.00004921980999193702
21207,0.000028207128116718602
49503,0.00004104810377233956
94549,0.0009370172161997581
11793,0.00007306512422384442
29036,0.000010809753151989853
60525,0.00005374721594922207
08221,0.00006110257197290009
48236,0.000010794028721595422
60302,0.00004529321826502689
92210,0.0007903679983318519
85379,0.00038122386520367333
98422,0.0001389919347230338
33701,0.00006729171552812255
79124,0.000026316564183694358
33029,0.00028845900991383416
20151,0.000013822967138429013
29455,0.00004978786130002259
91362,0.004841333506710508
85615,0.000016887732579630868
27615,0.00033628921510102437
33545,0.00007585885774169659
85032,0.00043167937265794484
58078,0.00001756170817717494
84120,0.000058259779463190436
28806,0.00002023974444260139
84093,0.0007224034323076399
21043,0.00005448925439994129
32819,0.000013358027213268499
94602,0.0003691906882090818
94025,0.0020186551434913944
33543,0.0000977765070980223
27613,0.00004431408352853369
46234,0.000026229742252064725
98660,0.00011117690341473581
37082,0.00003459788429897689
91364,0.0016932134743164024
30052,0.00019904840076374067
77095,0.00009566392562568281
60140,0.000007988893678767807
15010,0.000010416250783458122
37716,0.000014850161954392766
20770,0.00005121205679086345
55108,0.000032320218981098996
95131,0.00004096876128326476
63379,0.000016477809646986176
76034,0.0004849861039761306
40245,0.00021888869605760308
22554,0.000271662799932935
54115,0.000022300222158186737
28269,0.00007255212104933622
84095,0.0003699786018042669
21045,0.000024431061349720558
84029,0.000022925272319681577
84701,0.00019319015292292987
47501,0.0000020406623972571754
76088,0.00004952220603957672
68135,0.000057569158738605814
17070,0.00000542390828870388
83201,0.00002102822286702171
89433,0.000016430803602550663
90032,0.0003821573844190983
93304,0.00004796908252867132
94901,0.0004927766409420815
19518,0.000005738493521135484
32615,0.0000047992739397743494
30319,0.00020166382271997964
64151,0.00003151500626840673
33707,0.0002176635751524629
98203,0.00011480454069178482
37813,0.0000036246016281385085
60490,0.000012483471041894931
79705,0.00006545632335967152
98498,0.00005180988908824002
67901,0.000004299001741551619
23602,0.000009085744761958214
75098,0.00021619728571634216
83805,0.000012262908913636748
93441,0.000007911858010685596
49829,0.0000034036230874161455
49240,0.0000058967512123587105
57105,0.000024114078237636316
17112,0.000006927610325132363
83544,0.000009272230673799818
75024,0.0006790365565824754
37217,0.000008555801451176519
34609,0.00003267984713357145
15239,0.000023150452647556475
60441,0.000032446712431828376
96706,0.00024042897291172348
81147,0.00009738625960662334
55409,0.000011538882850501073
92374,0.0038701697958848213
33042,0.0000032750484473598324
91042,0.0011839011768830343
46112,0.00003463617894759083
27312,0.00024151185304708918
29316,0.0000022656369152480385
02114,0.000019971733603143882
98199,0.00013283111994677363
60605,0.000025742852130282594
60022,0.00009724322978344729
48116,0.000040434968122101955
91206,0.0015157831089168399
79423,0.00006572883320058338
98125,0.00012131297394571407
60191,0.000012050140277182395
84044,0.0004469604752859739
28590,0.000011694341002927218
32533,0.000005225026287821933
99037,0.00023469444995969879
89081,0.0002538306680826145
84663,0.0002582985494920199
59101,0.00009156320474594899
19116,0.000012525357742201098
93022,0.0001524089890718012
49004,0.0000035393179331308885
80211,0.00025015638527354573
54650,0.00002087353818233269
92395,0.001042061160731227
29728,0.0000010514511611153864
81632,0.0002322165807169294
60513,0.000014193851308060981
29627,0.000008880519873581363
73107,0.000016144840055290602
12208,0.00000818839907363363
95823,0.00014500287063097615
78728,0.000008877273385363958
53202,0.00021160332034471675
13215,0.000008901893675053027
38017,0.00017922578011116027
94931,0.00009449390650168076
83858,0.000044379908347771284
54449,0.00002088026003382285
80107,0.00007987187176696879
89403,0.000028506212970241914
68105,0.000049863175672856545
19966,0.00020811942839651522
28112,0.00007791327921845146
84116,0.0000698189969413921
87508,0.000057551862537322224
53149,0.00001565051365586914
44708,0.0000013635093255671667
32246,0.00000785345770879256
21075,0.000018051447591160425
97502,0.00007923658359821496
32920,0.000016793315889900802
89060,0.00004500458668377001
06488,0.00012827431351036984
95726,0.000021573627026209466
02149,0.000035032519430733214
56301,0.000017577599568827662
08053,0.0000624995568722288
77019,0.0006785800053324582
48044,0.00016142253749716018
30062,0.00014794586706874842
91354,0.0012729481367258933
85623,0.000051762004446586786
23838,0.00001131770584348513
33981,0.0000193268383077575
46204,0.000060685379281267776
33573,0.0000437649049078698
98077,0.00005326302319046241
95695,0.0003454713867968966
12143,0.000017506360919691294
85004,0.0004016455464960432
54660,0.000005681493486466966
89102,0.00014587320518025118
40218,0.0000756424849604168
53097,0.0000026847563913789337
78840,0.000006796773890206786
21117,0.000028636395609132054
80221,0.000037941633628420994
53703,0.00001875801921604176
93012,0.0015698522224391936
84653,0.00008784041140185613
28387,0.00003299402730030995
19701,0.00005564231801942347
32503,0.000010081952874036295
93635,0.00008585056478819604
84074,0.0003058099251664749
33411,0.00007825252324798342
98115,0.0006552606695383556
91411,0.0002360818998935081
85741,0.00014781014737569133
24477,0.0000019866186965534926
11530,0.0006641223674245677
70117,0.000016368526254266025
79413,0.000037482185867757754
29501,0.000014311016857248854
02703,0.00003272330929556632
20005,0.00003621474347908702
48126,0.000007374865991626962
29229,0.000004295736764807126
02124,0.000024162980361518714
33950,0.00002672208416310759
91950,0.0002660518014289787
24014,0.000010905413220402245
34685,0.000020524633426332947
46122,0.000010079205002594523
92344,0.0005993782837979992
73065,0.00002374375040532748
02806,0.00007076394065997283
29745,0.000012170522078471028
55439,0.000028812143721110775
98837,0.000047588780789063936
55311,0.0001363960820391716
02360,0.0000698658588648331
34639,0.00017802503342715688
97003,0.000256814326859674
93930,0.000022353253101252295
83353,0.0000982742621307017
78745,0.000264973366673516
14580,0.00016312453640311133
83835,0.00009666021065953422
87106,0.00004445895461802072
80011,0.0000716047732374439
94566,0.0005565911347054911
49423,0.000028151998947003684
21228,0.00010036213950575815
54911,0.000009702398691038989
94928,0.00010278766680698652
93405,0.00019727636368531664
99338,0.00010068206817499375
59301,0.000006256009641957541
78731,0.0003532205315395577
93222,0.00019863178692383437
85259,0.0015767979309376018
98502,0.00006999069809301785
12211,0.000005313418479520996
24060,0.000021280456809857186
48219,0.000006720381980279077
88220,0.00009166369805263831
42303,0.000019667641918324732
98296,0.00011178411643916911
48316,0.0000021006122934356564
93066,0.000026432417371740474
86403,0.00038636524077359193
33897,0.0000065711738801921
15085,0.0000022008691891173034
60169,0.000010551527519019207
60641,0.00003830637270501779
20759,0.00012382683798830532
95630,0.0009159747389425329
55121,0.000008293247896884345
77627,0.000007819419572588252
95118,0.0002735139435558084
29575,0.000023840154056000594
48152,0.00004237600106700444
43055,0.000008313429291571451
32836,0.00006041370986651934
97233,0.000016197196121738266
94105,0.00046022919124983437
07430,0.000016435567275402404
50266,0.000142462990400344
44039,0.000013281547108599656
53150,0.00011666324385090681
44136,0.000010300974873023678
13760,0.000006267682690081305
19152,0.000023037369597711282
99654,0.00011530126729422622
23225,0.00002390278681091968
34243,0.000023215097432355136
92119,0.000593976752796699
48183,0.000032398102069030376
98003,0.000051271272855970597
11201,0.0012090823502157412
33408,0.0005493356430930055
91320,0.0014220232656446347
90232,0.0008701475962524027
44054,0.0000034184374779222953
04043,0.0000050769128040279825
84745,0.00006759739347805618
78230,0.000027502239977408444
93723,0.00009938859280481124
97351,0.000015787466524023775
80238,0.0002668024895518155
89014,0.000488965547828103
68512,0.00005185690297418091
83001,0.00042460303303567116
78653,0.00010162449518218921
94945,0.00012964516308472667
26501,0.000006543486993794531
84501,0.00008796718561683708
07716,0.00008714284246561562
76234,0.00010207964309458424
35115,0.000004608773927722279
28166,0.000016226311527393312
94404,0.0008142191426140386
85387,0.0002699056570596592
23061,0.000007676220824685629
55308,0.00003173846457249569
55420,0.00003270134433659153
85234,0.0006822617805039722
96793,0.00006213171519979203
46034,0.000015577859979667597
92252,0.0002472984569834524
30252,0.0002647667581922127
94108,0.000033377754350328245
75229,0.00027512994310290137
14701,0.00004922841915919797
89074,0.001189180967368413
83646,0.0008187635836655207
78250,0.00009375480187562784
80831,0.000023689345946966914
84102,0.0002176894513227212
78578,0.000033905778515669724
59047,0.00006979528406191112
30076,0.00006308479246593099
91340,0.00021659342695526184
45701,0.000006735991031367679
86326,0.00019321254191374473
23462,0.000022265156875976434
37115,0.00002325506851864836
91104,0.0016986454608266719
85254,0.0021215274547517573
55901,0.0001287072339026667
37938,0.000018658359419906215
79106,0.000028783628201232582
48433,0.000044185403503238395
77346,0.00010678618629469341
95351,0.000014280002743734065
96067,0.00012253510272566603
08203,0.000011949817001246335
80113,0.00028326223770558975
83402,0.00004330865709241432
53216,0.000005400236996010686
32119,0.00007026711156144462
90016,0.0005009254015830971
78633,0.0000517716023346522
10038,0.0001098919317464164
94925,0.0004763383046608061
55305,0.00004924093854470887
96722,0.00017283536822858343
74112,0.00005197058167126933
34105,0.00032611850266286264
18902,0.00004762081092304564
70560,0.00000437367791961078
08807,0.000025739639011072994
34691,0.00002017128327868139
39073,0.000009350878105489761
73071,0.00002532216878495516
64118,0.0000643483293723167
30350,0.00001527516093074858
95380,0.0000905527959141371
27511,0.00011259403420171062
84403,0.0004804684137109769
44312,0.000008674189104889205
32174,0.00007319312608229706
87112,0.00009828475501764382
93465,0.00007889199291447827
93924,0.00005828523579663997
19810,0.00015187476337859618
61350,0.000013219464584730895
94506,0.0012357251534922211
35630,0.000009399506155880471
87571,0.00008985060960111313
50309,0.00003039720827892001
84060,0.0002575897404545007
93109,0.0002318252443208992
43035,0.00005620552039561139
47906,0.000028204404336432364
75244,0.0001574178448870367
80235,0.00001509847525705648
53083,0.000019207535951022533
95650,0.0009432312880177478
30680,0.000017005552713405366
20011,0.00013575781543750186
23228,0.00000898086907015665
46814,0.0000683621913649309
02130,0.00004761700647917656
91405,0.0005606206185253722
98101,0.00043175337935822175
48081,0.000010602778936449251
98629,0.00000865630138502403
79407,0.00013917071511540028
01960,0.0003649914682147317
92114,0.0003526494437840121
30114,0.00021314454827535848
18020,0.000021123156082007
45044,0.00004799834291606077
85755,0.00025981661379486694
73703,0.000035404152626806716
58501,0.000012908916679017936
85263,0.00005155107480381019
23185,0.00009945833227500236
48390,0.00014577988402348396
33133,0.00023860173541829428
06074,0.00003916672159479174
08234,0.000024451215901374243
98584,0.000031093134926309914
95366,0.00009009120129264756
23139,0.000022528878391229994
81611,0.0001883122082047221
96778,0.00004178691913867912
77459,0.00044930132092723584
49331,0.000004515927497330882
80124,0.0003862325100796533
21212,0.00004820753853628513
22124,0.00004711955641105747
53406,0.000005010974114710087
44460,0.000003940673599744686
53221,0.000019509086966105926
78023,0.00003344573322235047
32606,0.00000902085354264729
32903,0.00009420941218616383
80547,0.000062887753282026
94030,0.0001684337766104427
97306,0.00006488827569628741
97209,0.00020216044260378202
35209,0.00009974070478205266
80909,0.00006120788395607645
59758,0.00004050283641143002
19067,0.000055472419930261076
90265,0.0010995326871100922
85027,0.0009575198991525324
30041,0.00037523934857981684
91377,0.0015991685613702367
85128,0.00021126975845923892
37091,0.000002855686870782327
46227,0.000027589118521059598
15003,0.000009763711180325108
55014,0.00005204773839033392
29440,0.00005336832874343657
85194,0.000028386426014420117
48067,0.000008267616401204376
37122,0.00017715252336338448
95122,0.00003500915395814988
48168,0.000010657306767522127
23455,0.00012930737386770253
48640,0.000027750086655239005
33811,0.00000449910793761416
84057,0.00009560066050494809
99603,0.0000071959064723744815
49783,0.000003104308300934388
75454,0.00010305841740578081
17345,0.000013564837624849728
40513,0.00003232754892267675
80202,0.0003711847355572086
89706,0.00005460907547777062
22202,0.00014124241542742282
83713,0.00017731950476716557
89121,0.0002384221769890515
28217,0.000017009258127194633
20601,0.000009114523860170283
82601,0.00003278411348631335
60616,0.00013677087793901243
55079,0.000026072210911311254
37040,0.00001040602138339108
77057,0.00010341104796391449
60031,0.000023951239489373884
48105,0.00015209662017814864
95667,0.0002786382609820188
18017,0.000039557768575852146
92123,0.0009279214259610152
85145,0.00006750047099361351
33432,0.00046395516595027587
98136,0.00026570259993554985
60452,0.000013326625584674316
37204,0.00008471269723229973
95204,0.00005580323727493951
34715,0.000018075875087881504
27526,0.000050530512775916637
85301,0.00007026166541668722
78669,0.00014335138039648943
19341,0.000009690236323211241
54220,0.00012717319958043514
94531,0.000150441753450633
22046,0.00006693312286707688
94960,0.0004825230592700133
78676,0.00002027955830578463
68154,0.00035587621918821156
75028,0.00027700297902865344
57006,0.00003604232175271799
17011,0.00003287489418785279
15235,0.000003531198931271032
02474,0.0004112041636504947
64083,0.00001664055591056431
96022,0.00022111441587644
55405,0.00005135647837398876
60542,0.000007908879061069831
27539,0.0000406570597068411
20814,0.00005730400339068699
55391,0.0004635676800218189
98445,0.00003016209560463152
92277,0.0003090573838513518
33141,0.00030901758519602616
12571,0.000003425849787234982
48838,0.0000022557770881804557
53122,0.000011153940122072768
44144,0.0000102948656338226
84655,0.000085375587620025
19608,0.00003529500368588696
53705,0.0001725143485713093
80227,0.0003693534706142399
89104,0.00011693631006117607
90291,0.0024688710475574316
95065,0.00008125371050346379
06811,0.000019016687847812737
56442,0.000023563156457857606
95642,0.000015832936509069336
20003,0.00012947701751596673
60014,0.000024637730290294293
92106,0.001461366140331666
39402,0.000016314476522554177
85747,0.0002684237489822889
33417,0.0001402848466033753
85648,0.00004449995934884239
30009,0.0002752084609496872
94015,0.0001327804460367259
97504,0.0005809124330310434
89169,0.000127881073455667
17202,0.000020050546684240062
75287,0.00015554726460613653
84737,0.00031609768640671976
07307,0.0002764964539236923
87401,0.00005564196652653848
44129,0.00004205648849214537
13057,0.000005850709421793146
99163,0.000050906267501947585
44601,0.00000966773526148744
86334,0.000011470410349835929
95693,0.00032654502033047447
34957,0.00003563841500395847
91352,0.000865131478018463
30064,0.00018925078561778786
92064,0.0037902628632878583
01810,0.0005854846126510928
95008,0.0004723031035520532
08055,0.0002461507834360658
48042,0.000027505855093891522
15601,0.00007317491269285063
34231,0.00004474354585601947
33019,0.00009215086137485095
92407,0.0014053603120975607
95825,0.00015828961194588203
37825,0.000007191603450292358
92220,0.0006352737964699299
85349,0.000057130333487012694
45458,0.00016604775479444586
64068,0.000025097466520733144
29621,0.000017918943994498893
34652,0.0000047517221043304634
77573,0.00009987472108116934
60515,0.00017534446958736535
37343,0.00001689650612109096
77354,0.0003461326474793946
53590,0.000011093335130834054
83338,0.00003882150479208456
44904,0.000014537897110285194
94579,0.000012948926133739377
75757,0.00006709380165852651
97068,0.00021641191264768053
22101,0.0006005975596020907
78621,0.00005008916285074363
90004,0.0013737715322109207
78109,0.00001905136002303803
53204,0.00006051892941163448
78006,0.00034605033805641726
60655,0.00008421357317869188
02144,0.00002839634755849798
06877,0.0000126038244687169
95003,0.0008756661383723827
48146,0.000012780174903862716
79932,0.00035828702368300444
95624,0.0004756916366668609
85009,0.00003538702608021974
27106,0.000018312215109683748
32563,0.000021602516770513762
53144,0.00002063103554073517
84014,0.00014035282280112636
07424,0.000015110120812942539
19146,0.000028744581359417178
87505,0.00018565185343672448
78249,0.000022952727322685514
44122,0.0000708668165471839
80241,0.00006658573043318749
76009,0.00003778983043017384
94111,0.00011635861373826641
97227,0.0003746225311720682
75230,0.0005242415175860714
84780,0.00041588913244271973
32822,0.00019563439737218602
31411,0.000039063586958351364
10021,0.00038703187967617546
99223,0.0001664862655213694
07047,0.00003542917036998057
80005,0.00009835781120813893
89501,0.0005538111583959088
83333,0.00023811613854906179
75074,0.00007452342086838682
68007,0.000010783050128407959
93950,0.00007138225693267985
60411,0.00001547563064855075
77578,0.000023803297122809923
18976,0.000005603509141165848
95247,0.00004963672699174786
95348,0.000029947901760499774
55371,0.000030329457528505114
96756,0.000030944020163416625
98282,0.00003256257642154968
37921,0.000004238604733360184
46142,0.00011861713735420552
98516,0.0007457113534752355
08873,0.00004275782492125482
12205,0.00000828592683389283
59911,0.0001305642582919708
75019,0.00014194250671260454
54301,0.000013483438249520078
94951,0.0000465869506571733
90062,0.00017187930373813504
84332,0.00013362326266261643
47715,0.000002774517266231235
78748,0.00018339891149889235
34787,0.00024017557744774026
73068,0.000009308591729446007
30349,0.000059311844667380766
12540,0.000007732382880926276
24019,0.0000049878215902965
95843,0.000321425853788879
05495,0.000026041152707928968
55434,0.000012186307593599178
11215,0.00017927003970142087
12123,0.0000023544235646508917
48197,0.00006498455647062559
45152,0.000013671685019339386
98118,0.000024087236913229765
55057,0.000046232854983342066
60638,0.00009259006295138483
95746,0.001278853463186681
02129,0.00004503407125527
60110,0.0000431620932977255
77079,0.00018478091795147525
23231,0.00001683568307938622
46902,0.00002322734894527278
20008,0.0001359413980659846
33852,0.00003127617132656093
48603,0.000016872907703534332
02026,0.000005780685135239225
81416,0.00008634589926160217
80504,0.00021139268124904594
32940,0.000022939777290392043
43123,0.00006838708530172195
21015,0.000023468460398217647
68506,0.00003979714829789915
93638,0.0004525859979618964
93110,0.00042474866795552186
32226,0.00004998825537342516
90401,0.00032605913251563005
13031,0.000005250054781291628
50310,0.00001243028878161847
37167,0.000009349917676870726
23237,0.000012314753740788687
29405,0.000037737884717668925
34476,0.000012907078725536498
30004,0.00038264856686151484
92004,0.00012959261496829744
98011,0.00008617360506364897
19605,0.000004839092339446994
44149,0.000009832625581800077
89109,0.00021090875709858485
83634,0.00008074571308792114
43125,0.000003009600222148773
32643,0.0000059960689129229635
87002,0.00001662920017678795
90064,0.001941154679754022
78641,0.0002836321030841295
44202,0.0000215113891093544
76401,0.000027538067916076703
97008,0.0002024774827322038
28753,0.000008733433208704617
57719,0.00006685893876925491
17601,0.0002588957691125336
76226,0.00033547262743216597
94519,0.00010206215305939742
07090,0.00016752349833272406
55432,0.00003079393418386389
37323,0.00001724703041370283
85395,0.0006043289369374972
33176,0.00006001492240966379
92240,0.0013091322898376595
77388,0.00009066506899466473
85226,0.0006256530559497068
43203,0.000006144980125222495
89408,0.000017382838095170287
80003,0.00009130531029021677
22003,0.00005792092100600908
94574,0.0006485565980246571
10128,0.0007989028573636401
53209,0.000006131149256957377
93230,0.0003296477478065462
78723,0.00014042276858710465
07666,0.00010592394170630172
10027,0.00009907470494865875
82941,0.000006724672386566051
95828,0.000041053660224471504
12203,0.00001579933294973891
85344,0.0001823350895988913
29690,0.00003429025382706531
58201,0.00007394248813333532
73003,0.00008293216415737497
79119,0.00004945830730844654
77471,0.00003920517083293982
98284,0.000024798182313652075
96750,0.00002939278065142975
23111,0.00001771023196885383
60417,0.000004632828262176827
08534,0.00009398665184874896
33477,0.00018240100811725416
12047,0.0000041639012917203894
18052,0.000009406524735179657
45036,0.00006344957351830345
33578,0.00001672115552346155
60074,0.000018180683306160764
01453,0.000010546858134265053
60653,0.000003295727375160395
32824,0.000027241920565654063
94117,0.0009961503834805408
97221,0.0014241806281696365
36117,0.000023816149068051167
80247,0.000071117894779465
54021,0.00022626712714191786
44124,0.00002006060707812456
53142,0.000026341139689536994
80921,0.0003178335803084768
99611,0.000007790982364307108
93023,0.00046767243436161084
53115,0.000010275626206995223
84045,0.00047506205551281147
21029,0.000180826748557713
21701,0.00003352305904698542
28205,0.00011665662824143364
80538,0.00015785858476215494
80210,0.00032572453932778176
38866,0.000007754658284491332
20613,0.000024021489060664032
98198,0.00001352712180707886
29483,0.00003730987351847537
20187,0.000010735985528044692
33308,0.0004581257290463455
12010,0.000006378077348474177
01945,0.00002980902386819056
92131,0.0010432361806017728
06468,0.00013625199484930322
91207,0.0004990595349979868
55408,0.00005158419274222032
96707,0.00009144020272197475
30813,0.000035926262678079986
60440,0.000013621528944770173
15238,0.000013862244219264265
34120,0.00018883931160889564
37216,0.00003498561347535929
86025,0.000007498496819419472
08822,0.00014768094271396084
71270,0.000055659567675338584
07016,0.0005740342575864468
93440,0.000020280118510726818
72761,0.000014417665678859589
71457,0.00001941205135024377
66216,0.000010956896558131767
75025,0.00041060365435848737
93901,0.00020432249436422732
94523,0.0005268924428030969
75602,0.000005850997101388479
57104,0.000015334455855612887
05478,0.000005617049221985943
60491,0.000013243478023266898
06066,0.00003715367817801752
33609,0.00011221489482895469
20874,0.00005649982103529311
33706,0.000025849482371751554
48382,0.00004358637934266692
30318,0.00013519412514314082
74055,0.00002212362312503867
08226,0.00005441334550553758
75048,0.000017903397969435904
49504,0.00001376017034791951
19382,0.00006874148536111946
22039,0.00004446466047509248
07753,0.00004419863666270674
31522,0.00017169682204897318
93305,0.00008594241177004448
28540,0.00005669606434971273
21044,0.000022240723730055026
84094,0.00017328348282621658
94605,0.00056992293343218
94022,0.0009013061764595332
49068,0.00010541775337101302
44011,0.000021331208130258785
52742,0.000004749545194718951
98661,0.00003399620621421065
46235,0.000008234349685432604
27612,0.0006064667698870873
70663,0.0000514024102607829
86303,0.00007616470199809767
85035,0.00006670667964826424
06405,0.000013216313332577554
95130,0.0004511577895826073
37130,0.000010423433438326554
33803,0.000011208336837829112
55109,0.000037000758937951436
95618,0.00031732110131549237
38058,0.0000238311785961264
19468,0.000016065172235157874
93274,0.0009583078745129529
87124,0.00009354961994841908
32765,0.00005214352926692913
94530,0.00003823491813510759
34714,0.00003802622438724994
96714,0.00009195121796724522
37205,0.00004427351073388916
95205,0.0000662659008375851
60453,0.000024212933382283008
70817,0.00001827687569706196
20905,0.000026500374031885963
08831,0.000158621187031169
77586,0.000056818008071568
98373,0.0004257734383387229
30269,0.00011844264435112086
67218,0.00001904606772905998
11756,0.00006594365220707818
96080,0.00011350670563613016
45236,0.00007210040783221206
27527,0.0000814835467669517
60030,0.00009724391404306884
48104,0.000018825658157627577
77056,0.0003444687752868003
92091,0.0005314879094109421
60617,0.000030358816262908465
33433,0.0007372767241738301
46563,0.00003766442446377378
20194,0.00004291883084248411
91214,0.0020479040017445864
92122,0.0016416520030326889
98038,0.00009934620618462174
87547,0.0000484027820727719
93030,0.00025399266067498236
19104,0.00001683689671165115
80498,0.00007166662290270313
83712,0.00012157594590760572
28216,0.000025221118615532667
89120,0.0003428695511149496
80424,0.00010844654322343412
80203,0.00005768297705985012
22203,0.00020191718764879296
46226,0.000012162273932581528
30040,0.00009110417856614421
37090,0.0000953465821037156
92040,0.00046357038654928445
98055,0.0001751794884306118
33810,0.000007333721652287541
23454,0.00022759476003011674
48169,0.000028590895544274933
95123,0.0003580849052809656
48066,0.000015118243563560501
03079,0.000009153411084703682
97520,0.00018145839773217937
84087,0.00005870527841115208
54720,0.000010252616571989046
22546,0.00001025966880488927
28374,0.00005241649034158749
10990,0.000002060834096100279
10562,0.00000915012509984131
80908,0.00016659756525550437
49418,0.000021416175559600883
68028,0.0000072465595895847755
80125,0.0007251230573589288
75154,0.00008682752270118549
76262,0.00036601422573435705
32607,0.000007006193123104674
53220,0.000005841605388151374
90020,0.0007728971785122622
32708,0.00009362944676322942
76904,0.00009512732936712049
37801,0.0000676833202114802
46062,0.00020118419431458168
33132,0.0010187601783601403
85262,0.0006380814641249027
96779,0.00007521297756813539
95367,0.000016945268374866422
63020,0.000006901292993450176
29605,0.00001708454801441617
39042,0.000030181588503367885
98374,0.00006059051718812488
77581,0.0000660502385091477
20902,0.00007999146053397188
85307,0.00006165682428242752
05401,0.000010861600510130173
85208,0.0002862776552344024
27520,0.00001513826013676664
95425,0.00017517119518653944
34134,0.00010839218718950873
76208,0.00004705980696830265
57110,0.00004073694715530862
97601,0.00040292407152771385
35601,0.0001423297497904046
07002,0.000024914102914385688
53562,0.000033450179524631373
87123,0.00009093650356547403
93454,0.0003559848344243534
43004,0.000028504612992923176
28211,0.0003258242939211087
07920,0.00004659630061058904
28539,0.00000146752490468172
43623,0.000007676565130254402
40515,0.000019215721193498128
80204,0.00028461115838042964
22204,0.00011441812996443737
90301,0.00023552547643978703
19103,0.00003304440183530092
32526,0.000025494053330280025
93610,0.00003234289119258791
33434,0.00013160350812172535
85143,0.00033895510232230313
96816,0.0004948525832720059
95661,0.0008458646405222412
20020,0.00004401471955721668
48103,0.00007911185945525151
37046,0.00014547055259079466
46825,0.000015474767248571308
95046,0.0000623333141460071
30096,0.000028608569342568365
15068,0.00001619527977611817
60610,0.00012011524235100372
78261,0.00004145410553799122
44622,0.00002069362801015548
97527,0.00022065085394205603
94611,0.0003473626845995075
75218,0.00008919652448636056
76021,0.000023348597967400087
17406,0.000028362610984769228
95124,0.00033325292493277975
34212,0.00019562527101220085
27606,0.00009164605404520162
30047,0.0000668885328501481
77080,0.000016259941615561715
85021,0.0005146464290496785
27021,0.000024432886151640788
98052,0.0001820579025040527
33556,0.000322306055890248
95448,0.00030433262560258594
55359,0.00005549456219151925
95360,0.00005680734240483898
77377,0.0000582313953638572
60439,0.000022601319827929263
18337,0.00006171301179221218
92203,0.0014647027532653158
24153,0.00003223562757983122
27265,0.0001224367019496182
37909,0.000006528104813135393
50111,0.00003075014668380462
93536,0.0008931872320186615
78602,0.00003904780037268377
93311,0.0012613710694809714
90027,0.001127402933474886
10009,0.000811341524517262
35763,0.000008968187611073223
80122,0.00009961916204157541
92284,0.0010676368866275581
60402,0.000018322461900128916
48439,0.000017920449775276063
55362,0.00003366317094696075
91001,0.002047624638107726
37932,0.000009480992236053931
33626,0.00012011626603080162
85351,0.00021085499209151488
99518,0.000007080123325486226
93402,0.00046459756813188125
07054,0.0000639077647308394
93225,0.000041373855274889185
78736,0.00011515938515008846
89512,0.000020247914495292878
80016,0.0003690109198840062
49203,0.000002491633377568409
94561,0.00015391150419200004
36561,0.000030544543100911524
80631,0.00009268717003625227
59860,0.00022178854273723783
35758,0.00008114594735376413
49424,0.000023603403300336477
97070,0.00014364946212403696
75067,0.000053926109986634626
32258,0.0000415200365785797
32570,0.000018997883092092905
44131,0.00013909236918029173
84108,0.00039794833174278083
78572,0.000030115466830282454
28460,0.000015056217527539788
17315,0.000014561646373333013
94102,0.000548639855500354
77007,0.00045785937798272695
95010,0.0005889306558552923
60646,0.0001127762185592677
55126,0.00006524789092362727
60061,0.000031517638349593464
29572,0.00009630098164182475
34229,0.00007824351933521035
92173,0.0006172830300666858
86404,0.0007399499679328441
74857,0.000025106309902483476
33462,0.00014401565369834255
47803,0.000009782278712653678
80517,0.00003700992685173272
32953,0.00002488456419524475
43130,0.000008269918610755303
40206,0.000028039220172599706
53089,0.000014864429588169484
93103,0.00035842877900013815
99019,0.000052663214536049706
44053,0.000006463990477883202
10314,0.00007129049154982204
19610,0.00006921645110648262
11206,0.0003004820667288813
98004,0.0013894389230008181
02186,0.000047265207159701315
85650,0.00012126434106449854
33327,0.0003746562205421085
60103,0.00004332002177443947
23222,0.000014263490368680815
55044,0.00015607718964612965
88101,0.00003544604658307999
48138,0.00001909625084545434
37172,0.000011630006456521275
64112,0.0001246315100668947
85233,0.000375337371763295
08902,0.00010508977422342887
46033,0.00007119220383513874
12553,0.00002158378070435846
98926,0.00005782882950347392
15217,0.000013444956135809118
29073,0.00004236833665583864
55427,0.00006670862039776648
95336,0.00018538733225839535
49546,0.00005098486586554032
94403,0.0006856653876814986
17033,0.000004231791398731434
90071,0.00031906846813293063
93560,0.0001217925975178251
07039,0.0001208739925899092
99352,0.00003403595200050324
19454,0.000009019083256617337
84321,0.00011142165233796354
53963,0.000004745667285012881
28732,0.00004023304970976842
49315,0.00001264637339990494
28115,0.00004421998029198699
94578,0.00005487762544701989
68102,0.00002111189429286136
93280,0.000012670287573014347
76247,0.00019268012221213747
44444,9.394327963723744e-7
13212,0.00003875026360150305
93514,0.00006469941344096573
78108,0.0000468175005387005
99501,0.000010670018038688081
90005,0.0003511712260750907
78620,0.00013802686805270198
45459,0.000011398849661906637
95824,0.00002472097363165457
55912,0.0000073171274003455
92392,0.003205511676205538
60514,0.00002702771105698278
34653,0.000010004252741092055
98387,0.000053226987859132564
12866,0.00003152102204519682
92065,0.0007278072376106398
98070,0.00005370103081391697
30642,0.0001724964013425032
12144,0.000011294872286371336
85003,0.00005491354565534099
86335,0.000016658884932946845
79938,0.00007397632606846365
37721,0.000017500403277510593
60177,0.000010215909284803872
29464,0.00004765295285488531
08054,0.0001701692349156596
32828,0.00004198562256881377
32927,0.000013652347893387715
94014,0.00013970450410586842
97322,0.000014429335973397778
07860,0.000011251767305975462
84111,0.00004770974883592223
66106,0.000012010193482269528
60015,0.00003071935476463184
20002,0.00010138618760124408
37643,0.00002787926644305178
60632,0.000013106383563380372
48706,0.00005171933680062483
06810,0.00004216820661882098
37064,0.0026602016225301004
98686,0.00006337781587313443
01581,0.00009083075068200954
70737,0.000013459166288129779
98112,0.0002839792767802543
30720,0.0000889409097033366
85746,0.00014053999258777065
12601,0.0000059852621095128376
92107,0.0010115538398468371
93015,0.00008376079811964638
53704,0.00003027878045410353
44145,0.00008874407437560091
32504,0.000010702432230954174
90290,0.0003607663283340425
22401,0.000011586889192137973
80401,0.0004131728799671273
43026,0.00005340095002852877
83638,0.00010303294193839596
53090,0.000009660977204122855
80226,0.00005447958625301434
19365,0.000004770422556225955
90068,0.0009579926702345122
32068,0.000018299892312224637
75013,0.0001126287787554181
19803,0.00008452993266199572
94515,0.0007286635769052482
76502,0.00006784008605182651
85296,0.0011542034728740064
55316,0.00004373820443781093
95407,0.000028793399683148405
15301,0.000025324860718576866
37220,0.000007358151224995626
37849,0.000026047049043155987
95946,0.00006474490053119154
27502,0.0001288273376637749
77384,0.0000327489656466644
19073,0.00004888246029199837
76180,0.0004147987779442112
44017,0.000005439654730638121
44118,0.0000827483978332124
84121,0.0012941848483675016
94024,0.00042209758392454806
22553,0.000007465768251143635
89158,0.00014751893155455473
94603,0.0002013257582543294
32818,0.0000021964335807839024
28546,0.00006360841235462743
21042,0.000015501848600843264
84092,0.00033320267119066506
66085,0.000037226695337989355
48073,0.00007877224301253103
77706,0.000004105722247592575
15017,0.000009213014059782865
60048,0.00012654859645867795
95136,0.00018914282505262594
86305,0.0005972881033592208
85033,0.000026424343784319334
98040,0.00018311161073883417
33544,0.000059929927133814364
85614,0.0003342607348208483
27614,0.00007295871127739674
48237,0.000012519873812526925
58854,0.000005444309711451073
77365,0.000029319685568685607
24141,0.00001131067694706591
33028,0.00003625001050013775
20872,0.00004621653102507309
30436,0.0000073184907487381335
46077,0.0001474028830837332
37814,0.00000844376147688117
95814,0.0004408286087693919
92539,0.00005536409078858658
92211,0.0025022726121386165
85378,0.0002761707987350329
90035,0.0008692885312994237
78610,0.0010188975940973262
68132,0.00010784815968084305
89434,0.00008299114017128158
80130,0.00021860741225335765
20910,0.00014246408720824217
98366,0.00007318847225256758
95210,0.000033191422518556066
37210,0.000032609916055417156
60446,0.000007881500984632505
96701,0.00007835299952255729
95437,0.00003257938866209014
94525,0.000026659185799815735
75604,0.000017215188410245058
93907,0.00031773609829602295
31907,0.000016762481072101452
97034,0.0004939939791428867
49348,0.000013508577909334743
75023,0.00009219819894254226
54952,0.000015761298742735374
93446,0.0010222709131799568
78155,0.00005029238103851719
19355,0.000049540067744928106
80216,0.000012551087688953198
43119,0.000004335403898729886
89135,0.002820383385770152
28203,0.00011053378306349604
43016,0.00009858372786768002
21093,0.00031001710876649114
84043,0.0005074069729598671
17837,0.00001771302192268991
31602,0.000010626584352305069
13104,0.000022993214824115932
89086,0.00006925862712250573
75901,0.000004261254152484407
84664,0.0001373443690339713
59106,0.00006822047902826251
79424,0.0002397541201614678
60099,0.000021021994514108985
91201,0.0007124443014300844
86440,0.0003602740981666795
52001,0.00010277147255886969
98122,0.00013772128151426176
33426,0.000007241557406442908
29485,0.000008457152407624917
20181,0.00003461561430746049
56473,0.00001304691316088774
06820,0.00023958887751936782
77043,0.00004711872105082253
30084,0.000009665228980648336
95054,0.000151963648315583
42104,0.00001482585669349278
95673,0.00004739874385128463
48111,0.00004998420460009745
60025,0.00003060128077775654
20032,0.00009946489854036156
74011,0.000019149206489084755
55421,0.000008833498114502899
95330,0.00004586981460304967
55309,0.00000859667199026373
23060,0.00012852393391106192
34109,0.0001811744081082546
52803,0.000008736136911620783
92253,0.002770371173993203
30253,0.00001772664674099945
95959,0.00010815891087496774
96792,0.00004981501785375008
64114,0.00006814499737244737
99354,0.000020765211189179783
90077,0.0007299258825219554
21244,0.000030310080282047692
49090,0.00004846812491517506
10312,0.0001823418655658262
93722,0.0006741774171472705
59601,0.00018992987382498297
43085,0.000014310923241227931
32233,0.0000297390105573342
93105,0.0005380164079601846
38401,0.00006206432269506939
75248,0.00036540124768610785
97478,0.000018705896401922303
89015,0.0010240506698635833
32955,0.00003467703224081033
47805,0.0000067129647447771535
94066,0.00035488076248864765
37174,0.000057682001907630366
81403,0.00019782124143994433
20735,0.00005626650638565702
55042,0.000024157614209964098
81224,0.000024410553832765847
46818,0.000018446488526398174
23224,0.000005758118325888927
33321,0.00005607474023015382
98625,0.000051095014240028195
91321,0.0004250378492769883
91506,0.0005720022030169133
98002,0.000019906543022895915
48182,0.000011896696512522213
92118,0.004221718278750453
97232,0.000014308122834838805
94104,0.00012432686851706086
75225,0.00031871114874168727
43054,0.00009594420599879203
32837,0.000017257047863754058
97381,0.000014030840686441181
47201,0.000012765011769102547
53151,0.000024048727389028985
22932,0.00004376725476535798
12054,0.000023963152290196334
34293,0.000017083835843088037
60067,0.0002535465114868231
82070,0.000006052148168124533
55120,0.00001349324913556875
60640,0.00007832755753513705
02151,0.000015133603360712062
91108,0.0016825014965722036
12538,0.000005215691617557877
02481,0.00024208129120651946
37934,0.00001104647600706246
73010,0.000007797426723870562
85258,0.0018761275356222796
98503,0.00006810250478343821
48317,0.000009117517724979198
02532,0.00000996112937676185
29730,0.000025906008089457204
55364,0.0006593807922196151
96743,0.00006460049627208237
34743,0.000015557893483486145
60404,0.000017467059866175098
08527,0.00008057087904692884
83501,0.000015155445865806652
80010,0.000008446142745262091
19317,0.000009452364790087616
78730,0.00013168147940351545
07052,0.0001063195616633857
50023,0.00011579671707959624
79763,0.000004330922808915143
92270,0.002758983429867901
77523,0.000008674670527039388
15232,0.000023796842213681612
06795,0.00000990932215321816
77304,0.00004606344364101606
83440,0.0000395627832337144
75707,0.000013732574071607559
75093,0.0010912885263359355
03820,0.00002457871465339205
93545,0.00017475446951571155
94595,0.00047284811032269065
03102,0.000008230804414904498
40223,0.00003302144740905858
76052,0.0002814654364776685
22315,0.000027735336903879107
89139,0.0006588012771594088
10282,0.00013645628984235012
90210,0.0027820710153587456
32210,0.00002128728461955714
72207,0.000020936662898308834
78212,0.00006109887580914448
98021,0.00013399821805753492
98606,0.00001761525772210805
91302,0.005300578062205117
30034,0.0000791996876619525
33496,0.0003856435348011242
60126,0.00010112135823152314
29212,0.00001752270134494315
82716,0.00000761386847085574
80911,0.00002581257645611284
53172,0.000006484498487823982
22911,0.000026742101581339232
25314,0.000007879611477685782
83669,0.00028330122154937804
94028,0.0003207334615853088
28445,0.000008868312305669045
38801,0.00003316994887306097
97211,0.0002014117565243007
17517,0.000005279518334991709
94127,0.00015196839006160855
54636,0.000008454112994129572
75206,0.0006114986889852817
91906,0.00001963726472591877
95035,0.00029846922479516235
48170,0.00013846924900057152
60044,0.000007774617140602822
85083,0.0005905141490743582
33809,0.000002406029002328555
18062,0.000044704913666207834
52748,0.000018476730549227487
46517,0.0000057660603977941145
52060,0.000003416441086432264
23803,0.00000955565112877498
18940,0.000140651006111959
41017,0.00003697405162544996
77441,0.0002967216173264631
55347,0.00005107504127268994
56071,0.0001108003649907769
16066,0.00006274904515205941
37917,0.000008504189611416278
45242,0.0000719287126627214
98208,0.00016776009528883399
52403,0.0000891391972547787
33024,0.00008150295399985248
91024,0.0006238102429519271
30312,0.00002316619313885829
64055,0.000006878748035532007
85374,0.00018847506507910794
95818,0.00021153993209342852
93427,0.0001643870307479725
10017,0.00011962955286479751
22180,0.0001910308316833753
90039,0.0009965651348649652
94805,0.000017664128073067257
94544,0.00025966325087133736
22033,0.0001529433331722
28601,0.00003277548863471663
80033,0.00004365899657038499
54880,0.00003372929584989569
49401,0.000010339001710204326
55056,0.000005660018324017912
68507,0.000008637330606252715
21014,0.00006497264336035047
83014,0.00006592342936772532
76065,0.00009855565770541943
40214,0.000017638907702227746
50311,0.000006274842231885116
71106,0.000050707383451536807
93111,0.0007316398911539983
84078,0.00011361959442519354
53128,0.000009398058749613849
98119,0.00015452215603987436
91335,0.0005298353218761935
95648,0.00045889534682262966
20009,0.0002554173842321375
82009,0.00015411445416713249
23230,0.00004729120283441061
81230,0.000013730490277680434
48025,0.00007035139228348596
23518,0.000029667100771041335
95747,0.0008057069894468277
34471,0.00002116979211739645
02128,0.00001569038627134045
34689,0.00009008123963594196
95842,0.0002829323039482092
24018,0.000210707175010725
06611,0.00003354866774471908
73069,0.000048551910217147595
33756,0.00005341054583016078
96786,0.00003738280954400824
11050,0.00004270944413016612
34786,0.0002790630141834017
48446,0.000005520483591190822
95324,0.00001370773818563219
55435,0.00003418774449679833
85392,0.00023245283083865007
95503,0.0000572058030133954
19808,0.000019007634241266006
68164,0.00009010320160845621
28173,0.0003109786319621103
19446,0.00009858347411382925
78749,0.000018259345597019094
84333,0.000025643883425301267
99567,0.000011659212217150377
95461,0.000020138950787473414
23116,0.000029284045956288453
92399,0.002838735711333444
12590,0.000014268161430824081
02301,0.00000795205652271118
60410,0.000006350793926952438
15801,0.000009913451343076155
92325,0.0005365116859281391
37920,0.00006333132059435238
46143,0.000017994701873499083
13219,0.000012559055010512255
72019,0.000007519362696381197
54904,0.000013867311099284425
83854,0.0002771519690548522
31410,0.00005422110554965254
32726,0.00002833780927017243
38114,0.0000020153256804507736
43204,0.000014681232948590333
75075,0.000461152112524373
28739,0.00013499871317312954
97062,0.00016914493662681498
80004,0.00006723479185192302
78248,0.0000068873527616475325
80829,0.00019782402279934616
19147,0.00006966640966336086
84015,0.0002765126326832417
93654,0.00006219980802540531
43040,0.000010331769621851458
75231,0.00010090837165339288
76107,0.0007411419200285052
54601,0.000024675822948093412
35226,0.00008030540675260437
94110,0.00019722475247376713
76008,0.00043149282879142954
97401,0.0002222385503558923
77632,0.00000353321976515803
06484,0.0000843355317420431
60073,0.000028810234621165825
56425,0.000009952377721461526
60654,0.00042296959150710895
33470,0.00019272086107091326
15090,0.000009480334876676742
46208,0.000004623594420996397
23834,0.00000783014938438265
27107,0.00000915180197105709
18055,0.000020464696023832356
30161,0.00004164053583260621
85008,0.00044831260037277973
46307,0.00017317014945790048
91605,0.000377267904403562
30533,0.00002518593052906926
11103,0.00008720025039650743
52405,0.00006482352759335073
92314,0.002291505475775876
20878,0.00013801108916538092
45244,0.00023327090118392715
96766,0.000044079370523774676
73089,0.000007830877259193932
29715,0.00006208531894560923
41011,0.00004722700141201821
02330,0.0000045600865489391195
08502,0.000040247995911031766
93960,0.000019284270250911266
43235,0.00038762469154990836
99587,0.000007296842900047348
94542,0.0001375692959600119
36542,0.000010338688258097626
68138,0.000008168278165030232
49508,0.0000067167914350171255
94803,0.0000967980358146938
87059,0.000010516891942309944
54935,0.0000063229650746627885
93309,0.0008697070249443508
10011,0.0004564426293942564
38125,0.000047042398218424417
78132,0.0002306371491381146
94609,0.00006802680314667287
32812,0.00007227037039757978
84098,0.003619062951639732
97217,0.00012263028932366825
94121,0.0006178546117483079
28443,0.00005684238117889659
76039,0.000062066110059938
94706,0.00028792455171265674
44112,0.000017923721502751446
66614,0.000021770762775969903
76085,0.000034967561023004006
80917,0.00006701614664717299
23805,0.000011465562808558161
46239,0.0000067245089199473145
33441,0.00009223241567654116
77098,0.000019170040261700425
18064,0.00003289033353421121
85711,0.0002655526973284603
55105,0.00020534190944215456
95614,0.0000450012594254666
60042,0.000004849518296487211
48176,0.0002965024083114487
85085,0.0007192563183437485
77024,0.00035761984344200324
95033,0.0001671682883104671
40299,0.000013975487076012411
19014,0.00001522878235477084
32216,0.00003009199886803598
84049,0.00037855001503549364
89183,0.0004468867715982459
80487,0.00008925687012499982
84761,0.000007971701444901153
44070,0.000026676670086612137
28209,0.00004727872394077824
94043,0.00015887479874274982
49009,0.000039438320945962383
03104,0.00014721136247090627
80534,0.00006427861502288708
89030,0.00010836179338525448
61615,0.000021177618727965124
43113,0.0000016783585410815866
60707,0.00003878570258948021
42001,0.00008679738316603325
60120,0.000021242836711485234
81201,0.000008322912557143279
60608,0.000033221735863651
95776,0.00001717842429745478
46254,0.000026936825312147143
91304,0.0011063223918069951
60093,0.00013308121202115254
85054,0.00039950226172061587
11225,0.00008422834533823396
98027,0.00010520262533537555
60543,0.0000069559417735470075
55404,0.00001764360163206098
45840,0.00002271093664380404
64082,0.00004946926354616609
63052,0.000019392264173679358
12831,0.0000042887970670635605
70808,0.000017066465104739064
79765,0.000013403422161061883
92276,0.00017417705436319412
33140,0.00009783322412272821
67207,0.000018097998538512245
64131,0.000020125143742040133
85210,0.0002366696357899324
20815,0.00022603759674484823
93543,0.000041608159966759123
84302,0.00006104172882395762
47725,0.000009869094879354095
26525,0.000016021256868868628
75701,0.000008771971339046686
36207,0.000005863906252281428
76210,0.00027421853522611935
75126,0.00010354219921832892
57108,0.00007075109816797218
94086,0.0001993068776869288
44106,0.000023187780831993017
22903,0.000038593220896678995
80903,0.000026304925373506582
32547,0.000012834681998704805
44721,0.000013212510589258302
75214,0.0001906496303650233
97203,0.0000599408821566601
40353,0.000004331549859609989
43065,0.00012820940836441708
32806,0.000010345400803527034
89146,0.00013671242747486043
28270,0.00008265950571720129
97424,0.000031125972644082555
95128,0.00038892412252303606
37128,0.00021938920031819344
48162,0.000007588832391521721
60056,0.000012440728553724395
15009,0.000007219160752027629
33914,0.000043924798787059665
91914,0.000429327251780145
37027,0.0019036109334398114
85122,0.0001903119216982154
33455,0.00005557769932627458
12065,0.00004279483441823716
27705,0.00005960164838373355
85705,0.00010500418882064483
45014,0.00017279881841641102
30144,0.00002505261105270808
48326,0.000006369736298660994
34772,0.000009552729658085177
02324,0.000016447924862660405
60435,0.00014805868606658994
41005,0.000041970075664007753
33139,0.0003761391265401521
33611,0.00005608795632208987
08857,0.000014153809014565144
85541,0.00012701324307750136
60586,0.00003226939345707369
78701,0.0001381756957318384
32124,0.000026068196153430204
72714,0.0000591145141080561
10005,0.0001029101701963796
32703,0.00006487203872465736
22192,0.00003313025453771459
75050,0.000025643615009071473
32097,0.000010440074965217099
43221,0.000028515404734191078
83530,0.000003240269153483816
94556,0.00020766967228680086
80021,0.00010825467449383654
92262,0.0017741474322312812
33154,0.00024513920722113463
98277,0.000035799790738396494
82801,0.0001156148226706733
85204,0.0005074976318698332
95301,0.00010379140054862874
55410,0.00008892351280400278
77316,0.00011050815934230147
97702,0.0009261684440501569
07726,0.00003281701283545056
54843,0.000005938618341366381
94587,0.0000984067198903757
38053,0.000008307550321141656
93458,0.0002055832729962934
90046,0.002008899681876343
22307,0.00014477038857950154
94158,0.00012238660429496996
49735,0.00001353275186122335
83616,0.0009520737377368021
03110,0.0000345213198968345
97361,0.000007146467154710254
47834,0.00002017358884017876
49686,0.000024043805076862415
60188,0.000025411770845960587
24551,0.00003809944065334447
46240,0.0003300859052208158
98033,0.0010738406933948864
85040,0.0000926470244814552
27040,0.000013612800439796321
60087,0.000007927646244215839
95762,0.0011639475429233229
33484,0.00002993027157906885
56345,0.000008778567411894127
60134,0.00010598176114014832
19047,0.00006787901498546674
90245,0.0006649289038502663
07302,0.000033431758561924895
44023,0.000036459423198402474
53045,0.000059963446415462744
78247,0.000022541669308371672
19148,0.00006984137757093961
84115,0.0000525802711326917
94010,0.0013693706713316827
54701,0.00014310663669686593
83651,0.00005634928882728473
43140,0.0000052332094163065594
97501,0.0004833981259113548
40379,0.000008819715053485903
97229,0.0006619315263142413
21076,0.0001380462248797733
76108,0.00009186017540651362
48047,0.000052218225512416846
20164,0.00003161287070871621
37725,0.0000056388792285537266
67010,0.00001113182125773877
06437,0.00003779792113084419
85007,0.0000394802157422914
05701,0.000007572368759050824
33570,0.00004591604035936323
98074,0.00042667654868342044
33982,0.00003783232427490028
11379,0.0000698269504408887
85925,0.000010063017151100335
98383,0.000011841975898752926
77479,0.0003819106681882763
60510,0.00005686592854227076
95993,0.0002959352110088809
81631,0.00009709801335805743
34758,0.000008196485601893417
77351,0.00008395654412225112
24175,0.0000033030556705898412
12304,0.000007659719281524117
95820,0.00038642635572371664
37820,0.0000031148388493281393
92225,0.0000632921833916474
78624,0.00026283212487689567
93510,0.00014593876587216836
68106,0.000022262366203524385
80104,0.00013961261190174672
77380,0.0004296306062378588
96789,0.00012405327525590417
24017,0.00000563111289902438
30248,0.0000161421440103342
34112,0.00022344058856157037
27948,0.000011694248825589292
41042,0.000038906981032031025
95403,0.0007259991178250825
27292,0.000026578316729738664
22066,0.00012223479177808375
83350,0.00003891094464326711
68064,0.000011539346227733582
93933,0.0001902462660990872
87105,0.00007415838522520005
66224,0.000017084665034709316
07024,0.00003195450384421716
84414,0.00015294337274072875
32163,0.000033831808724263015
78746,0.0003077160878086222
80222,0.0001462375975085134
43605,0.0000024149730720855604
22405,0.000020582038039058384
89101,0.00040573844348407254
19096,0.000046038959586087845
35244,0.00018014497037896634
19702,0.000012110373927949139
93636,0.00014039388317642443
99004,0.00010213156560085153
59715,0.00028031091856316783
50211,0.00008101039724140493
99623,0.000012327480517744119
19125,0.000029820722520165915
92103,0.002136594258500145
85742,0.00027118717941585597
98116,0.0004201585152059078
08081,0.00014436615434054162
77077,0.00023576485671598742
98682,0.0003505706061062868
95060,0.0006940945638403114
37748,0.000011625577831780687
02127,0.0005943534814165813
95112,0.0001664920846439981
48158,0.000011133973970725641
55024,0.000020054693686853258
46217,0.0000138239226965622
85118,0.0001194497910915698
92071,0.0010418411791039556
86321,0.0000657942262135816
85017,0.00007090797709177495
86409,0.00009763655711636328
44614,0.000007464260884211845
84105,0.00021472531020836927
22939,0.000005070899942135888
25414,0.000044307859992858625
28562,0.00046407078895932535
97239,0.0000347916849062499
76017,0.000051205232592704295
53211,0.00000525460514322411
07059,0.0000354594984767539
38004,0.0000027008376048832932
84341,0.000037286336210352895
78634,0.00004641704491654085
13421,0.000014448878193042329
99515,0.000022147338177299433
89410,0.0003366250259498971
75165,0.00003656167299816284
68116,0.000056390716311844245
03303,0.000050526540020257106
81621,0.0000467959998576806
96748,0.000013542779189940738
77469,0.00005001667320211805
95356,0.000239764450661363
92386,0.00030959975235537047
55447,0.00019154321399284175
08204,0.000028475579545602732
85935,0.000040481469848966924
37830,0.000009177331995092529
98407,0.00005145793165092274
12533,0.000015637044699083058
91103,0.0010448898806474844
55906,0.00009699901401945279
85253,0.0020555903445689467
93923,0.0009304765439017301
57701,0.00002573104850453323
75007,0.0001428948586554371
83340,0.0006905340481627789
94501,0.00047778495587933074
84404,0.00020132184862030602
78756,0.00011701908968376448
93245,0.0001904785519997786
85331,0.0009320433100651028
27516,0.0001323863043575348
67501,0.000013986677128464007
96725,0.000015274453780983103
55302,0.00000957952828077948
85282,0.0005127610813287077
02554,0.000051018370985826286
34102,0.00024734979205281207
06095,0.000013409292140569951
60462,0.000031289022443910084
91402,0.0003373266793820951
98106,0.000141150409462847
92113,0.00015097549446220718
46375,0.000012755695113022303
02038,0.000015730480519857283
20016,0.00018174244264260815
23320,0.00003994227386110334
48135,0.0000040733084139589586
95070,0.0007530279227618127
06804,0.000014784514416984527
95758,0.0009286755335758444
01201,0.000043517678836849915
81507,0.00011914179187181438
60626,0.0001615071905858935
28227,0.000022965624838716434
75243,0.00016442410958700067
43615,0.000008201142652519502
80232,0.00002932779318600468
93001,0.0012856594074499893
84067,0.00006316774092362802
19006,0.0000080197831458946
35801,0.00005009269592286983
32962,0.000053980206231898436
28314,0.000057248385001727843
80526,0.0001310435456383032
80301,0.00007927554410066868
21037,0.000022049547266660813
22301,0.000019452463492467554
37764,0.000007257184249345999
55075,0.000035731372504841826
23434,0.000042746067903751754
29206,0.000003060823763118988
34275,0.00011016187390110379
60081,0.00000657938011056042
11237,0.00010682708740735526
91316,0.0015541507024107882
33316,0.00002549596961793279
92020,0.001636999263085649
58103,0.000052816082558744885
37208,0.00008133655293663868
27596,0.000013288890725922384
15401,0.000014883951412868017
95307,0.00013308713259608488
55416,0.0001538497458755379
85202,0.00018144226601399802
98271,0.00006723898696863849
70454,0.00003618538205669265
92264,0.0006915387935945178
78665,0.00012062974648830649
75087,0.00016608732410385238
66208,0.00015445486331983716
93551,0.0010392440385711226
84310,0.000007839785019665232
97123,0.000064301789992632
89441,0.00013512493293415333
30306,0.00006378905257522833
91030,0.0010834849856918123
48846,0.0000039508633867970255
06078,0.000025076190569053222
33617,0.00003251320101211698
51106,0.000028706893550953697
48507,0.00006404420930677125
27909,0.0000037439771779857403
18954,0.000041002292587264677
95442,0.0000349355321626585
29707,0.00006717452050663011
80027,0.00033230138779558754
89523,0.0006380067424762448
94550,0.000630290248085759
68025,0.00004479001760761057
75056,0.00028760505783413404
80128,0.00023936675299725136
87144,0.0001552193234913581
72712,0.000047690413413623904
50014,0.00012529941128640526
10003,0.0011068584518113837
93433,0.000057717788724477084
99201,0.0003194037479001398
71203,0.00000993056745393131
19320,0.00004758941962788095
28451,0.000024597848084679264
94133,0.00009297469398453077
84036,0.00019832600055926262
80905,0.00004407529810680255
32541,0.000017822214857405816
94080,0.0001585449741078263
11572,0.00013594680928331732
27703,0.00054899343275094
98058,0.00015120627509054968
46324,0.000007655170856217502
20148,0.00006680997218130821
95709,0.000009310565776449964
33912,0.0002414647892624477
55117,0.00005791026558293396
77611,0.000007525607431855228
60050,0.00003694059771989759
13901,0.0000037807865313071386
54313,0.00002481137122249795
94402,0.0005373708156383643
75104,0.00002253368923445662
44319,0.000009516248189387174
93561,0.0006502391885006633
99353,0.000021798255640793758
13440,0.000008740969741230214
98466,0.00004047733635176971
92254,0.00010102571399789819
18360,0.000020468983905848232
46032,0.00017857097190832373
96795,0.00008589670361805449
64113,0.00004557994773260935
95337,0.00005575733298454814
96001,0.00030365542414824236
55426,0.00013654357943112917
77320,0.000003019688850264975
29072,0.00007075878407992619
60561,0.000038102029295361
27954,0.00003408691305860877
85381,0.0003389503563029824
74119,0.00004483386202016225
91326,0.002610470463423194
45140,0.00006229491132146641
91501,0.0006521732729208903
98005,0.0009758438339668605
48185,0.000011311823293704902
23223,0.000082019874927824
60102,0.000017402042018608157
48036,0.000010701399055235167
76179,0.00023927240635571612
32952,0.000008266543656443335
40207,0.00006636410894222142
80516,0.00024959974899519825
89012,0.0025386458900489815
47802,0.000010596848783290555
94061,0.001250898488602072
32413,0.000021851703767115322
93725,0.000004886413762395102
43082,0.00006106860853416125
72223,0.00004575451376385195
60060,0.0001685503047931411
48154,0.00003428455030986853
55127,0.00004257030420934615
60647,0.00020232011919063577
77006,0.00004838907621017883
84109,0.0003287390412534875
97386,0.00001989046716130889
93060,0.00021631896159456175
44130,0.000034160111585742855
32571,0.00003980913917532631
07436,0.00004004786529184096
76114,0.000017862838169641883
94103,0.0003413306566990548
28461,0.0000550071536816147
78737,0.00008761525208347533
19438,0.000017485639829130947
97071,0.000011101889872158109
80118,0.000029842299368168178
97759,0.000035303184095219745
32789,0.00018327927949623535
22630,0.000032555866811586785
94560,0.00010951633609473749
28625,0.000017751681467447186
80017,0.000018733532812200568
96744,0.00019251194268880557
98290,0.00008639058706820356
95472,0.0001352046902594415
34744,0.000009660057502494901
55363,0.0000035336428655947098
82414,0.000025250688917929526
85350,0.00002474941201354372
94513,0.0005304689285687994
87107,0.00018033508883205751
32746,0.00001859956217371721
78163,0.00009486003957745137
93257,0.00013887586136384744
78744,0.00007511009813857159
53546,0.000005124482118744358
77382,0.0007329458813628384
73064,0.000003836940621887003
12443,0.000006285216649977616
92345,0.0018522510535196907
33073,0.00007569543029700563
46123,0.000009162066029625316
24015,0.000007986381446458476
85323,0.00010646199711636877
56601,0.000020727370616770244
34110,0.0011149510578564318
34638,0.00002323768847589113
20895,0.000051934091190186405
95401,0.0002942922894235427
74008,0.000010531864237563465
55438,0.0001650464333388965
29841,0.00001581959717156239
70116,0.00020687733607924853
30101,0.000048219316713438394
92101,0.0039029400857882044
46268,0.000020179570440674495
33410,0.00008554665646439399
12020,0.000010403960661815322
48094,0.000043267684956696984
95062,0.0011486021095111812
91384,0.0011076881677282702
60634,0.000021105008050428317
88011,0.0002271429721826046
15143,0.00006061999421091768
60013,0.00004564457767633925
48127,0.000006408500233188861
80220,0.0003551159283379748
28412,0.00004154301375224895
22508,0.000009478235669865428
17268,0.000014246890702454508
22407,0.000012137424954078055
89103,0.00009613189965444624
03037,0.000008989814914512911
84075,0.0002618332291670943
66062,0.00010811051652997817
99006,0.00003499178607049845
78228,0.000041334614820467786
44143,0.000014076176642881277
93013,0.0000960504087822455
19127,0.000007879780325442919
77018,0.000026215853991812415
48045,0.000053075780429722104
20166,0.00000537432217035568
60659,0.000012065800702845318
02148,0.000055330780732306374
95628,0.001120873791021257
34236,0.00006130613863401982
86333,0.000038315716402054976
33572,0.0000253733588320835
95694,0.00008861175573151172
46205,0.00003848512234483471
85622,0.000052552734203866995
91355,0.000654492466936485
44709,0.000007050166818582528
78245,0.00003939029603298404
84117,0.0003096501732209615
54703,0.00015099320055581334
49058,0.000005538139732943462
89061,0.000053257351945548214
49770,0.000011101207926324264
28570,0.000010234249921931058
99507,0.000043506544534590284
32003,0.00001864836100670077
78626,0.00007475794513513829
38119,0.00001555237717901499
94930,0.000264896446319164
19426,0.00015042405880584382
38016,0.000006366735303768765
78729,0.00027667836166021505
44903,0.00000694509537564437
71291,0.000016580332010613132
53597,0.00007805662362302849
68104,0.00002639916946468837
49534,0.000020649520499822254
43209,0.000019097082644494286
21230,0.000032224502969410894
28734,0.000010015518818135748
75078,0.0007112635999653002
34655,0.00008445586118100219
95991,0.00018563492471964288
92394,0.00027560386455406335
30328,0.0002837906386529405
11030,0.0000623286973810957
98232,0.00004751767759552516
12306,0.000009943689144313856
95822,0.00009557809690711631
41091,0.00014655860606495766
92227,0.00009269075123019477
88005,0.0001486611966821211
81501,0.000016559201218754402
02131,0.00001640921431334569
56379,0.000002022740135778565
91945,0.00020875760272576628
95076,0.0008992361293224385
23229,0.00007866947630600342
91390,0.0009444800547569267
37076,0.00002988624339269242
46815,0.000026258073586827253
60108,0.00009364180212114318
20010,0.00007243590663290557
37179,0.00015095304627404748
42701,0.000023898234175355275
60007,0.0000145124755171692
46373,0.000050006089754142576
96826,0.000028578829100858816
92115,0.0008896803003391861
30115,0.000048126523554849166
48080,0.000003949156564879227
33404,0.00010636774840748004
13126,0.000014953450698990489
17815,0.0000102942195213509
93108,0.0007396701418414176
10538,0.0003351870799697556
53716,0.00004739577250651366
32958,0.00000425918252713827
35475,0.000013172729537680458
43613,0.000007721206536190144
80234,0.00006408148109597159
89117,0.0012264733861055226
94949,0.0002564067773139973
78750,0.00006692934120091948
03901,0.000007331955678054676
44313,0.000020433889753128968
47025,0.000044340855367909124
94507,0.0009089857918533962
75001,0.00006170770522138355
85284,0.00031632895012109893
08360,0.000023171095562202142
27284,0.000048843102361713696
37415,0.000032266655843029637
67846,0.000018934922837733505
55304,0.00007467730703134873
95954,0.00001243484741785034
33067,0.00008774512175614311
64119,0.00000811694295233826
86001,0.00037934595827674816
46038,0.00004996331887368479
21403,0.0003784752570108287
53583,0.000007800961952815758
93292,0.00014822541729609558
89519,0.001012413497481581
80112,0.0005626353971943212
17055,0.00003878137913804344
90017,0.0005743792912694458
78015,0.00003670631567332962
53217,0.00009111616210415586
38002,0.00003465952387360627
98226,0.00008714884951266209
39110,0.00009202899241700341
79107,0.000061029416158773154
20850,0.00019456387472787195
85255,0.0034498898841217878
91105,0.001069626911254982
73112,0.00009702419356389126
98329,0.000054262821987032974
95350,0.00028302865190869326
55441,0.000026866347732427684
55369,0.00011906562530860818
60506,0.0000110064130767178
85739,0.00014289575395433804
86327,0.00006509403497483497
33469,0.0004139195594571818
33928,0.00007588972509162993
29579,0.00005005803725205451
32935,0.0000791189223246411
83647,0.00004750192388644986
97330,0.00007665062816711597
94109,0.0006527282418705625
21060,0.000014888700747544598
07480,0.000019887097884970746
44089,0.000018247651837009153
54130,0.00004093323935774038
94621,0.000012222329615569977
14127,0.0000635966901487333
44035,0.00002841458116917287
44612,0.000012494058605523776
84103,0.00020127759532786473
78251,0.000004638038705231872
86005,0.00022065375252711535
64012,0.00005338850822608141
27514,0.00009320360741265966
15317,0.00010063786095933339
96727,0.000019632297901594917
77406,0.00019284597554895024
55428,0.00007105801048942545
98826,0.0000217920247402779
93921,0.00015648347448712357
59802,0.0000289118994508369
44483,0.0000032462473366986304
94503,0.0003175535282738825
07036,0.000023250015602380383
78754,0.000016369789810922693
93247,0.0000714853157565485
93460,0.00023642663341038336
53189,0.0000032031846416327334
89113,0.001980086211803697
76177,0.00005518038516327216
21009,0.00005161406860965927
10580,0.0008200375925186564
61111,0.00011406064237612709
80230,0.00014536555325783663
97471,0.000027545191257362772
93003,0.0031029279134588937
84065,0.00036617720969206756
19038,0.00011497621601802163
30736,0.00001941393300231849
98104,0.00042549548909465835
33328,0.00004479278119560758
46550,0.000010606920534611524
92111,0.001284265820078645
11209,0.00038111970781083996
85750,0.0015141225751222063
96822,0.00012587054030011117
77642,0.0000029358363114533244
23322,0.000040577394367736724
37072,0.00002015156080313602
77065,0.00017778037101268864
48038,0.00003820467736212738
02135,0.000031680890597181046
81505,0.000026466070927452985
91941,0.0009774419763607638
78255,0.00007428148288496571
84107,0.00014004204215164806
32257,0.00004446997484126879
07438,0.000020256887842219578
53158,0.000007811067075996506
84720,0.00029805598351703927
07310,0.00011262033307424127
28560,0.00001884124706583657
49048,0.000014732069729772719
94002,0.00041746817683402826
32931,0.0002378311517138529
33823,0.00004359856408417211
55129,0.00021130843423789087
95110,0.00007469924007552243
37110,0.000020870928345161573
56537,0.000013568705771858112
20176,0.00010585478114388376
77008,0.00031493126934866995
91345,0.000064928432046531
86323,0.0001933295146847082
85015,0.00024319486177119248
67002,0.00001012793504565027
95684,0.00009626973817226029
39350,0.0000035201717919347517
81623,0.0002372258575463671
60502,0.000016903976641039743
95354,0.00010669430453498217
37354,0.00007244290744593493
74075,0.00003607695715241022
55445,0.00001884864912897358
98391,0.00007491649948836092
85937,0.000008356629185786213
95832,0.00003785135605301285
70508,0.0002286175273572415
91101,0.0007805436967336256
73116,0.00015720566858225303
30338,0.00010595941565731284
55904,0.000020379759307451386
85251,0.0009443620662996679
20854,0.000495097838637586
53213,0.000015391209128714687
78739,0.00014913264458714544
03867,0.000009272378679011798
90013,0.0006847675304759536
99517,0.00000815392522617128
94920,0.00039809865415420026
62629,0.00005348858893795651
75068,0.00013869198578497443
80116,0.00001608019232526017
21220,0.00004672368689242788
80019,0.000023357055511796484
68114,0.000040208484281228826
03301,0.0000720444986877615
70401,0.000023660674611042678
20852,0.00004569496289898728
85257,0.0002775178325629483
55902,0.0006224401400806736
92231,0.000041145212311541544
91107,0.0022033638586317454
06040,0.000013512403931603176
30519,0.000055098083487685244
95834,0.00017578578132705232
92382,0.0003992366475902172
77345,0.00008809633834165734
55443,0.00008158204379811813
60504,0.00005149908841268647
48430,0.00004760877024974167
19971,0.00002346308327102448
21401,0.00006485532397286389
28105,0.00009667232096392662
94568,0.0004456258389903646
83401,0.000030147392323788356
40601,0.00002081634228418299
43537,0.000020147589803684264
80110,0.00006665275892701648
17057,0.0000015308061282930237
44273,0.000003655189091147887
90015,0.0006122252286300711
53215,0.0000636409455500602
99336,0.00004000167779070337
32937,0.00024538355327270326
28469,0.000052910669929973834
89178,0.0016065506262289437
87410,0.00002153542246259918
84101,0.0000751905246252808
78253,0.000049197687588345314
53051,0.00005616633336568536
44138,0.00001986870273183976
95682,0.00027689040652144483
86325,0.00004648758841032529
85013,0.00042313038789005067
30075,0.00015630818563127437
91343,0.0008528967726698704
01801,0.000344524691714663
24502,0.00002045622046924851
55020,0.000004781184148362882
20170,0.000039630129549840065
95116,0.00014718666336076554
79928,0.0002696364352057202
60068,0.00010151225985122139
59701,0.0001122979597803011
32514,0.00000869531983395622
93622,0.00005373876842874665
19131,0.000012867685768318417
38501,0.000045668487915434736
97477,0.000026327295957061606
80236,0.000040707196960535306
89115,0.00022404516010889506
34997,0.00003004803021358942
60622,0.00004927556231427233
60005,0.000024625034477863543
85756,0.00002542703399361948
92117,0.001873859043725307
30117,0.00010730333534007038
48082,0.000015776485895823596
91406,0.0006243017229557715
98102,0.0002151607778540596
22655,0.000018167483214852454
18901,0.000031906582034518566
85286,0.0005669194536560204
48375,0.000009692512274354993
55306,0.00003410442712383508
33065,0.00005267991407563371
73072,0.00003585720393176271
85335,0.00006117024177422927
45424,0.000049766150070491676
98346,0.00003107858425929165
82930,0.00005099575733997297
32750,0.00001107554234220323
87111,0.0002509824157249072
78752,0.00004121246848097756
84328,0.000009256852863046611
32177,0.0000015107645666385015
65721,0.000016937610381664565
07030,0.00013021160725743545
35633,0.000019439510487950202
94505,0.000389656189200977
14424,0.00001167838827680605
60661,0.00005968820442962695
33904,0.00002948637519656566
08742,0.00009755595963218704
95037,0.0005664650645795242
60046,0.00007610679430109958
37138,0.0002948431074397023
95138,0.00011689518512543999
95610,0.00033798265712329476
85715,0.00011657781885939016
92154,0.0010483192033018743
85132,0.00009815997090394893
33445,0.00007735445283773835
07410,0.00005942494140579722
84020,0.0004592573678780523
28906,0.00006272879442584925
44116,0.00004854517934379161
94702,0.00003889743077945053
97213,0.00013111032022670513
35213,0.00004635311638884067
76132,0.00019911646596606125
75204,0.0008110397836950294
03062,0.000007451849820987271
89156,0.00016126240231806137
99217,0.000013432031788401458
32713,0.000020393392674457372
13323,0.000005067160327588866
22182,0.00021728325532644364
94546,0.0003290496005232013
22031,0.00007838126011476708
80031,0.0003098300504262868
01002,0.000017498671355498247
48239,0.00016894092770339798
96145,0.00008031419710880579
60202,0.000019077452916667384
55345,0.00009134859074175957
96762,0.000003333045020993231
34762,0.000016365103216341534
45240,0.000011794101545399555
92310,0.000038920359932635265
33026,0.00004440998348610705
86040,0.000021611027186002466
91601,0.0009404948081368773
83442,0.00003195739608413223
40065,0.000004966895563907187
36203,0.000006546748049843931
22153,0.00003069407165938519
31909,0.000008731007516319515
94965,0.0004705094568636113
90056,0.000548339269942857
97086,0.0000872724341883174
32159,0.00001588537155212018
19473,0.000014541703064365236
94597,0.0003948560041518238
79761,0.000020651239081111475
37877,0.0000014885178263973638
45322,0.00000833265120204966
98368,0.00017930386670964986
60448,0.000008656259913070299
77521,0.0001313313128517685
02359,0.00003446394573621647
64086,0.000010112478821222044
55328,0.000013456322685839696
23666,0.000009770008480049499
45069,0.00011491579076980219
98023,0.0001555997887732757
11221,0.00012536926510786555
06460,0.00005857579626305837
85050,0.0005785612059985717
92139,0.0001230345008788229
92036,0.0000743357292583114
98604,0.00005489975711642123
46250,0.00000316601472583073
33428,0.00011782979753426733
12018,0.0000022823100009054164
55063,0.000002209601952373505
15074,0.000005889380425869169
60124,0.000038617743225600855
29210,0.00001249232582572015
80530,0.000011096683583558064
89034,0.00026002880416207253
80218,0.000031307124355014015
40509,0.000021565855245320047
83709,0.000506889781010732
84765,0.0000693088813068407
44074,0.000005737019091419125
90212,0.0010476267226441785
19010,0.000385350705447858
50324,0.000020410274712733406
78210,0.000008166429684668273
53012,0.000009579678547289355
43402,0.0000032505396201084268
89521,0.0004335446738826815
68128,0.00003596501246802044
94552,0.00013093221591891285
49417,0.00000845560251505683
22602,0.000038080769284081215
80602,0.0002229752233867008
35043,0.000026265480350112283
32707,0.00009946697047371215
10001,0.0003766699439260516
38135,0.000013704908182931387
99203,0.00004469836838051212
32608,0.000015882749986837267
71201,0.000011919059982256706
73025,0.000058385163351716225
27545,0.000013648321548075483
95901,0.00004350248418301371
33615,0.000051785606374582686
98311,0.000023579609522416286
33181,0.00011848024750300593
60431,0.000007274206785337325
95368,0.000023156204243985026
73099,0.00006650350953112385
48322,0.000018157799693073174
11570,0.00004655438144654688
85029,0.000361013810185367
98155,0.00004748858721394462
12061,0.000003986822745700073
06516,0.000022018756489917937
95023,0.00023712272990087383
91910,0.0005281572402393456
37604,0.000011883446343004064
55115,0.0000071663902039880434
79912,0.0003928752929587344
21157,0.00001725554016350106
97420,0.00013896892360936371
94619,0.00022774727327636414
89142,0.00047885747411707016
76126,0.0005012895471681401
07945,0.0000182046625702278
94131,0.0005569605736764909
84088,0.00021058841987255716
80907,0.00013892472568767186
44102,0.000012901372572717626
77059,0.000018494436386545138
33480,0.00042794449404759974
60618,0.0003127677214091101
55077,0.000046181790582305585
95669,0.000004206585097738132
48623,0.0000035964472932143137
85044,0.0004476959711007172
98037,0.00004400722577770428
30022,0.00032627181569431027
84059,0.00012351049741286813
35803,0.00002277046639052731
44060,0.000020031790868787213
93618,0.00006045157305625235
97365,0.00007409454735315369
32960,0.00020322621162142208
80524,0.0002302770102303354
07928,0.0005940881701185508
68526,0.0000051154338705501526
80303,0.0012887527130532458
90042,0.0005722459481017191
44224,0.00002833689594771742
94583,0.0005093707395775804
14850,0.0000351187938370177
43560,0.00002351366639094323
75039,0.000048081733609440213
77535,0.000002955516565140894
55414,0.0000666720213414782
98273,0.00009679338435945093
33860,0.0000019802936412825656
37774,0.00002662438214073816
46256,0.00011966746224426765
01844,0.000019932193310962488
18104,0.000057799394875325004
91306,0.0008853765756367334
30030,0.00002923260268481618
60091,0.00009646855792149627
02780,0.000006076001632813377
93705,0.000029925275576125764
31705,0.000007678495702029427
50322,0.00004434395693104174
10512,0.00001202420041911696
22485,0.000005573486432748852
59729,0.00002428714954859839
80439,0.00014472714126106804
22311,0.00008650886391488701
94041,0.0001024414033427411
89032,0.000162402768245804
62521,0.000013320577848790281
95358,0.0001092318924628304
55449,0.00011309492639189683
48312,0.00006380303667246774
96746,0.00008536024590696765
98292,0.0001278904545337145
27834,0.000012895075175866465
18966,0.000039990875703590034
96161,0.0004390753564346496
37931,0.00002382100367446296
11704,0.00003233118438910336
78735,0.0003401661155767854
19312,0.00006338051919848806
93401,0.0005859022960525632
54915,0.0000428949583256992
07670,0.00009650408625505809
93940,0.00021980501566480745
43215,0.00003324374766276665
68118,0.000007474963361582517
62002,0.000021532851889297392
89511,0.0012350659312544466
22015,0.00012922771617482378
80015,0.00022562565812339847
92256,0.0005535227393938093
33160,0.0000892999336050858
12550,0.000018278625228371697
34698,0.000037711512915530244
27518,0.00006718112388086662
96797,0.00004717546056783608
92359,0.0001461770684787277
64111,0.00003386845106887519
96003,0.000229698216716233
74014,0.000022667731321698514
55424,0.00013028678811846572
60563,0.00007255708939881804
77505,0.000042455479955506476
85383,0.00120258999220468
75009,0.0002133749786138641
54311,0.00008605560230210613
07086,0.00004404234151177142
59901,0.00024347607706365256
78758,0.000050230633401746714
07712,0.000042914954840418066
78070,0.0000630554225702625
94941,0.0009354805316897669
26505,0.000021463774362912982
68516,0.0001479606689761447
53185,0.000010814912758712154
54155,0.000007872255735698779
40205,0.00012007720257783374
97355,0.000016490968852522335
94063,0.00010687751238567144
93727,0.0002579899307635647
13021,0.0000307792252835471
53139,0.000002260049203512238
84741,0.00005555461390023651
78413,0.000027729437150895122
33324,0.00006787941699703292
91324,0.0003537169127932533
48088,0.000007529777896519417
85653,0.00030763022723656207
98108,0.00011282910200945614
11205,0.00005863348429654053
98007,0.00004240517197740555
48187,0.00012494729032675253
20018,0.00001801703585693207
37659,0.000024054560054663057
23509,0.000012789083372482065
55047,0.00005769901520038113
20117,0.00004936374401740044
23221,0.00012290421325395577
77069,0.000019855460033220846
78259,0.00004353052440429067
53154,0.00001848829011252614
36695,0.000011720752783299391
17870,0.0000036778225720710067
84004,0.0005967241782655543
76116,0.00023776997998577594
75220,0.00016796996006457148
32832,0.000057518610069039144
84790,0.0009620244612431316
21740,0.000027919417660846912
75407,0.00008911809073521412
57301,0.00002414465452941229
14020,0.0000378273686559563
97338,0.000013587973432432053
60062,0.0003588179165998526
95634,0.000038214932780867754
55125,0.0002262772899411619
37013,0.00012491121631060355
77004,0.00031552479642879777
46219,0.00000969217964476817
95688,0.0001728539033474566
07018,0.000015185501795428859
94591,0.00011668904302021928
19475,0.0000826058308828825
97080,0.00004305607766219784
32778,0.000010858690427420856
44236,0.000004874309760322119
57005,0.00004275965175923647
75703,0.0000921445235008306
89451,0.001291442430504575
55406,0.000138037182730833
15236,0.00003485427270908038
37871,0.000005561420944804821
98446,0.00001417685717138858
92274,0.0000704464442643397
67205,0.00006918260313364851
45503,0.000006006288633173074
55947,0.0000024091313599778706
85212,0.0006551924594560509
20817,0.00010642472120727864
77494,0.00032140567784834405
39157,0.00004682990797890322
97051,0.00014514260776168266
80138,0.0005484115719763968
83301,0.00009721197083878784
75149,0.00004582010035222137
13502,0.0000071847341697632205
78717,0.00003356858400737065
10013,0.0004387449525101642
78130,0.0001789613729893112
91607,0.0009359842418975687
11101,0.00014406126859541153
33607,0.0005069229997648178
86046,0.00009288077833674726
33020,0.00002294512801917972
91020,0.0002751037580283988
30316,0.00014669413505754257
33708,0.00009846411599349423
55343,0.00022713072870854145
18944,0.000039181333696100784
60423,0.00018650412694679253
02332,0.0000166057017306115
30152,0.000029627327682011346
85713,0.00011148782573128459
27713,0.0001191845265342132
55107,0.000011481944093655252
95616,0.00027279304300327576
48174,0.0000056324326953344105
85087,0.000054391197224078453
34208,0.000190779632177673
91902,0.00025174806483068795
55008,0.000009548149073604581
02176,0.000014119643879364348
32810,0.000009151981972767022
97215,0.0001466108905920987
94123,0.0023613366630067354
94704,0.00016834331411049122
31768,0.000005204917634955643
84601,0.00010810829427874612
84129,0.00013744701700738586
76087,0.0001663330835712745
47401,0.00005400149236135348
02061,0.000013173649058583507
15108,0.00004354912146011759
23451,0.0004814555187300197
77619,0.0000035356973616483228
95126,0.00035478617523942616
56501,0.000013120053280981472
27604,0.000034652053888716494
85023,0.00028280182015982087
86315,0.00016902713187354673
22802,0.000007681388626963613
19063,0.00001874444833903735
47331,0.000006934616675423872
32808,0.000006601898518041462
89148,0.0008582764871084785
40475,0.00001649918291783534
17404,0.000005183041010763852
97302,0.00009115666710821735
32907,0.0000171006071531975
93534,0.00022086779110634626
87043,0.000018611887688329583
53402,0.000008740358109303998
32025,0.000005221126461122141
93313,0.00025418349392171364
31313,0.000004849680324345703
90025,0.0025248266385452848
80120,0.00014706891216038692
28712,0.000009363803719837376
97146,0.0000059512622221186825
49512,0.000009338397838530785
94558,0.0006612738065136626
77375,0.000042575274846147345
85901,0.000031651659819321284
60487,0.000007288084892686511
37804,0.000009454482879456094
92201,0.004527051192377251
33137,0.0004831865081891306
73120,0.000496152670445325
33710,0.00007029318310213014
46168,0.00002893821082592706
75033,0.0012809411592246424
89449,0.0002617654873829538
43465,0.0000022686324437151273
22042,0.00007958203508152663
97603,0.00007650607155686104
36535,0.00004836615707106995
44321,0.000024705153619030038
94589,0.00007288081691337207
84318,0.00001084530359087803
07728,0.000055167752711177786
47630,0.0000035680600259945983
87121,0.0000699141967518935
90048,0.001238536173864367
54942,0.00005315554647566343
48823,0.000023533650053685915
77583,0.00000602055242295506
85305,0.000025114264945616286
05403,0.000035049805472666724
92363,0.00011739737432090914
95966,0.00005395931072123802
34711,0.00005688250007748924
60559,0.000044114498978361056
33436,0.00010158813104931776
91436,0.002507951094094357
20191,0.00009092037702015158
30028,0.00008870222474691221
30127,0.0002383173527690914
60089,0.000004625174899848286
96814,0.0001331723629555602
29526,0.0000065474571100127055
48101,0.00001684963411397808
60035,0.00007957190135548607
06830,0.00010648725767329213
08731,0.00001602649028953365
29301,0.0000617563280080295
91977,0.0006230009400683996
28213,0.000035427194438419546
22309,0.000034079442684522574
40517,0.000015159631504742006
80206,0.00039531545770182434
22206,0.00005110472819491902
32303,0.00012332716265545015
93035,0.0006861308987505799
66044,0.00004540258951623637
93612,0.00015324697820021804
99801,0.00007726063984515883
94539,0.0004620832135440622
59937,0.00022934148376348783
84314,0.000005586477553277017
94585,0.00011286064510738446
93555,0.0003394919744632406
33156,0.0002757343402187644
92260,0.0023022899935001714
30548,0.000020129037010056034
37865,0.000009694868282919506
98275,0.00012836772256710204
55386,0.00010517569107674192
85206,0.00014259590270713772
55412,0.000051286365363039184
30906,0.000013080053790585662
15222,0.00015881384218499668
30809,0.00019741733685371422
24083,0.00001470652010610085
30024,0.00027159389291751346
33312,0.00008257744329475647
39208,0.00001133458199993522
98031,0.00008849882104163682
11233,0.00022084905568930442
96818,0.000027251809888459777
85042,0.00025525982030860737
60085,0.00001437553273056312
56560,0.000012534540420313462
20706,0.00010090462411665347
23430,0.00000907418507740168
82609,0.00004690037405773848
33486,0.000019773831751900998
20121,0.0000054649140139638836
08015,0.000024566478228211333
80305,0.0004193232228615588
22305,0.00004459689911177801
89129,0.0008327872790304672
32966,0.00003350099880105312
78596,0.000005957830507451998
44641,0.000002003308037175977
80863,0.00004602859522409909
93711,0.001905099551969616
49684,0.00006041598952491273
66048,0.000011949095244522842
19002,0.00004240369834829964
48160,0.00001339522038139647
95602,0.0002754858365657288
55113,0.00014557419658268818
85120,0.00007867077597676039
46507,0.000006053798373034152
45631,0.000003722484302335094
29909,0.000037705470788831726
27608,0.0002073519633130544
27707,0.0000871858048910829
33558,0.000013463675623590758
22901,0.000028873902116865702
84032,0.00035276498071066414
97201,0.00005865972090197801
61761,0.000052022204516956665
32804,0.00013243030054652902
89144,0.0011005779277573167
80440,0.0000037001406844061812
94710,0.000015849008533339014
54729,0.00003230867927355826
17408,0.00000550569794718133
78703,0.00008688216837313758
93210,0.000017650919613722197
31210,0.000024436914107702067
50010,0.000244476702474848
78124,0.000005203598864642292
99205,0.000021031144463132546
38133,0.000019074906028332126
90029,0.0005031710159904121
75052,0.000047948983339237574
97045,0.00025008311392686367
28036,0.00006939106498467045
80023,0.0008244826641047091
48324,0.000055754426591694676
77379,0.0002565866466473871
85364,0.000249657812840588
18411,0.000023017871298145307
85543,0.000006741260063076421
19123,0.0000693676925893928
78504,0.00003269040406255363
83686,0.00012328996411582686
13039,0.00003800369636181017
44147,0.000012326672637561935
32506,0.000015067523877902174
93630,0.00006600571639055818
53121,0.000002537367592855679
84071,0.00000847218017389257
90292,0.00263960964131807
35242,0.00008443960852539962
19090,0.000009380331307932901
89107,0.0005573767008189761
80403,0.0003046738705710708
89008,0.000041478506241816884
53092,0.000033549217487634334
80224,0.000040186312182628155
60630,0.00000820955783141884
29323,0.0000019190949932352146
06812,0.000020639827427560825
60118,0.000014613820406413493
37066,0.00008472389880881539
98684,0.00005184470186855572
95066,0.00024750788477020404
08087,0.00002999595141010741
58601,0.000014844426363413083
98110,0.00016024269245675028
33414,0.00019310829715757854
79416,0.000028643711777304238
12603,0.0000026451405641655976
18031,0.000009490121753311703
92105,0.00041674713967350906
95405,0.00011417770939738521
37405,0.000010258616295694685
33178,0.00007790104289579192
08816,0.00005057268452428424
45211,0.00003682627701028211
77386,0.00007440475075116909
95391,0.000011661288901541993
44303,0.00001980293383629669
97006,0.00009520172226989676
36330,0.000004472571125461861
94517,0.00018438659456246478
40059,0.00005732500500127584
92223,0.002313856982958746
95826,0.00003094902738341137
92404,0.000321049568439249
12302,0.00000748630752383852
95340,0.000056893822739684715
60516,0.00000733537377953726
55379,0.00007802693871176228
82501,0.000027582169654284566
22102,0.0001603374326273207
89406,0.00006691417055123652
28117,0.00035917707384066814
43302,0.000014775457673238344
89509,0.0006227306913306362
53593,0.00005642931065119066
19422,0.000011969944145981413
93516,0.00003379997984112128
53207,0.000022997510603193275
50131,0.0001370343421086788
10029,0.00002286970592862414
31419,0.00005366119736781492
99503,0.000037045245900179676
90007,0.00016564381551328295
28574,0.0000048563909904283195
75238,0.0003104710866717851
97408,0.00003472117686708793
80249,0.0000209781845932445
04032,0.000016664503488536943
87402,0.000021167715413295112
30067,0.00003117059017800633
91351,0.00030700786988455267
46201,0.0000337597594761611
98072,0.00030738619966819364
34232,0.00021127941062756866
33837,0.0000034958034886531107
20745,0.000012578465381695959
02043,0.00002607779979508807
60175,0.00002682249882675071
29466,0.00011686901114243873
20603,0.00006521595163201363
98188,0.00009998500074102544
29307,0.000012502946055869158
33971,0.000018928341634044922
60614,0.00027345522724386324
37042,0.00017943019884374204
30092,0.000038301796425282045
77055,0.00011739334853164505
29520,0.000004242646741521716
20024,0.000014535777966230633
95665,0.000006768390605437487
98087,0.00007362895562260383
18015,0.00007139588669394707
85048,0.0005581877346407183
05641,0.00002524419960847586
53105,0.000008262587106479862
19720,0.00006355730164167805
93614,0.00005421830371590608
17821,0.000009087122612452888
93033,0.00007887080921789343
87544,0.00002437716733561748
57350,0.000004789890749646847
80528,0.0002375201717826559
76048,0.0016885957331989607
49015,0.0000069624747296455805
40511,0.00002232113950139554
21136,0.00006247413136859883
89704,0.00002934075831432121
89123,0.0011826336879875745
28215,0.00003075446935199649
83814,0.0002930331820065919
07109,0.000017696332496036466
32766,0.000007977857722026879
54944,0.000013008697097020383
89801,0.00003263370327501342
93277,0.0006040962954424825
32141,0.00015793921601365264
07006,0.0000581986183738863
32669,0.000010264180831999531
94533,0.00009656655267069537
75035,0.0002120698764592571
68046,0.0000275474286198019
02341,0.00001267408225471657
60450,0.000006726582902971883
77539,0.00001675825350820512
37206,0.00016902251853561143
23059,0.00001947469854719573
95206,0.00015687075543988706
55418,0.00012731928657102543
37421,0.00006280718756506932
96717,0.000016974039691965156
55330,0.0000929906075770043
85303,0.00009703558905183458
98370,0.0003698973663680911
39046,0.000005878702991911903
68124,0.000298993369566663
43326,0.0000018939577782591342
22701,0.000029800676196190637
97140,0.00003062044777273561
80126,0.0003915841555527573
43229,0.000009503479971157542
38139,0.00005105206416489556
26554,0.0000056646770758560895
72034,0.00008155007910626348
53223,0.000005266327289671707
49855,0.0000031904322885466516
33716,0.000005668374644823281
58503,0.00014740433268796562
92308,0.0013901726151716465
05468,0.000018230585829971078
33131,0.00018316128530990964
79714,0.000008055266968233924
77554,0.000023027339082467266
60532,0.00003466638651557879
41102,0.000025432099971494133
98056,0.0000560333480353947
30043,0.00007026228463643901
98671,0.000049527648283609075
77084,0.00007836556395503766
85602,0.000027830632790201527
15001,0.00003357247995018875
55016,0.00007343626832649204
16510,0.00006400145061616716
95120,0.0009581017602781411
02067,0.000035905769996920394
95608,0.0005638624765474008
33813,0.00002780538016099346
55119,0.00006064945862839303
48642,0.000011769721241551781
32901,0.00017320319151516657
43162,0.000004148542912683945
17402,0.000042359221093097916
97304,0.00002002895998785417
84084,0.00010816569858426318
21054,0.000020413378330928983
17225,0.0000048912452895869304
28278,0.00007378272733032682
44001,0.000003971145118528961
53168,0.0000320345458025618
83202,0.00002447805197246655
80134,0.0011261233538464044
21202,0.0001146758667359864
49506,0.000006551944625415799
68136,0.00002921850507134393
62704,0.000018244135344362728
19380,0.00007400059373992097
38024,0.000005431593655002476
72601,0.000007643283871142876
28092,0.000010554707208508842
90031,0.00031891265040085234
93307,0.0002350077337053719
79706,0.00001169867972236221
30215,0.00005750742782018703
02382,0.000004460694401984948
33704,0.00003557959600113835
64152,0.000024725827165067856
95376,0.00022695981414165873
77449,0.00006500167352346433
23601,0.0000215248606433998
81601,0.00008490429218976452
96768,0.00008316307233056918
77546,0.00009541278094348662
34667,0.00002217430622414172
77096,0.00003278501670293046
98663,0.000019919169031283233
85138,0.00032394130798202113
91367,0.0016138259548757698
46237,0.000007275202645910882
27610,0.000038061693451190825
86429,0.0000845562901054429
86301,0.00023133494720863765
85037,0.0002095106300665323
48178,0.000027351072444964005
95132,0.00009653058814751632
33801,0.000004609553273664507
08060,0.000015699818581742717
84096,0.0003597171595279593
97219,0.00022041722523563517
94607,0.000651956411030693
94708,0.00008577891929532096
75495,0.00005915586317023602
80919,0.00019177906295368284
10573,0.00009932030635629919
28803,0.00005067940096075361
60021,0.00004361420953903614
95677,0.0003593723783037598
60606,0.00019182311572627157
30080,0.00007987187210433355
95050,0.00037251753428598253
60192,0.000010222927983882537
98126,0.00006158004416983613
98029,0.00010748270114594827
70124,0.000008440968407551316
91205,0.0011583028579014727
93021,0.001350323182656489
59102,0.00024696469670301095
84660,0.00015944687438197353
53018,0.00008291450096378429
59725,0.000004200669928363621
32218,0.000008779481248992908
84047,0.0005859627753216931
47460,0.000005864698023377212
80435,0.000057029287142398216
83703,0.00005515584419055465
28207,0.000034163310286717596
89131,0.0011828926553404224
40324,0.00001416860520705903
80212,0.00010473033426276224
40503,0.00008268745964769796
93265,0.00017193598436504172
93442,0.0004413537374531996
54956,0.000023067391773864233
44512,0.000021327035710522414
97030,0.000015367099911063886
94306,0.000363685002037985
49464,0.000012184479436331226
94521,0.0007241795525986755
17111,0.00003960979580735112
57106,0.00007004460087395734
81144,0.000005390001031261398
60442,0.000005792544189129535
74135,0.00008262007347025887
37214,0.00011171213336855138
64030,0.00007321638646008535
52241,0.00026193376125235786
08820,0.0001774232327187257
77498,0.00003672676126286389
17403,0.00001949862181691913
97305,0.00014276629915158478
28376,0.00002352467868109617
89040,0.00003465774226641224
53066,0.00008854395636684392
32266,0.000019110008486610044
19064,0.000007322902246209772
46224,0.000005371438505846355
27603,0.00011937953953979089
85603,0.00022177340895421625
85024,0.000130197240877452
55118,0.0000426316843222103
02066,0.000010370030389110608
23456,0.0001460316478811218
95121,0.00010758985605172774
20147,0.00008645497200471541
02169,0.00006816792945733092
37803,0.000020251477672752582
46060,0.000028137636902594526
33618,0.000050523571603266744
33130,0.0003742948423997107
85260,0.00132993684589931
30309,0.00024156592738412626
81612,0.00013032826795500563
29708,0.000035413346817860686
48220,0.000009587015080194792
29607,0.00007498087909397844
95542,0.00003933109799496192
43228,0.000017916831705317677
75771,0.00000468855457621897
80127,0.000271435489709012
28715,0.000013983972996342078
89423,0.00020595116244343488
32605,0.000009348677222398825
99301,0.00003409079452537245
53222,0.00005930753325339555
14830,0.000006510158682987706
93314,0.0005953823425227875
53405,0.0000015296499426788042
71303,0.00004414668916842035
38138,0.00010352650546764944
56007,0.00001528332261011475
55331,0.00020552169362391556
55419,0.00013320503522897608
37207,0.0001323285866889061
95207,0.0003218023607038398
60451,0.00003951639337006942
45387,0.000055849453482540785
77584,0.00008394540215724023
39047,0.000014188656467199467
98371,0.000052088433595348895
46725,0.00013528832807031254
85302,0.00008777283047232166
05404,0.0000038929565798760396
95961,0.00006744483714279271
27525,0.000010706936900207728
25701,0.000003804891231584061
87701,0.000010701228617994732
19342,0.00003959259352917425
75088,0.00004363472521301322
83815,0.0005256347294973271
97023,0.000021127412747423018
75034,0.0005874371479053397
28677,0.000005131103497855371
36532,0.000051423019216213146
78209,0.0001102254304984529
32304,0.00001643746846429351
78521,0.00004228232770581593
84054,0.0007725721536121047
89122,0.00025092541766433334
28214,0.000027449501559248457
97267,0.0000846440498102425
89705,0.00025739892471824375
22201,0.00020772892550208652
76049,0.00018376981529535883
49014,0.0000011404963752807525
48009,0.00012454002861889783
37043,0.000056266686498783574
60615,0.00007681267298944984
08736,0.0002545427743831856
88030,0.0006866824504181406
29306,0.00000514115673860632
33431,0.0002153832488451234
60181,0.00009789595848878267
33319,0.000023127363213078518
29492,0.000011490981535545753
29860,0.000005386546833399122
30120,0.00004704795491959533
92120,0.0011578369030437355
96813,0.00005872535194239374
11238,0.0001210870581854919
98335,0.000362640468521775
06776,0.00003430956085162841
85249,0.0009870639690540291
92320,0.00018354320438911803
98512,0.00010724316758448484
48306,0.00003628015019536788
23113,0.000007422696599297081
75758,0.000012864085883873148
43201,0.000022347276585421922
75070,0.0001988220086522072
07043,0.00005429173813216348
78721,0.000014863700678161135
54901,0.000010417636397473775
38111,0.00005079506143417446
10025,0.0010346177734504626
89166,0.0014515640468219008
03052,0.00002543576553332241
44095,0.000009243790924850408
94115,0.0014088378008660126
97223,0.0001988649064977787
76102,0.0001084744026714997
97404,0.00009113203420064231
87501,0.00004078046389970779
44126,0.00008455819444555579
84010,0.0005555185846367459
84738,0.003596859556674375
53140,0.000006692505813705008
80923,0.00008564168048754702
55082,0.00007915272350324527
23831,0.00000842936832092132
11373,0.0001163510329390302
86413,0.00002466064931978377
95620,0.00007340953697497878
37620,0.000027061339444125898
60076,0.00007124371942213257
79936,0.0005527855319688824
02767,0.00001793676051505666
15701,0.0000058374933785635996
56308,0.00005271689543148528
02140,0.00012165008389762778
19607,0.000015930852085214532
90405,0.0020154910498685415
44663,0.000027189009338523177
32222,0.0000023034156579721395
19020,0.00006738168419470131
44044,0.00003109696747779089
54669,0.000009231899536973169
68502,0.000043445782823500137
80228,0.00010285546545075622
23235,0.00005017474425572959
29407,0.0000400099532960047
08037,0.000041997728410560985
48708,0.000011617264266898323
95742,0.00042948974692807817
34474,0.000003788409174830436
37742,0.0000033591888665528377
46260,0.0000097281134919028
33418,0.0002053886611699817
33330,0.000012211484320757938
92109,0.0029809226140863274
06450,0.00004329636249257292
11211,0.00017971047177514372
85748,0.0001028588204328361
55318,0.00006765486590515713
95409,0.00018880404889380864
55430,0.000007183383987576208
77336,0.000016175880735873755
85298,0.0008585101310245456
41048,0.000005476577203681028
77511,0.00004364877360519029
06033,0.00009024663695650836
33174,0.000027341566899467278
06614,0.00009750785637501729
85224,0.00045225613740918733
24112,0.000001550063275369041
32169,0.00006107123277602606
14589,0.000007791365085934436
38654,0.00004864258541499402
90066,0.0013032734368605384
28079,0.000054707262909560255
17603,0.000051677800118142436
80207,0.00004183343362198428
31088,0.000008436527877163702
22207,0.00010401043200026285
89703,0.0003717162050925674
22308,0.000023746505542347733
28212,0.000004042337046142847
83716,0.0000671914840320333
61701,0.00007404536279676291
99709,0.00002728946580837464
90302,0.00021946148132354578
96815,0.00026463276726475986
30126,0.0003677223352180252
92126,0.0007166314978112074
60187,0.00007326367716401862
85140,0.0003694037037759322
20190,0.000019715639775486827
98133,0.00019169613012092309
60613,0.00006255725769050272
82604,0.0001350925904820234
06831,0.000030524519876363985
95662,0.00018659750330603784
85304,0.0003917882504714388
20901,0.000039002108768622456
82901,0.000022530806445635964
02346,0.00006634228914206104
56001,0.00014031683118129954
60558,0.00012600293389467433
55337,0.00007004857452388694
94534,0.000201147473815849
75032,0.00037536836780234365
28056,0.000005552028713939886
83813,0.00000897665890811619
87120,0.00015947882283087137
90049,0.008793725709814295
84319,0.000010212149082067737
94588,0.00040787622328961726
37363,0.000023256253430749648
95363,0.00006111031666467663
88310,0.00003302145450714648
58504,0.000024851568635677786
85266,0.0006674156322627876
06759,0.000011323286159405159
99208,0.0003137499232134416
93312,0.0017027844878837455
32024,0.000008635988584471169
90024,0.002029584461048511
53403,0.0000071817608686784915
19401,0.000005912555700436702
93535,0.00034933518643730894
94559,0.00033898315318119175
68123,0.00001724875176707806
83318,0.000024889381322229128
80121,0.00025800469191864184
68801,0.000010192823127295286
94089,0.00023096705144919741
97303,0.00003084459586674871
03755,0.000025830304782362612
28557,0.000008072064848851363
89149,0.0011535151050027072
94612,0.00012109666039034742
55011,0.000006191478253054976
60156,0.000019161596294066724
29445,0.000005096935947512265
37127,0.00002778788398877225
95127,0.00013988625016719787
34211,0.00008023810082694339
85022,0.00037664847038873403
86314,0.00030697262589783077
77083,0.000010112982068214415
30044,0.00007854523085266786
46222,0.000006550782071467727
76712,0.000019805602018575566
94705,0.00010760483875812273
44685,0.000020616014846679157
21144,0.00004326753500678435
97214,0.00018569847552491646
94122,0.0002212687295118044
53177,0.0000016365411780578816
78552,0.0000380335863069229
84128,0.00006493029362562817
93041,0.0001131907583095398
44111,0.000020058523050588295
04106,0.00001907909646883058
75965,0.000003975131174303428
85712,0.0001364204942006255
27712,0.00007136469571373908
18067,0.000009858553489558337
95030,0.0011813555347975188
55721,0.0000019799766641811043
77027,0.00019889763273545164
85086,0.0008212712317625192
34209,0.00024470509490170375
55106,0.000023896996261765162
37912,0.000008147955243717816
92317,0.00015195077339997338
33021,0.00009710150610663225
73036,0.000004761999676617961
86047,0.0000181209984195401
91606,0.0009071863163864694
23703,0.000010322564462329605
02333,0.000015115612668478239
48331,0.0002958643249949736
95453,0.00002303458934863103
19958,0.00035570961453911014
94541,0.0008341504947114592
59840,0.00006174633003558498
72703,0.0000838146474567608
10012,0.00035572619716942277
93422,0.0002466775754458841
32714,0.000008054637119252478
15237,0.00004676334739701141
16101,0.000010623337887399444
06790,0.000002615221460967355
95219,0.0003958400564629184
64081,0.000030180673123239425
63051,0.000004934888178236462
95316,0.000016988928583093462
74037,0.000042053517184981357
55407,0.00004020923909578803
77301,0.002298894411162203
27587,0.00017893799606473823
96708,0.00006813294506786108
77429,0.0003532156721377244
60540,0.000042680077192659164
95482,0.00005578463840666649
33764,0.0001519484811693113
20816,0.0002659577501396146
85213,0.0001797453074466186
67204,0.0000028290798881529687
32779,0.00017298761184820179
66219,0.0000915352112328748
03825,0.000049459522113396166
44410,0.000007768716227778159
07731,0.00007228126368894036
93268,0.00003525352583533985
94590,0.000019213612150922675
97132,0.0002495703427128653
49341,0.00004933025497074886
17013,0.000030225981930871272
78217,0.000011663016344995642
50323,0.0000659737923087609
93704,0.00015584071223807383
43110,0.000017061198135905955
80537,0.000025520144132183415
07834,0.00002046340998203055
94040,0.0006728033030506739
22310,0.000042213894205247456
60123,0.00005053992759606062
12110,0.000002800939688261048
11226,0.00015060928489023438
91208,0.002044652495854009
60090,0.000012070799056746219
91307,0.0012952888961648662
01845,0.00011378490177327256
23606,0.00003808126786555193
60527,0.00011562815153005985
02339,0.000003342799417072478
41018,0.0000288718034536718
46074,0.00013145584533012867
45342,0.00001378114844045565
95817,0.00002390059138374305
33703,0.000044149894696636026
37918,0.000025629879016687182
64155,0.00001668399987901056
59404,0.00005478891147557903
93428,0.00010432649527919476
10018,0.00008552614767846219
78613,0.00014214381268862943
90036,0.00150724875643254
44839,0.000011311664190691608
62703,0.000007188862926451532
83422,0.000010402646315507217
65203,0.00007228368757487892
53072,0.0003485697273645972
31763,0.0000033605991056135836
28804,0.000032252473718458234
90272,0.0009916915484457047
75209,0.00016612967420815493
80550,0.00026948766244646867
97439,0.00003973058944801158
36027,0.000004289715140536327
94027,0.0007732789201883535
95135,0.0000652545866873908
34203,0.000024352568938520394
37135,0.00012813992567831472
20774,0.000033013012224473445
46383,0.00004199211826231824
77705,0.000004614993282839051
33909,0.0000649655518857919
98664,0.00011224235752296371
91360,0.0015343974944438063
27617,0.00008868070746099656
70769,0.000010215908052883877
98043,0.00002178214509936374
85718,0.0003590986142485379
33547,0.00012899957882855917
43015,0.00008295422984990867
21704,0.00003372422542343154
83704,0.00012914276595478948
65807,0.00003068369845081057
40504,0.000003029625082190926
80215,0.000026901737981403352
59105,0.000008426930364647036
89085,0.00009413443513198618
53110,0.00003552168461717936
38305,0.00000898971234316697
93601,0.00003739333186428513
07470,0.00002973405813389913
84040,0.0003585489234628369
29486,0.00010146640781978385
98121,0.00006328231348759602
91202,0.0021459657662394526
30188,0.00008097632412109036
98092,0.00005192818940375175
33596,0.00006619390671260808
95670,0.00039429084403579725
81520,0.00004629777716107632
60601,0.000252245643030611
30087,0.00007187556159982338
77040,0.00008245582104046594
33149,0.0003285166627117496
52246,0.00003376476819673384
41075,0.000013258697559730145
36301,0.00000253916557667705
94301,0.0007154074667707213
44281,0.000020806769471209962
31904,0.00010795403598479967
17019,0.000006449450730419642
94526,0.000933890637329956
36526,0.000019968174787260013
97138,0.00009808665557749459
72143,0.000006754150987217056
10075,0.00008984790972410988
93445,0.000009178001128524788
66213,0.00003902957643244924
44515,0.000012194963406688937
86336,0.0002226177165069779
95691,0.00007199087141220113
45039,0.000020998634113609845
33478,0.00004835902920312384
91350,0.0017309557117772972
30066,0.00002675276721116809
29926,0.00015666650006159472
60174,0.000019930311114974312
95722,0.00034575221468922555
55033,0.00006515066886316322
20744,0.00012386053209240754
34233,0.00007436571900996479
97321,0.00004330343052884358
43147,0.0000318257050790792
94118,0.0008894214910918961
44024,0.000007932608977975709
07305,0.00001200311330517142
25403,0.000012901816913512585
78240,0.00003423073113243598
76244,0.0004149471236476029
44906,0.000017628674833008648
89508,0.00031799984898247207
32792,0.000018180940846057928
49316,0.00002413993947258796
99502,0.000023715285171272334
90006,0.00021186371508515517
44260,0.000005371091282633507
10028,0.00036370686665659544
92405,0.00044225852401445044
12303,0.000014628605908508072
95928,0.00012993741815096047
98338,0.000017143493406816806
95827,0.000329779961528548
73103,0.00004913350237691759
02421,0.0004820541368969525
77571,0.000053017431399841106
42211,0.000006106508836784206
55378,0.00004361047397121645
48423,0.000006954300632989706
92391,0.00011080041569125824
95341,0.000022845438079258984
77356,0.00012702149999110877
66223,0.00018817182612315537
87102,0.000010191021537128071
78741,0.0001540430369515742
32164,0.00004159880905140485
75010,0.00005351310642026054
17701,0.000015952776836142233
97007,0.0000990530191948235
95223,0.00016227774533203375
06082,0.000011330901761316221
95404,0.000565689226195465
96732,0.00015581439074571326
55315,0.000007339440056806892
85295,0.0009207508261355396
33076,0.000055940872013023696
27501,0.00004442513963938291
85501,0.00007560157153683833
95945,0.00011924228113011559
33179,0.00010484237493599791
06716,0.000008033871622224225
85326,0.00027220489521486763
37067,0.00019657850459532731
98685,0.00009518333000289876
46804,0.00002270098511061069
91381,0.0011817320926238374
23238,0.00002498126449311048
77070,0.00005805865883525266
60631,0.0001001061089749369
95640,0.000035612949203845384
15146,0.000027854493760182566
77657,0.000017391507153455682
82001,0.00009370815243395056
20001,0.0004912101967019802
60016,0.00012302252490360434
92104,0.001727870862422353
01970,0.0000936806962161142
02093,0.00003913464401910423
85745,0.0002922322703609092
33415,0.000026791506622033053
66067,0.00003635944041280475
84070,0.00013033334408054577
32507,0.0000073295776308863866
93631,0.00010515760760369687
44146,0.000009707645824394018
32408,0.000060823526137538224
83687,0.00023243199549926618
89106,0.00006996738825427979
75254,0.00004824748512345313
07901,0.00014847252171131385
35243,0.00006061329968828208
90293,0.0005247389956104738
71111,0.00007714078247839203
90230,0.0006265696467745482
44056,0.000006721162936442524
21797,0.000021742568807366963
78232,0.00004821803928563857
59602,0.00013976971473825365
84648,0.000024908264140677507
13027,0.000005096541103846515
53718,0.000026979256810371346
94065,0.00013949533567940247
89119,0.0009920471523074633
49120,0.00004593591422748206
23227,0.000011524718900206329
60106,0.00010327361115233039
56377,0.00011472537736248579
12189,0.000003061341473787341
33844,0.000010745444944402997
34241,0.000046474237746795174
06903,0.00004596155611527408
91505,0.0005242872179196213
98001,0.00004022383489128324
33322,0.000009379083715959662
30014,0.00021559421422020827
70003,0.000015479846166538037
29651,0.00005018130014410506
15212,0.000054866005056808955
77503,0.00003353776677298061
88340,0.00012094144581999897
60565,0.00038247377501023674
74012,0.000024509378591708658
55422,0.00004196002624308294
33069,0.00015988007103319202
96791,0.00011148488538637274
48910,0.000012062995941856645
58554,0.000004157779902075682
92250,0.00003173261658809365
85339,0.0001677423848425009
44212,0.000038303414163230853
94947,0.0002451963084267706
40047,0.0000028844884075927054
94509,0.0000974957626558788
59808,0.00010467930414491145
17036,0.000032050628306783696
73013,0.00005001056559558118
79109,0.000020851781669252604
95838,0.000145799464547951
08865,0.00004719146462015668
05452,0.0000027508907717932945
29680,0.00002872537081379429
30281,0.000021932414283979527
96740,0.00013921400450090816
95476,0.0002549233364178714
81101,0.000004242771647778612
80013,0.0003056615669743148
94564,0.00011773513067987763
43213,0.000027810708853247397
80634,0.00005771732486482205
54913,0.000027211559027126586
90019,0.0015100313740847614
28792,0.000003581525346955997
78114,0.000012474272578888036
83843,0.00004517237454516617
38103,0.00001885304241099747
53219,0.000019881920146961363
44087,0.000005638671663784044
40361,0.000008100272406055395
80470,0.000012740053668534379
94107,0.0006065809923626307
44134,0.000009657233491984481
18042,0.000012029596918883432
85737,0.00027653464575184625
24401,0.0000132243181743266
86401,0.0000694000558603362
33467,0.00008177718229678166
45601,0.000012105244447406295
37015,0.000026986617723599928
77002,0.000047757869207342845
60643,0.000026720346486604726
95632,0.00010669804040554068
55123,0.00006339180387524232
56215,0.000013213447669383631
79924,0.000038896994333086824
29577,0.00002571684121554636
48150,0.000045417998848269614
84401,0.00006185043384048984
44310,0.0000030659664550437445
07719,0.00004218323778918059
78753,0.000008015998561203779
87110,0.0000867874412993734
32751,0.0000032288068736651485
49441,0.000011450349055537643
97015,0.000052507096157775526
75002,0.00030655229668097913
44484,0.000012690066187390696
77401,0.000026200941896807294
20882,0.00019955519907234777
96720,0.000057155888964362826
85388,0.00039215914960044374
60467,0.00006001980119691063
95519,0.00001597409508269472
64015,0.00000997190035849273
39759,0.000005561277352951976
92352,0.0004966555529072349
33064,0.000028723360324471546
11762,0.000016746510413728747
95382,0.00014212219836054214
45202,0.00006611084986833726
98248,0.00007787351189371273
27513,0.00014834375922504695
60004,0.0001016633627602526
06801,0.000052919585549303034
37075,0.00008963012679953481
60623,0.0000031221515543446223
70726,0.00002638594667802062
98103,0.0005173570850214205
85658,0.00046249939235330545
30019,0.00009670155551195694
92019,0.0012780850154845147
08094,0.00002624797318302771
92116,0.0011033499404056414
96825,0.00011471480360922303
85757,0.00003380912168179648
02081,0.000006313008792747585
19130,0.00006716923085402926
93004,0.0012074067606754524
84062,0.0005892042605525561
26062,0.000012213870624154812
78418,0.000027691038982695682
53132,0.00003559951802687067
19083,0.000034690996924256324
28405,0.00004540227763360867
80237,0.00017393679171754517
53081,0.000013576968726174947
85635,0.00012807553750168187
24503,0.000028394950550858694
91342,0.0012598024330435216
27012,0.000029273077132200714
86324,0.000025645149724328045
85012,0.00020213561703576278
33898,0.000015939480668206905
95683,0.0005445719844779878
02050,0.000021533444695683853
34221,0.0001290172347278767
95117,0.0001164603534377803
20171,0.00007033971438114035
95018,0.00008636118976398989
55021,0.000031911829049847104
89179,0.00023014799303351836
22980,0.000006491237322065548
97333,0.00004497080346261397
94005,0.00005677104964267309
07871,0.000036332363860126596
83644,0.00019149390959638768
44139,0.00002732115519386889
32250,0.0006624629334879034
32578,0.000008551050740492926
32780,0.00018297142767244415
80111,0.0005451965398688973
93291,0.0006342968965071465
83328,0.000006476704060249068
28104,0.000045124604033662434
43311,0.000005250436139397452
99337,0.00026360843454758403
93505,0.00013675516691056468
53214,0.000006960696367235292
90014,0.0002244785204855069
31322,0.000020995056749220142
95835,0.0003976406886636172
30518,0.00015980090523606637
64078,0.000017619297106332157
98402,0.00008445004376311398
91106,0.0011803112474257456
33009,0.00000989248857528746
20853,0.0003918776155802881
98225,0.00010890543347607292
69001,0.000005892719149666725
60505,0.00000499567908565296
29016,0.000005362730526849253
55442,0.00003104932695069292
72758,0.00030593928585338797
94954,0.0003002986061655499
78642,0.00018267931791279403
38655,0.000016608831718913513
90067,0.0008679443897693478
32168,0.00003836270365666448
84337,0.000036671481464555305
07093,0.00004043335570876565
17602,0.00001757032802691623
14534,0.0004251668061599417
43545,0.000003603105318522964
54304,0.000005759590370276602
28078,0.00012139422897745964
77510,0.000014960493275886813
34119,0.00017787787747355283
29642,0.000038134688072702166
85396,0.0005468350251288841
95320,0.0000680533500247632
55431,0.00002618729138125436
96782,0.00007421340251932737
95949,0.0001510505597673295
85225,0.0003989482108718916
92243,0.00014479204832622264
33175,0.000023097496291505097
23234,0.000013662845145968682
48021,0.000005893359525456667
98012,0.0002473623811700257
85749,0.00029620824254493374
58703,0.000021121563909875535
92108,0.002316310288452726
48192,0.000018212095133844383
63390,0.000034559627267074266
91331,0.0005302105668236885
33331,0.00030443922246965234
21784,0.00009283353380251884
19709,0.00005568096863801469
32223,0.000020313920215168415
49080,0.000005197581181506118
50315,0.00004648583884146744
19606,0.000028706405140426577
90404,0.0011757256341039814
89005,0.00015631813290429466
80501,0.00017210045851915804
80229,0.00008370737817932839
43701,0.000036963561970958787
27103,0.00009671151089992483
67114,0.000003069006723744714
91935,0.00018903474935681586
95006,0.000028576519803889655
02766,0.00003295367104838573
95621,0.00005514323661641514
20748,0.000012438344333352774
54022,0.000047469073426202776
97405,0.0003864648737600356
07960,0.00006710405578594101
94114,0.00036178465772403526
97222,0.00019154260460660524
44094,0.00001593190962030372
32827,0.00015057621443349099
80922,0.00008444774539079901
32566,0.00002410158652757645
66109,0.00003178462421301694
99645,0.00002746952953737867
19143,0.00006455077752078668
94577,0.00006250044099642971
76248,0.00032832879667332385
75071,0.00033148273455055327
43528,0.0000029257535602271214
44805,0.000008954686810969763
93955,0.00011968260690455378
94939,0.000443238247400937
10024,0.00007346782447600202
07042,0.00007883037314225412
85248,0.0012758821734384913
92321,0.000026243735558705747
98513,0.00004732929424941547
12528,0.0000034902457213071932
30506,0.00009093505799474831
08876,0.00001650910482695653
79015,0.00002898401863272173
95242,0.00038861929028904225
23112,0.00004396133374664593
29720,0.000016011195786732838
48307,0.000048639600064543254
96753,0.0001960226665191539
55374,0.000037061338982316483
36527,0.000024656097252706958
14221,0.000042559828963878136
93905,0.00005654283156062509
66212,0.000029198824362361513
44514,0.00001160714162064776
93444,0.00015952410062926095
44333,0.000023518439746164983
93263,0.00012895160765890798
53572,0.0000802898266537952
11741,0.000021465689534257358
92371,0.0007943256665744745
12477,0.0000065000748657782204
55398,0.000019834251214502807
20912,0.000027448137968315055
74133,0.000033005568808417244
95212,0.00003566343061693428
37212,0.0003000494965497374
30817,0.0000025947072571490095
98802,0.000032603324762604944
70122,0.00002340002974335619
91203,0.0004003806798230202
29588,0.00004758667878792127
30135,0.0003006331447280394
86442,0.00024088790098361824
60194,0.000060592823356005315
92086,0.00017481242807071637
81521,0.0001484359991185877
82718,0.0001803176251961477
30189,0.00004201605767613016
21122,0.00002228157087061755
80214,0.000019097392264697053
40505,0.000005690577541845738
49001,0.000013514391577104344
10956,0.00004616352446218606
80433,0.00004197784351970133
83705,0.0001842714267973035
84041,0.00023862959626900056
19734,0.0000858991049612264
89084,0.00045104477642086586
32439,0.00005102086136661494
32311,0.00007063572557444686
48071,0.000028866286970051137
20152,0.00003365291276649956
29456,0.000006668085911918567
33908,0.00011438545288046174
95713,0.00005959674506120021
95134,0.00007662795669275317
34202,0.00006897233309059362
85031,0.00003691040004955045
98042,0.000125369956490632
85719,0.00012358955502670394
67601,0.000007990202991201572
27616,0.00003753458100222137
37087,0.00007564657836034806
98665,0.000047373245468690874
91361,0.0032395550167711403
76182,0.0001774579978038039
53073,0.000009326477648443457
84123,0.00019695450376740922
57401,0.00003663499192214396
22551,0.00002645987114143814
94601,0.00018226344929200662
94129,0.000041919531842971874
75208,0.00007151598374122574
93301,0.00012747339281152025
10019,0.0012996960191544896
94904,0.00019390597350842865
59405,0.00005172702495165296
62702,0.0000075509167169896945
68130,0.00013630373451780186
83204,0.000011854306285759637
89436,0.0002968428891476448
80132,0.00029982833284148964
21204,0.00009567961949074991
48235,0.00000480752538512333
95370,0.000569228954717826
48386,0.00008855057298726312
37919,0.000005135399673668602
33702,0.000019916665840093104
46075,0.000011423075111566798
95816,0.00032202698332848423
33125,0.0003303519103607224
91502,0.00012463724931778718
98006,0.0002590268665271184
98109,0.00019116137531133894
33325,0.00005624843556755175
91325,0.0005580674981184703
60101,0.0001608484216751598
48035,0.00004635403859412478
29412,0.00018532639391551014
23220,0.00003339061817477401
60629,0.00001365391141569241
02138,0.00010916778004149858
23508,0.00004751685753117057
95757,0.00024706150871404
95658,0.00015195548311169627
20019,0.000011125683245715506
11590,0.000032213452755278985
94062,0.0014024982387332403
89011,0.0015375937625172146
32951,0.00008025880248976678
40204,0.000014328060234512815
93101,0.0008012366561587983
43081,0.00005175205386917107
93726,0.000166035957897082
22079,0.00006897922232017673
83467,0.000025310876340860582
94401,0.0003423425842738396
43551,0.000006750023825414766
99577,0.00003757302579541107
32073,0.00002823680433506466
87015,0.00002113248614759699
78759,0.0001462178321995009
67226,0.000005845720993253897
95388,0.000012655030973598718
37388,0.000015023710768510727
45208,0.00010539866069936982
27519,0.0001084651957283536
67401,0.000028753617546757963
77845,0.000044957481924424266
85382,0.0003843893135315984
52807,0.000019959030616135657
27858,0.0002024751335340496
55425,0.000018570007157680546
95334,0.000010250355141716254
96002,0.00008269239286237843
54914,0.000026274571785174112
26241,0.000009121737906221862
14903,0.000001500931108106387
32736,0.000016936678667121787
38104,0.000019523641911548214
44278,0.000028270463595537964
13209,0.000007724126017523835
53536,0.000006330686820678092
78734,0.00008997087133603778
80014,0.00017094615264324437
49201,0.000015623792793607583
94563,0.0007513520365628254
49426,0.000025269348800454775
43214,0.000044175106929735055
44811,0.000002353774022926718
34747,0.00011393846074428351
55448,0.000033487513423540804
02536,0.000034196470847099214
27889,0.00004638791318048635
33624,0.00008429975983822989
29687,0.000012614907302129514
85353,0.00008596113942858173
77005,0.00020155748921589804
88061,0.000022765454817442734
02155,0.00005536865989238055
55124,0.0000859763032989449
85018,0.001782756091629668
18045,0.000051641998812072556
85730,0.00014010977175327313
86406,0.0011324762034881479
84005,0.00045407709430120844
93644,0.0001277882962163622
50263,0.00023105425953323246
44133,0.0000033010607701367465
78258,0.00008412863372096785
93063,0.0015104711095172264
97411,0.00008127933972146562
97236,0.00010629492606343877
31324,0.0000856176040620987
90012,0.0005622530686364598
99516,0.000036210065435786246
78738,0.0004600905953798042
53212,0.000006323157646325982
83406,0.00002501785049508704
49525,0.000023304903574586236
80018,0.000025865846873797425
75166,0.000022658269292987028
83221,0.000012378711879201648
75069,0.00007349064508125902
17050,0.00002452855452311449
35756,0.00005921753645759291
97756,0.0003530459031228584
85936,0.000048579018899286206
77565,0.000012026678548609284
81005,0.00020119588023736158
23005,0.000007855275795785991
55444,0.00006567429506735478
95355,0.0002601672071852228
37355,0.00000919298222681534
20855,0.000010870789757375409
98223,0.00020878935896276936
30339,0.0001602476691028627
85250,0.0005848698595333188
92339,0.00005284578698007169
92236,0.0003146820120771068
95833,0.00036126187826671904
67460,0.000011282006328676098
48879,0.000018687611803229503
46580,0.000025034704564612322
77009,0.000015665660348845815
08043,0.00004145362609877066
95111,0.00007267742646543254
55128,0.000031982608804410625
18049,0.000008342914105845194
86322,0.000013030512590398913
85014,0.00020662718530511953
91344,0.0018915169108078029
33991,0.000031674323229000655
45122,0.00003939426558859775
98168,0.000020574024108469205
84721,0.00028590909080775047
93648,0.000011864666813441954
44030,0.0000020566397238027616
32256,0.00004485520887811101
84009,0.00046633917423979785
84106,0.00020904034652929882
78254,0.00007153634878714936
83642,0.0009594992315728982
45040,0.000037780846882208554
92110,0.0005767542800110799
48085,0.0007217440252989875
91401,0.0008919953079931257
02188,0.000037759946107443714
33401,0.00012486415773695843
98105,0.0000839361636052293
34990,0.00004046089967781046
60625,0.00020228344416757798
02134,0.000008091436209016378
81504,0.00003290647464897832
77064,0.00019683300591591318
95073,0.0002806189227869652
60002,0.000020349380731286638
12182,0.0000036246729487967877
13090,0.000027604866655927065
97470,0.00010671302068909171
28403,0.00011278972670314007
80231,0.0001417996017152223
49024,0.00006833539325053508
19085,0.000044049492616297856
75240,0.00007208096285551738
43031,0.00001102315657759668
53188,0.00003813735184807332
93625,0.00002426581628995779
19711,0.00006074519332077658
19136,0.000020318542934650446
53713,0.00012104597953097055
94502,0.0000654572568273043
49548,0.00003775981323291173
43452,0.000009184337526492206
97013,0.00006477912682635691
44870,0.000005767621764318575
57702,0.00016599473535437286
59803,0.0001725721078102964
32757,0.00005420043907303254
26508,0.000013076014295837005
67502,0.000008671203684412737
02816,0.000005354569430080026
33062,0.000024226840278658433
27332,0.00003538603846552533
86004,0.00020975893079367629
41051,0.000002933119279165407
02370,0.000032787611553957367
55429,0.0000890325397223565
85281,0.0006219793304397461
95338,0.00003639072938397425
77407,0.0000645237089986801
55301,0.0000018245965643335858
33186,0.000023936771530963448
18951,0.000028620816960361584
77450,0.0001245788013842882
55356,0.00004222102814652879
34771,0.000014211269468374358
96771,0.0000032700665418091637
98531,0.000026307191326052007
60585,0.00004980523431438352
48843,0.000034744422589222585
85365,0.00034184820725118964
22191,0.00004597342433921199
90028,0.00047361002114497495
93436,0.0004088915472560146
32127,0.000021289809475601958
78702,0.0003535260935715058
80022,0.000086419606908069
94555,0.000028371425377511403
28037,0.000015284294230299858
90094,0.0008072474723053954
44105,0.000004234583681105535
94085,0.00007760436790524664
76092,0.000599383298875204
44691,0.000022833675990295756
89145,0.0003386027392132139
28273,0.00000920172050896207
75217,0.000038643215725890116
06850,0.000012621735330323292
01880,0.00038447015967194416
55112,0.00006015540062408981
95603,0.00009075268395631673
48161,0.000010096577555966126
46321,0.000015767573041457252
85706,0.00008174538279678865
27609,0.000444198676953112
06511,0.00007781663382253951
89027,0.00015148359683804912
32967,0.00002770027424750894
89128,0.000256054540581029
80304,0.00036420867659750803
22304,0.0004392848558825804
68521,0.000015669132695865074
99705,0.000011087680231193722
66049,0.00002212769406235643
49685,0.000008330923159311801
44067,0.000007583097804853449
93710,0.00009917311514873009
60084,0.00001507599896173151
85043,0.0002733032112396818
96819,0.000016852200722862136
98030,0.00001956854467639613
60137,0.00022559095518283825
20120,0.000014931378897693058
55070,0.000007644024831120487
33487,0.0015491597216048256
29203,0.000004801032344825041
37146,0.000015386536154707516
85207,0.0007728415876789216
55387,0.00003869231778621487
98274,0.00010114803670132475
33770,0.000034683108800073646
95864,0.0007479632757962263
92549,0.00010779682139111231
33157,0.00007497870096844407
85308,0.0009448492684530325
77532,0.00011017071237349984
30907,0.000011423867098248553
48348,0.000051628049374218975
55413,0.00003528389102186204
76207,0.0002820367898913352
94538,0.0004257594067824765
97701,0.0008088802578032348
90045,0.002026388971030358
78660,0.000261294783494179
75082,0.00016045314085150666
84532,0.00006375798973007625
78148,0.000018691784093309575
44223,0.000014142856927890663
19460,0.00004181977464776424
19348,0.000289295477717941
84315,0.000023458114573039656
55415,0.000056357891825253724
95304,0.00009531235067570813
01752,0.0001838134245583599
05408,0.00001053572946711337
37862,0.000016044076550086187
45238,0.000015590387614515075
33776,0.00004609196797933686
98272,0.00001793031254746893
27529,0.00004048155635379279
85201,0.0002120500327112649
11758,0.00007397425204022457
94582,0.0004983216046397042
36582,0.000005599451911184661
93552,0.0003002772666934719
38671,0.00000822722419156431
32043,0.000024866259476209357
90043,0.0005039981968752345
78666,0.00013381261423539836
75038,0.0002957395081422155
97707,0.0003267875826807532
68144,0.00006537629201714781
75137,0.000037605442496751775
44646,0.00002017232976425849
84770,0.0004870594224467989
93619,0.0018581247970171936
32207,0.000021051895811333934
84058,0.00018659998948685654
80302,0.0002779276378618031
22302,0.0004920924687635456
43725,0.0000011805344134500165
89021,0.0002600933730150881
80525,0.00017325415568335368
29205,0.000022769933909347346
60619,0.000015224702947177048
55076,0.00004081629015544657
15061,0.00000319331911876754
77058,0.000035364364542254065
08012,0.000028793441286693117
98036,0.00010690329394223687
67052,0.000024977126125879118
85045,0.000055878402881859577
18018,0.000024637241001282005
97206,0.00025221528257101755
75211,0.00003301185637012818
94618,0.000044375740036370564
89143,0.0002787697491768227
21771,0.00001943980320598093
40356,0.000016279352333631964
32803,0.00006994881933565786
80260,0.000018104256373831955
76028,0.00008855333408950707
80906,0.0002815324788209403
07405,0.0000529854322545091
77089,0.00023954931247125499
27127,0.00000684906640684192
34480,0.00006935382841929651
45011,0.000327304931744214
86436,0.00008416119091877997
85028,0.000356958305515514
48167,0.00006340323102158618
95605,0.000022409139933803814
91911,0.0007200348168721215
01886,0.00001400199821722304
33614,0.000027845813315720268
98310,0.00004463512253768676
45255,0.000014274559044032904
30305,0.00031346950208068636
48323,0.00002958071708377142
60430,0.000008793035461421506
96150,0.0001977976527950686
33180,0.00041475478107590196
22603,0.000013273090581000288
28031,0.00011597762842935023
80603,0.00004746128036133871
43224,0.0000055649636047593055
94553,0.00020494660890593426
49519,0.00015182186451317094
68601,0.000014453044536585737
78704,0.0003570524629743725
32609,0.000003618785936059852
93430,0.000023135722472306025
38134,0.000004530901536144934
33755,0.000022762273707421826
96785,0.00002059324446373352
34785,0.0000022981836575360115
67235,0.000008566467811754455
95841,0.00003623293737319476
15206,0.00004544121988104549
55436,0.00012344083044871318
74006,0.000011682021626749553
81650,0.00001072430157714142
58801,0.00000991930632032088
28658,0.00005485267591173388
17022,0.00004197201882976419
54303,0.000014420281180076338
47130,0.00011701885363772309
32060,0.000003881382359397641
87109,0.000039067619840762786
78645,0.00012872788770381015
26330,0.00003453355320555309
53548,0.00000831002443687998
89002,0.0005198227420556704
47374,0.0000068677731039597706
32224,0.00012020392165481277
71105,0.000008101137364760689
90403,0.0010175901270058566
53024,0.000011110905910730656
50312,0.00011033245967903018
11217,0.00012070987529036224
33511,0.0000576906634485257
48195,0.000012060785503713684
98632,0.00009350593556766595
45150,0.00006396443583839184
85641,0.00014347014761912722
34472,0.0000047292922745523946
23233,0.00004447793013568992
20105,0.00040566992505533284
48601,0.0000074041841836699405
04038,0.000044428752604433515
93657,0.00009517253324953148
53146,0.000021961565713101393
80925,0.000020730794206851238
84119,0.00007681969059345849
87507,0.00008901394889591788
44120,0.000012718124056461319
97402,0.00014690021935361963
97225,0.00031196447399913885
03054,0.00001790533260862833
60657,0.00015213726387716697
55038,0.00006570988413524804
91932,0.0004039683180893376
48144,0.000002629523694471564
34238,0.00003925780824142114
56201,0.00004575537634519086
05602,0.00010673975492578093
27104,0.000033486694887720604
11375,0.00011854452041084282
98177,0.00013573090127932228
85929,0.00005067702281512622
18974,0.00010954454988671474
96754,0.00008251135201485052
37923,0.00006999660327991325
12308,0.0000046552396067767485
02864,0.00004571309959217776
30326,0.0015427794032765445
24179,0.000006254440700668158
46767,0.000004203493909114037
85340,0.0004174259808557862
05446,0.000021046106425730463
10023,0.0004649576497890247
32725,0.00001214033175480254
38117,0.00003530663984759806
78628,0.00018011299083452016
50613,0.0004909156063830818
78727,0.000037734789291143194
38018,0.000013616564725465946
19428,0.000035861340895285884
80007,0.0001030370962074893
89503,0.0003423997350732188
43420,0.000004205548430115714
80108,0.000829071018023951
28012,0.000019596953583727027
43207,0.00004078515102118654
36830,0.00011843295832309087
78726,0.000035018432207499346
99508,0.00003647701328764385
10022,0.0005285598672498339
32724,0.000012515588212617709
38116,0.000011853093868667928
93953,0.00004331168428481141
43206,0.000011083529579321915
80621,0.00001291412562341472
75077,0.00007524939812047551
97060,0.00007554453112879559
14450,0.0003541004863277884
80109,0.0003979534246679193
61327,0.00044786694937363076
89502,0.00009073445613438218
19968,0.00001736494711897152
94571,0.000005855514584718196
55372,0.00018181996199065546
23114,0.000008422398242599445
48301,0.000022397321145350316
48867,0.0000033420743163343537
98332,0.00017126355743774264
12206,0.000009139377268636687
91011,0.0025530575113395515
30327,0.00009316534953393459
12309,0.000010961070490994954
37922,0.00003935379383806038
77630,0.000003690564176391614
34239,0.00012001355414537793
02760,0.00004203781258632733
20169,0.0000812267454775089
60656,0.000014099561708379274
11374,0.00023391536739678252
34285,0.000012470579816799729
33880,0.000011142476674075755
44121,0.000012561869342144688
87506,0.000060659969254554137
84118,0.00009828623211744979
44706,0.000004015178210994682
53147,0.00005686225442409096
80924,0.0001693708941893284
93656,0.00008627540260177848
44092,0.00000590957643168747
32821,0.00008878544554326102
80465,0.0001644218746312884
54603,0.00001779033309345387
94112,0.0003396323157779396
17522,0.000003906211768774862
97224,0.00030427213935922383
07869,0.00012324488314452203
97403,0.000049170282558970815
06457,0.000023989883250892635
86351,0.00008693123050027655
70119,0.000013221399689977124
11216,0.00002410327536383586
46368,0.000013464818523596557
20723,0.00003471951689347508
46901,0.000009961850532109733
37745,0.000006285858313358643
03038,0.000022314037133522836
22408,0.00001384807758020694
68505,0.00004412232123618847
94070,0.0002946216133618771
49712,0.0000024257252973046533
50313,0.000010691611265339538
90402,0.0009840124356249732
19128,0.000024873141009943025
32225,0.00011145144763725384
59718,0.00032613436581914316
54302,0.000010452864174009249
89460,0.00015686057664869222
75115,0.000011837701555138298
59912,0.000014632485050121265
44420,0.0000037993294759082667
07701,0.00010003140529685153
72076,0.00005080065168925243
87108,0.00001820980781666974
94952,0.0001829181982409325
33173,0.000024527245562110496
98250,0.000017471291658040007
96738,0.00001039477525522734
29063,0.00010055162620712967
95326,0.00003288797948781623
55437,0.00006384697743600494
85390,0.00018307608902618213
34637,0.00002399036138540324
95501,0.00023205820097708745
33569,0.00006743590750458845
79925,0.0002560416856162806
82072,0.000017440830025774677
29576,0.00004656458357953788
55122,0.00005677793374935043
60642,0.000023707665165174248
95014,0.0005834279272902467
37014,0.00011404624888916011
97230,0.00008253225068861517
43056,0.000020804278565510132
32835,0.000057593680322011185
93065,0.004241194091563317
84624,0.000019475575295156327
50265,0.00022242093981756232
84003,0.0005882816606325513
26003,0.000010952225828763492
78681,0.00011237343303966576
75063,0.0003456764407659662
43212,0.000018841977071266486
94565,0.0002296710214330702
80012,0.00005038018595103254
32117,0.000008946870318055903
93221,0.000015777529928054327
78732,0.00034610213479369323
10036,0.0005870278951689185
50021,0.00020035892610716045
90018,0.00050811110947159
29681,0.00007068147643975367
85355,0.00007437013901756613
70503,0.000022448597255396286
98229,0.0001196304653666072
73012,0.00006672491147501583
98501,0.0003691891781786445
48315,0.000008123914819777211
08302,0.000017196457216965256
29732,0.00002442798501568441
96741,0.00009214877637949934
34741,0.000008414236517214284
37885,0.00000817072987493537
03801,0.00009898262932586455
97116,0.00019208406651853436
55423,0.000035357980564669745
60564,0.00003843436491770256
05482,0.000006414695863673399
29650,0.000028268377024898285
73170,0.000019824295456583118
45429,0.00006263942894536121
92251,0.0001278770823080572
85338,0.0004933654055328825
46037,0.000031792925697747666
27410,0.00014020723706795367
20832,0.000032142094208342806
96790,0.000030449362694754
48911,0.000029511127497419512
06902,0.00011858583731095057
60008,0.000044548179044943925
34240,0.00012294525063042362
02719,0.000005471778379253972
12188,0.000003663249232606805
81401,0.00010527262284994934
55040,0.000013404270583505865
60107,0.000013448694569023967
20110,0.00001408373646081377
23226,0.000009103448074795462
29414,0.000008835351466978848
70002,0.00010161230698365416
33323,0.00002994690277879824
91504,0.002359806466382846
48180,0.00004059335986801303
06443,0.000031470096039395575
53719,0.00005259187169859567
93720,0.0011295675514973365
78233,0.000024710219484685362
44057,0.0000361266239205124
78414,0.00004060724627041028
89118,0.0008575686277708081
80513,0.00014594192401885673
28409,0.00016875489809333385
95215,0.00008754020610810913
37215,0.00021885130564264875
29150,0.00001404428932299462
96704,0.000019254228480052277
11746,0.0000759108151560186
33040,0.0002053102934108292
91040,0.0006782217421571743
95973,0.0005153140173573645
45226,0.000027163277967672443
52240,0.00004046528952581568
85310,0.0008073199478326718
66215,0.0001296769842392633
53575,0.0000064364272265019375
75601,0.000011868049054350541
94520,0.0001349817420110499
97031,0.00005233476793232069
87557,0.000006185194961918336
75904,0.0000504251105814339
71037,0.000007934487393888272
40502,0.000029719923011184585
49006,0.000007632749563586822
21702,0.000010774005657918723
83702,0.0002654851645733499
28206,0.000021302438345316598
89130,0.0006289986100748226
95051,0.00021690288705851954
81526,0.00009945166500609492
02116,0.00035601287249208716
08724,0.00002985125180824579
55068,0.00007429498871570282
60607,0.000036647114450611575
02019,0.0000029810669710209834
81301,0.0002490680836855084
20037,0.000026574131796275553
91204,0.0003585781866479242
98028,0.000913821939461747
91423,0.0022194939845858563
39211,0.00007663691488560583
60193,0.00008741174839505664
76036,0.00015615428196485767
97317,0.00004212457784518136
22556,0.000010115907189816321
89052,0.0024114400377147163
94709,0.000025701270673742937
94606,0.00003468195167163397
97530,0.0003133358110593005
84097,0.00021164786145262858
21047,0.00017205995889997083
97218,0.000035136069938104174
44012,0.000016773705853181023
80918,0.0004959555563082824
04005,0.000012438327300915325
80817,0.000012236723450284943
53074,0.000016880787068408313
84124,0.000278996007421447
33541,0.000007869708180288693
98045,0.00009783560497252572
46236,0.00001134772992132072
98662,0.000028795156717002773
85139,0.000011624864634938997
29910,0.0000953170758348117
20155,0.000020033887331364672
60142,0.00008464055094776315
48076,0.000028441638236966845
20772,0.000013250048712363651
46385,0.000059974861396404244
95133,0.0001042948030545897
48381,0.000027489368182103082
33705,0.000022188688629096324
20877,0.00004512117124884647
27455,0.000028481284391105196
46072,0.0000036496442966235322
95811,0.00002625361814818302
30214,0.000023423334036614303
79707,0.000013984886138315776
29615,0.00003407975584966775
34769,0.00003204919590350619
60521,0.00017249750618701423
95377,0.00006231467466501744
37377,0.000019100182713486468
68137,0.0001524353992649036
43512,0.000004272596932163698
89431,0.00005134825275166746
80135,0.000048630540735158534
93306,0.0006643167703677386
94903,0.00017524391788291716
44256,0.0000727365818601371
50009,0.000028137574788060967
76051,0.00015223998305992145
40508,0.000005393803875257985
97370,0.00001120331059869113
80219,0.00029564350288851236
62526,0.000002144992406792515
28303,0.000056448634863391356
83607,0.00010608361679582632
50325,0.00004931530003464401
24540,0.00000848703724365195
12019,0.000695856854419776
33301,0.00039158216948768763
92037,0.0033622176919682273
91301,0.0007472579644227091
18103,0.00002138682357937659
29585,0.00001805043315881028
85051,0.00010023303649498721
60096,0.00003670640545726619
98022,0.00002520131297015722
20715,0.000009359562452571413
20132,0.00000965490405565911
37876,0.000014104834344956931
33145,0.000020216237531778945
27215,0.00002395714421473593
85215,0.00025341765722314307
64134,0.00005842497611414813
77493,0.0007543351290094618
42240,0.000003811756460054515
60546,0.00002092122108938806
55401,0.000013378359957188962
29672,0.000003779237363896605
77520,0.00001903249406858529
93908,0.00016431569225727294
17015,0.00002697243310805954
22152,0.00006568287665363003
93546,0.0007226783026892834
94596,0.00025536708598830176
14845,0.0000074340553769688215
04401,0.000027048208801748053
87031,0.00003475688313675309
90057,0.00011815094015990335
93449,0.0001992413168178104
07110,0.00006205399310924638
55344,0.0003240326334419634
81122,0.00017649754266140956
29710,0.00002631302675996641
88201,0.0000120028521727144
11106,0.000042200210606982885
92536,0.00043366199079305053
08846,0.00002473186314805964
85377,0.00003427961873425456
33027,0.000012564280335667285
92311,0.0002553618406167494
27278,0.000045989935343447487
37914,0.000005512688501735823
45241,0.0009975403671573454
94806,0.0001409994078965483
83860,0.000023968325928837072
38120,0.00014794281486320228
10014,0.001041827368214925
93424,0.00003149188010104721
32712,0.000006757902427263611
99216,0.000025312968830178576
43230,0.00003517762889976846
28025,0.0000515721377986704
97056,0.000010524454122915619
22030,0.00015034363024596319
80030,0.00003218236130047303
94547,0.00007289323688333103
13069,0.000004674089274760815
32459,0.000041872757397608635
84606,0.00022953635153618484
43074,0.000030207842819695834
32817,0.000007763226485196491
07950,0.00019528230937992735
76133,0.000036144544112655944
75205,0.0008037725048863593
97212,0.00017193163021020502
94124,0.00009233931867203963
94703,0.00010120629118075624
16509,0.000023029819092113918
95139,0.00005795885327070024
48173,0.000005621224219215569
60047,0.00005350039346718116
60148,0.00004111625751756798
60660,0.000016623795415504973
33444,0.00013747916769534787
46514,0.000005922604077769488
08080,0.00003356859837575155
98117,0.00008347263519919654
85743,0.0002771782999915618
30102,0.00003940422400577611
92102,0.0007777768875862083
70115,0.00007799526594420015
29842,0.000004063710384057713
48198,0.00003922600508846254
20007,0.00009625858377589365
60010,0.00027612100919156574
48124,0.000022263957393692536
77651,0.00002388262897283313
88012,0.000018260906926590706
33952,0.00004962011600976394
60637,0.00004374057214662565
98683,0.000056465428726432864
91387,0.0011419143969109103
75252,0.0002461931306061524
17543,0.000036255604755681904
43023,0.000013749644254630843
53095,0.000015256532007479278
49036,0.0000629415281666192
62234,0.000016651908811207368
80223,0.00009655088850153881
28411,0.0001681855434068396
93010,0.0009247515162536515
53029,0.000027315952976181175
44140,0.000035231411002162895
84651,0.00029377381153984313
59714,0.0000805367784988898
53126,0.00002433947857588934
93637,0.0001585624286500667
66061,0.00005057372159613959
80640,0.000051257277779175795
94510,0.00032682916608780074
28655,0.000013970557956802375
53545,0.000012499898697796841
32162,0.00005693133262416246
61820,0.000014219824067527782
92249,0.000012244956929176729
45431,0.00007681667785961558
92561,0.00022758975248665485
05201,0.0000028501965033184225
92346,0.0025575057372660527
77381,0.0005961977162657696
34734,0.000026021675404175083
96734,0.0007607353532273678
55313,0.00007395738681457939
06084,0.0000048835081730374175
27949,0.000016649970256033743
18914,0.00002881415839828779
34113,0.00007910969497277391
07760,0.00005513791317003901
19425,0.0000614292047510188
47150,0.000053702309519489955
44266,0.0000034453282730034557
38632,0.000019795029645034443
99504,0.00006465118267567056
17042,0.00003176227402593426
68107,0.00001933390608085706
28110,0.000039434584425614405
92397,0.00046048861729905275
74066,0.00020170061846296297
34759,0.000006692802729424797
77478,0.00013315393244918433
95560,0.000015227206313261334
98382,0.0000681288323681698
95821,0.00020331325061012157
79110,0.0000015774767314807667
33830,0.000010812625526613752
29349,0.00000600429206631457
56303,0.000028611799453806372
29461,0.0000018183064756596022
20165,0.000024770031239456353
60172,0.000014909060746278998
91356,0.001122892639064865
39564,0.00004832901011608571
85621,0.00007088843049340742
98075,0.00022629808519292454
85006,0.00015561850780581847
27006,0.00008622879716200497
44022,0.0000568901245148032
32244,0.0000169869767358433
19046,0.000027363807734224672
76109,0.00018786356675158972
76006,0.000019148689241432672