Page Title,Page Views,Page Path
Visit Dana Point | The Best Beaches in Southern California,21545,/
Dana Point Trolley | Free Coastal Transportation & Stops,16217,/dana-point-trolley/
"Dana Point Events | Festivals, Live Music & Coastal Celebrations",8044,/events/
Summer Concerts in the Park,6779,/event/summer-concerts-in-the-park/768/
Baby Beach,6007,/listing/baby-beach/11/
Things to Do in Dana Point | Explore Dana Point,5202,/things-to-do/
Strands Beach,4410,/listing/strands-beach/48/
"Best Year-Round Whale Watching | Dana Point, California",4180,/things-to-do/harbor-ocean-adventure/dana-point-whale-watching/
"Things to Do in Dana Point | Beaches, Dining & Activities",3762,/things-to-do/
Dana Point Shopping | Shop Local,3597,/things-to-do/shopping/
Salt Creek Beach,2632,/listing/salt-creek-beach/245/
Dana Point Harbor Farmers Market,2484,/event/dana-point-harbor-farmers-market/724/
Dana Point Hotels | All Places to Stay,2394,/lodging/
"Hiking in Dana Point | Scenic Trails, Bluffs & Ocean Views",2380,/things-to-do/onshore-activities/hiking/
4th of July Fireworks,2375,/event/4th-of-july-fireworks/767/
Dana Point Hotels & Resorts | Where to Stay in Dana Point,2301,/lodging/
Dana Point Beaches | Best Southern California Shorelines,2262,/things-to-do/harbor-ocean-adventure/dana-point-beaches/
Dana Point Restaurants | Dining,1964,/dana-point-restaurants/
Local Attractions - Visit Dana Point,1959,/things-to-do/local-attractions/
Get on the Water | Dana Point Kayaking & Paddleboarding,1858,/things-to-do/harbor-ocean-adventure/kayaking-paddleboarding/
Doheny State Beach,1802,/listing/doheny-state-beach/239/
Offers - Visit Dana Point,1777,/offers/
Ocean View Restaurants in Dana Point | Visit Dana Point,1715,/dana-point-restaurants/ocean-view-restaurants/
Dana Point Trolley | Visit Dana Point,1639,/dana-point-trolley/
Events from February 6 – February 14 – Visit Dana Point,1611,/events/
404,1535,/visitors-guide/
Art & Museums in Orange County | Visit Dana Point,1451,/things-to-do/arts-culture/
4th of july parking and fireworks,1397,/blog/post/where-to-park-and-where-to-watch-fireworks-in-dana-point/
Dana Point Restaurants | Best Seafood & Coastal Dining,1362,/dana-point-restaurants/
Dana Point Hiking | Find Your Trail,1329,/things-to-do/onshore-activities/hiking/
Dana Point Headlands Conservation Area,1306,/listing/dana-point-headlands-conservation-area/298/
Ocean Institute's Maritime Festival in Dana Point 2026,1236,/blog/post/dana-points-maritime-festival-2026/
Dana Point Bars and Nightlife | Find Bars in Dana Point,1131,/dana-point-restaurants/bars-nightlife/
Capt. Dave's Dolphin & Whale Watching Safari,1102,/listing/capt-daves-dolphin-&-whale-watching-safari/29/
Surfing in Dana Point | Iconic Waves & Coastal Surf Spots,1091,/things-to-do/harbor-ocean-adventure/dana-point-surfing/
Contact Us - Visit Dana Point,1090,/contact-us/
Capistrano Beach,1034,/listing/capistrano-beach/26/
Dana Point Harbor,1021,/listing/dana-point-harbor/42/
Dana Point Farmers Market,1002,/event/dana-point-farmers-market/723/
"Visit Dana Point, CA | Beaches, Whale Watching & Coastal Dining",987,/
Search,976,/search/
180blu,952,/listing/180blu/2/
"The Ritz-Carlton, Laguna Niguel",946,/listing/the-ritz-carlton-laguna-niguel/140/
Calendar - Visit Dana Point,937,/events/calendar/
Laguna Cliffs Marriott Resort & Spa,936,/listing/laguna-cliffs-marriott-resort-&-spa/79/
Ocean Institute,925,/listing/ocean-institute/99/
About Visit Dana Point - Visit Dana Point,877,/meet-the-team/
Dana Point Weddings | Coastal Venues & Oceanfront Celebrations,874,/weddings/
"Ohana Festival 2026 Dana Point: Lineup, Tickets & Parking",861,/blog/post/ohana-festival-dana-point/
"Dana Point Travel Guide | Things to Do, Stay, Eat & Explore",854,/plan-your-visit/
Ohana Festival 2026,852,/event/ohana-festival-2026/758/
Why Dana Point | Places to Visit in Southern California,835,/plan-your-visit/why-dana-point/
dana point trails,817,/blog/post/dana-point-hiking-and-walking-trails/
55th Annual Festival of Whales,768,/event/55th-annual-festival-of-whales/738/
Waldorf Astoria Monarch Beach Resort & Club,754,/listing/waldorf-astoria-monarch-beach-resort-&-club/96/
Catalina Express,749,/listing/catalina-express/165/
Why Visit Dana Point? | Visit Dana Point,739,/plan/why-dana-point/
OC Parks Summer Concert,717,/event/oc-parks-summer-concert/769/
Hilton Garden Inn Dana Point Doheny Beach,689,/listing/hilton-garden-inn-dana-point-doheny-beach/54/
Dana Wharf Sportfishing and Whale Watching,672,/listing/dana-wharf-sportfishing-and-whale-watching/51/
Doheny Surf,657,/listing/doheny-surf/53/
Dana Point News & Media | Visit Dana Point,654,/news-media/
Meetings in Dana Point | Coastal Venues & Group Gatherings,639,/meetings/
Movies in the Park,627,/event/movies-in-the-park/765/
Wheel Fun Rentals & Board Rentals,618,/listing/wheel-fun-rentals-&-board-rentals/155/
Blufftop Trail,614,/listing/blufftop-trail/268/
Plan Your Visit,614,/plan-your-visit/
"Dana Point Blog | Travel Tips, Events & Local Inspiration",605,/blog/
Firework Spectacular at The Waldorf Astoria Monarch Beach Resort & Club,593,/event/firework-spectacular-at-the-waldorf-astoria-monarch-beach-resort-&-club/773/
Capistrano Coast House,582,/listing/capistrano-coast-house/378/
Sunsets Bar and Grill,582,/listing/sunsets-bar-and-grill/191/
Longboard Rooftop Lounge,563,/listing/longboard-rooftop-lounge/97/
The Spa at Laguna Cliffs Resort,558,/listing/the-spa-at-laguna-cliffs-resort/143/
Dana Point Beachfront Hotels | Oceanfront Stays & Coastal Views,542,/lodging/dana-point-hotels-on-the-beach/
Headlands Conservation Area Trail System,536,/listing/headlands-conservation-area-trail-system/283/
Bike Rentals in Dana Point | Coastal Cycling & E-Bikes,520,/things-to-do/onshore-activities/bike-rental/
"Festival of Whales in Dana Point, CA",519,/blog/post/festival-of-whales-in-dana-point-ca/
Monarch Bay Beach Club,515,/listing/monarch-bay-beach-club/93/
Best Beaches in Dana Point,514,/things-to-do/harbor-ocean-adventure/dana-point-beaches/
OC Parks Sunset Cinema,513,/event/oc-parks-sunset-cinema/770/
Dana Point Fishing | Dana Point Sportfishing,504,/things-to-do/harbor-ocean-adventure/fishing/
Meetings & Events | Visit Dana Point,499,/meetings/
Fine Dining in Orange County | Visit Dana Point,484,/dana-point-restaurants/fine-dining/
Summer Trolley Service,483,/event/summer-trolley-service/763/
Dana Point Wedding Venues | Visit Dana Point,472,/weddings/
Spa & Wellness in Dana Point | Relaxation by the Sea,471,/things-to-do/onshore-activities/spa-wellness/
Privacy Policy,454,/privacy-policy/
Bike Rentals - Visit Dana Point,441,/things-to-do/onshore-activities/bike-rental/
"4th of July, Dana Point",440,/blog/post/celebrate-the-4th-of-july-in-dana-point/
Wind & Sea Restaurant,430,/listing/wind-&-sea-restaurant/278/
Job Openings - Visit Dana Point,429,/meet-the-team/job-openings/
Plan,426,/plan/
404,424,/lantern-district/
Best Western Plus Dana Point Inn By The Sea,411,/listing/best-western-plus-dana-point-inn-by-the-sea/18/
Dana Point Hotels | Best Hotels in Dana Point,405,/lodging/dana-point-hotels/
"Dana Point Newsletter | Travel Updates, Events & Coastal Tips",405,/newsletter/
Candlelight Concerts by Fever,404,/event/candlelight-concerts-by-fever/730/
Chart House Restaurant,404,/listing/chart-house-restaurant/32/
Golfing in Dana Point | Scenic Courses & Coastal Fairways,404,/things-to-do/onshore-activities/golfing/
Outdoor Recreation - Visit Dana Point,401,/things-to-do/outdoor-recreation/
The Beachfront Inn & Suites,392,/listing/the-beachfront-inn-&-suites/230/
Palisades Gazebo Park,390,/listing/palisades-gazebo-park/345/
Family-Friendly Restaurants | Visit Dana Point,384,/dana-point-restaurants/family-friendly/
Marine Life in Dana Point - Visit Dana Point,382,/things-to-do/marine-life-in-dana-point/
Soundtrack to Summer,368,/event/soundtrack-to-summer/757/
Mission San Juan Capistrano,357,/listing/mission-san-juan-capistrano/261/
Hilton Vacation Club Riviera Beach & Shores,343,/listing/hilton-vacation-club-riviera-beach-&-shores/190/
Dana Point Harbor Adventures | Ocean Activities & Coastal Fun,341,/things-to-do/harbor-ocean-adventure/
California Wine Festival,340,/event/california-wine-festival/753/
"The Spa at the Ritz-Carlton, Laguna Niguel",338,/listing/the-spa-at-the-ritz-carlton-laguna-niguel/141/
Spas - Visit Dana Point,337,/things-to-do/spas/
Valentine’s Day in Dana Point: Romantic Getaways & Dining,333,/blog/post/romance-by-the-coast-valentines-day-in-dana-point/
Family-Friendly Restaurants Dana Point | Kids Welcome,332,/dana-point-restaurants/family-friendly/
Why Dana Point | Places to Visit in Southern California,329,/plan/why-dana-point/
A Guide to Dana Point's Beaches,322,/blog/post/a-guide-to-dana-points-beaches/
Dana Point Festivals | Coastal Events & Live Music Guide,317,/blog/post/its-festival-season-in-dana-point/
RAYA,313,/listing/raya/110/
Boating & Fishing - Visit Dana Point,312,/things-to-do/harbor-ocean-adventure/boating-fishing/
Dana Point Surfing | Catch Your Wave,307,/things-to-do/harbor-ocean-adventure/dana-point-surfing/
Best Coffee Shops in Dana Point,294,/blog/post/best-coffee-shops-dana-point/
Newsletter,293,/newsletter/
Dana Point's History of Authenticity,288,/blog/post/dana-points-history-of-authenticity/
Blue Lantern Inn,277,/listing/blue-lantern-inn/22/
Lantern Bay Park,276,/listing/lantern-bay-park/80/
Capistrano SurfSide Inn,273,/listing/capistrano-surfside-inn/231/
(not set),272,/includes/plugins/nav/preview_civs/
Doheny Bike,270,/listing/doheny-bike/300/
Lantern's Edge,270,/listing/lanterns-edge/153/
Coastal Explorer USA,267,/listing/coastal-explorer-usa/371/
Barrel & Brews,266,/listing/barrel-&-brews/100/
What to do and where to stay in Dana Point for the 4th of July,260,/blog/post/what-to-do-in-dana-point-for-the-4th-of-july-and-where-to-stay/
Salt Creek Trail,251,/listing/salt-creek-trail/248/
Smoke on the Water,247,/event/smoke-on-the-water/776/
Ohana Festival 2026,239,/blog/post/ohana-festival-dana-point/
Dana Point City-Wide Scavenger Hunt,237,/event/dana-point-city-wide-scavenger-hunt/754/
Dana Point Hotels on the Beach | Hotels With Ocean View,228,/lodging/dana-point-hotels-on-the-beach/
Health & Wellness | Dana Point Spas | Dana Point Yoga,227,/things-to-do/onshore-activities/spa-wellness/
Young's Beach Shack,226,/listing/youngs-beach-shack/317/
Mother's Day Brunch Buffet,224,/event/mothers-day-brunch-buffet/746/
Best Western Plus Marina Shores Hotel,224,/listing/best-western-plus-marina-shores-hotel/19/
Pure Watersports,224,/listing/pure-watersports/44/
Dana Point Resorts | Top Luxury Beach Hotels in California,222,/lodging/dana-point-resorts/
Easter Brunch Buffet,220,/event/easter-brunch-buffet/743/
Dana Point Beach Guide | Best Places for Surf & Relaxing,219,/blog/post/a-guide-to-dana-points-beaches/
404,218,/blog/post/celebrate-the-4th-of-july-in-dana-point/
Best Coffee Shops in Dana Point | Cafés & Local Favorites,217,/blog/post/best-coffee-shops-dana-point/
Catalina Island Day Trip,214,/blog/post/catalina-island-day-trip/
Be sure to add a meta title,214,/includes/plugins/nav/preview_civs/
AVEO Table + Bar,214,/listing/aveo-table-+-bar/10/
Dana Point Marina Inn,213,/listing/dana-point-marina-inn/46/
Sustainability in Dana Point | Responsible Coastal Travel,212,/includes/plugins/nav/preview_civs/
"Marine Life in Dana Point | Whales, Dolphins & Tide Pools",212,/things-to-do/marine-life-in-dana-point/
Laguna Cliffs Marriott's Stars Stripes & Sounds Festival,210,/event/laguna-cliffs-marriotts-stars-stripes-&-sounds-festival/791/
Golden Galleon Boutique,210,/listing/golden-galleon-boutique/60/
Expert Active,206,/listing/expert-active/303/
Westwind Sailing,205,/listing/westwind-sailing/259/
Surfing in Dana Point | Iconic Waves & Coastal Surf Spots,201,/includes/plugins/nav/preview_civs/
Girl in the Curl Surf Shop & Surfing School,196,/listing/girl-in-the-curl-surf-shop-&-surfing-school/59/
Aloha Stacks,193,/listing/aloha-stacks/124/
Waterman's Plaza,192,/listing/watermans-plaza/359/
Hop On Safari,189,/listing/hop-on-safari/337/
Visit Dana Point | The Best Beaches in Southern California,183,/includes/plugins/nav/preview_civs/
Orange County Guide | Southern California from Dana Point,183,/orange-county-california/
Sitemap,183,/sitemap/
Starry Nights at Del Mar Lawn,180,/event/starry-nights-at-del-mar-lawn/759/
Organic Market,174,/event/organic-market/764/
Maritime Festival 2026,172,/event/maritime-festival-2026/803/
Dana Point Classic Car Show,166,/event/dana-point-classic-car-show/771/
Gallery Dana Bay,165,/listing/gallery-dana-bay/306/
Surfing Heritage & Cultural Center,165,/listing/surfing-heritage-&-cultural-center/234/
"Dana Point Harbor | Things to Do, Dining & Cruises",160,/blog/post/dana-point-harbor-is-worth-a-visit/
Coffee Importers Scoop Deck & Deli,159,/listing/coffee-importers-scoop-deck-&-deli/37/
About Orange County California | Visit Dana Point,159,/orange-county-california/
Dana Point Whale Watching | Dolphin & Whale Capital of the World®,158,/things-to-do/harbor-ocean-adventure/dana-point-whale-watching/
Jimmy's Famous American Tavern,157,/listing/jimmys-famous-american-tavern/74/
Glasspar Seafood,155,/listing/glasspar-seafood/262/
Monarch Beach Golf Links,154,/listing/monarch-beach-golf-links/95/
"Onshore Activities in Dana Point | Shopping, Spas & Trails",153,/things-to-do/onshore-activities/
Kawamanta Seafood,152,/listing/kawamanta-seafood/197/
retreat to dana point,147,/blog/post/3-day-reset-in-dana-point/
Fabulous Training Page,146,/includes/plugins/nav/preview_civs/
Craft House,146,/listing/craft-house/39/
Taste of Lantern Village,145,/event/taste-of-lantern-village/804/
Pedego Electric Bikes,145,/listing/pedego-electric-bikes/180/
Sea Terrace Park,145,/listing/sea-terrace-park/269/
What to do and where to stay in Dana Point for the 4th of July,143,/includes/plugins/nav/preview_civs/
Dana Point Beaches | Best Southern California Shorelines,142,/includes/plugins/nav/preview_civs/
Luciana's Ristorante,142,/listing/lucianas-ristorante/84/
The District Salon,140,/listing/the-district-salon/188/
Killer Dana Surf Shop,138,/listing/killer-dana-surf-shop/77/
post,137,/includes/plugins/nav/preview_civs/
Ocean Institute's Maritime Festival in Dana Point 2026,136,/includes/plugins/nav/preview_civs/
Monarch Beach (Adjacent to Salt Creek),136,/listing/monarch-beach-(adjacent-to-salt-creek)/385/
Ribbon Cutting: The White Rooster,134,/event/ribbon-cutting:-the-white-rooster/740/
Blog,133,/blog/
Sawdust Art Festival,133,/listing/sawdust-art-festival/266/
Coastal Kitchen,132,/listing/coastal-kitchen/36/
Romance by the Coast: Valentine's Day in Dana Point,131,/includes/plugins/nav/preview_civs/
Date Day or Night in Dana Point,129,/blog/post/date-day-or-night-in-dana-point/
Dana Point Resorts | Book Your Stay,129,/lodging/dana-point-resorts/
Dana Point Is All About Family Fun,128,/blog/post/dana-point-is-all-about-family-fun/
Youth Sailing Program-Dana Point Yacht Club,128,/event/youth-sailing-program-dana-point-yacht-club/781/
Listing,127,/includes/plugins/nav/preview_civs/
50th Annual Boat Parade of Lights,126,/event/50th-annual-boat-parade-of-lights/457/
404,123,/activities-and-things-to-do/dana-point-lantern-district/
Bar RAYA,123,/listing/bar-raya/12/
Why Dana Point | Places to Visit in Southern California,122,/includes/plugins/nav/preview_civs/
Premier Southern California Golf | Visit Dana Point,122,/things-to-do/onshore-activities/golfing/
Luxe Restaurant & Martini Bar,121,/listing/luxe-restaurant-&-martini-bar/86/
"Best Year-Round Whale Watching | Dana Point, California",120,/includes/plugins/nav/preview_civs/
Project Social,118,/listing/project-social/272/
404,117,/event/holidays-to-go-christmas/
Dana Point Weddings | Coastal Venues & Oceanfront Celebrations,117,/includes/plugins/nav/preview_civs/
Dana Point Fishing | Dana Point Sportfishing,116,/includes/plugins/nav/preview_civs/
Casa Romantica Cultural Center and Gardens,116,/listing/casa-romantica-cultural-center-and-gardens/232/
Truly Pizza,116,/listing/truly-pizza/330/
A's Burgers,115,/listing/as-burgers/7/
"""Family Getaway to Dana Point""",114,/blog/post/family-getaway-to-dana-point/
Request for Proposal - Visit Dana Point,114,/request-for-proposal/
Dana Point Neighbors | Nearby Cities & Day Trip Ideas,113,/blog/post/dana-point-neighbors-sights-and-stops/
Dana Point's Surfing Industry Beginnings,113,/blog/post/dana-points-surfing-industry-beginnings/
"Dana Point Events | Festivals, Live Music & Coastal Celebrations",113,/includes/plugins/nav/preview_civs/
Outlets at San Clemente,111,/listing/outlets-at-san-clemente/242/
Dana Wharf Sunset Wine Cruise,109,/event/dana-wharf-sunset-wine-cruise/695/
Bourbon Steak Orange County,109,/listing/bourbon-steak-orange-county/128/
The White Rooster Cafe,109,/listing/the-white-rooster-cafe/335/
Bruster's Ice Cream,107,/listing/brusters-ice-cream/291/
404,106,/activities-and-things-to-do/whale-watching/
Wyland’s Whale and Dolphin Adventure Art Lessons in the Wild,104,/event/wyland’s-whale-and-dolphin-adventure-art-lessons-in-the-wild/689/
Golfing in Dana Point | Scenic Courses & Coastal Fairways,104,/includes/plugins/nav/preview_civs/
Best Things to Do in Dana Point | Top Attractions Guide,103,/blog/post/the-top-6-things-to-do-in-dana-point/
Olamendi's Mexican Restaurant,103,/listing/olamendis-mexican-restaurant/169/
Listing,103,/listing/strands-beach/48/
Listing,102,/listing/baby-beach/11/
Family Fun in Dana Point | Kids Activities & Vacation Ideas,99,/blog/post/dana-point-is-all-about-family-fun/
Cars & Coffee on the Wharf,99,/event/cars-&-coffee-on-the-wharf/736/
Aliso & Wood Canyons Regional Park,99,/listing/aliso-&-wood-canyons-regional-park/4/
Why Visit Dana Point? | Visit Dana Point,97,/includes/plugins/nav/preview_civs/
Salt Creek Grille Orange County,97,/listing/salt-creek-grille-orange-county/114/
Free Things to Do in Dana Point | Budget Travel Activities,96,/blog/post/10-free-things-to-do-in-dana-point/
"Stars, Stripes and Sounds Festival",96,/event/stars-stripes-and-sounds-festival/792/
Dana Point Trolley | Free Coastal Transportation & Stops,96,/includes/plugins/nav/preview_civs/
Harbor Evening Wine Cruise,95,/event/harbor-evening-wine-cruise/779/
The Top 6 Things To Do In Dana Point,94,/blog/post/the-top-6-things-to-do-in-dana-point/
Harbor & Ocean Adventure,94,/things-to-do/harbor-ocean-adventure/
Books & Blooms- Book Lovers Market,93,/event/books-&-blooms-book-lovers-market/737/
Coastal Cowgirl,93,/event/coastal-cowgirl/777/
404,93,/events/summary/
Champagne Sunset Sail,91,/event/champagne-sunset-sail/780/
Dana Point Historical Society Museum,91,/listing/dana-point-historical-society-museum/297/
Festival of Arts & Pageant of the Masters,91,/listing/festival-of-arts-&-pageant-of-the-masters/263/
Dana Point Craft Beer | Local Breweries & Beer Cruises,89,/blog/post/cheers-to-beer-in-dana-point/
Offers - Visit Dana Point,89,/includes/plugins/nav/preview_civs/
Fashion Island,89,/listing/fashion-island/240/
Listing,88,/listing/capt-daves-dolphin-&-whale-watching-safari/29/
4th of july parking and fireworks,87,/includes/plugins/nav/preview_civs/
Jon's Fish Market,87,/listing/jons-fish-market/75/
What a Dish Café & Catering | It's All About the Cake,87,/listing/what-a-dish-café-&-catering-|-its-all-about-the-cake/154/
Dana Point Meeting RFPs | Events & Weddings Official,86,/request-for-proposal/
Winter in Dana Point: What to See and Do | Visit Dana Point,85,/blog/post/winter-in-dana-point-california/
The Point Restaurant & Bar,85,/listing/the-point-restaurant-&-bar/185/
Board of Directors (BOD) | Visit Dana Point,85,/meet-the-team/board-meetings-agendas/
Onshore Activites,85,/things-to-do/onshore-activities/
10 Free Things to Do in Dana Point,83,/blog/post/10-free-things-to-do-in-dana-point/
It's Festival Season in Dana Point!,83,/blog/post/its-festival-season-in-dana-point/
Louise Leyden Park,82,/listing/louise-leyden-park/83/
Live Music Harbor Cruise,81,/event/live-music-harbor-cruise/783/
Art Sea,81,/listing/art-sea/208/
OverVue Lounge & Deck,81,/listing/overvue-lounge-&-deck/100/
Taikun Omakase,80,/listing/taikun-omakase/350/
Taco Tuesday,79,/event/taco-tuesday/778/
Orange County Pearls,79,/listing/orange-county-pearls/384/
Business Listing Request,79,/meet-the-team/business-listing-request/
"Festival of Whales in Dana Point, CA",78,/includes/plugins/nav/preview_civs/
Listing,78,/listing/dana-point-headlands-conservation-area/298/
Dana Point Hiking Trails | 12 Coastal Hikes & Bluff Walks,78,/things-to-do/onshore-activities/hiking/
"Date Ideas in Dana Point, CA | Date Night & Romantic Things",77,/blog/post/date-day-or-night-in-dana-point/
Le Saint Honoré,77,/listing/le-saint-honoré/340/
"""Dana Point: Southern California's Dreamy Low-Key Beach Town""",76,/blog/post/dana-point-southern-californias-dreamy-low-key-beach-town/
Hobie Surf Shop,76,/listing/hobie-surf-shop/67/
earth day,75,/includes/plugins/nav/preview_civs/
Left Coast Sportfishing,75,/listing/left-coast-sportfishing/313/
Raya Valentine's Dinner,74,/event/raya-valentines-dinner/729/
Ohana Festival 2026,73,/event/ohana-festival-2026/801/
404,72,/event/dana-point-harbor-holiday-lights/
404,71,/discover/outdoor-recreation/
404,71,/discover/spas/
Raya Mother's Day Tea,71,/event/raya-mothers-day-tea/745/
Listing,71,/listing/laguna-cliffs-marriott-resort-&-spa/79/
earth day,70,/blog/post/earth-day-in-dana-point/
Dana Point Hotels | All Places to Stay,70,/includes/plugins/nav/preview_civs/
Listing,70,/listing/ocean-institute/99/
33 North,69,/listing/33-north/3/
Pines Park,69,/listing/pines-park/418/
The Beachfront Inn & Suites at Dana Point,69,/listing/the-beachfront-inn-&-suites-at-dana-point/326/
"Chit, Chaat & Chai",68,/event/chit-chaat-&-chai/742/
Harbor House Cafe,68,/listing/harbor-house-cafe/63/
Dana Point Restaurants | Best Seafood & Coastal Dining,67,/includes/plugins/nav/preview_civs/
Frisby Cellars Winery,67,/listing/frisby-cellars-winery/305/
Turk's Restaurant & Bar,67,/listing/turks-restaurant-&-bar/148/
Dana Point Board of Directors | Agendas & Meeting Notices,67,/meet-the-team/board-meetings-agendas/
OC Restaurant Week 2026,66,/event/oc-restaurant-week-2026/750/
Thank You,66,/newsletter/thank-you/
Synaptic Cycles,65,/listing/synaptic-cycles/324/
Plan,63,/includes/plugins/nav/preview_civs/
Listing,63,/listing/dana-wharf-sportfishing-and-whale-watching/51/
Giana Bakery + Provisions,63,/listing/giana-bakery-+-provisions/336/
Spirit of Dana Point: The Physics of a Tall Ship Under Sail,62,/blog/post/the-physics-of-a-tall-ship/
Farm to Table Experience,62,/event/farm-to-table-experience/795/
Station Craft Brewery + Kitchen,62,/listing/station-craft-brewery-+-kitchen/322/
Get Out on The Water,61,/blog/post/get-out-on-the-water/
Spring Break in Dana Point,61,/blog/post/spring-break-in-dana-point/
Raya Fathers Day Brunch,61,/event/raya-fathers-day-brunch/756/
Dana Point Hotels & Resorts | Where to Stay in Dana Point,61,/includes/plugins/nav/preview_civs/
Doheny Surf and Art Festival,60,/event/doheny-surf-and-art-festival/766/
aPizza Doho,60,/listing/apizza-doho/288/
Bon Appetit,60,/listing/bon-appetit/372/
Dana Point Parasail,60,/listing/dana-point-parasail/277/
iHeartYoga,60,/listing/iheartyoga/224/
Philz Coffee,60,/listing/philz-coffee/346/
404,60,/organizer/western-surfing-association/
Ohana Festival 2026,59,/includes/plugins/nav/preview_civs/
Gift Chateau,59,/listing/gift-chateau/58/
KAHANI,59,/listing/kahani/286/
Little Folk Club,58,/event/little-folk-club/735/
"Free Things to Do in Dana Point, CA | Visit Dana Point",57,/blog/post/10-free-things-to-do-in-dana-point/
"Ohana Fest 2026: Dates, Lineup, Parking & Tips | Dana Point",57,/blog/post/ohana-festival-dana-point/
Spring in Dana Point: What to See and Do | Visit Dana Point,57,/includes/plugins/nav/preview_civs/
Sustainability Efforts,57,/includes/plugins/nav/preview_civs/
Disneyland® Park & Disney California Adventure®,56,/listing/disneyland®-park-&-disney-california-adventure®/250/
Listing,56,/listing/salt-creek-beach/245/
Curated Cellar Wednesdays at Salt Creek Grille,55,/event/curated-cellar-wednesdays-at-salt-creek-grille/775/
404,54,/activities-and-things-to-do/surfing/
Spa & Wellness in Dana Point | Relaxation by the Sea,54,/includes/plugins/nav/preview_civs/
Good Choice Sushi By the Sea,54,/listing/good-choice-sushi-by-the-sea/167/
Knott's Berry Farm,54,/listing/knotts-berry-farm/251/
Proud Mary's Restaurant,54,/listing/proud-marys-restaurant/106/
Plan Your Visit | Dana Point Know Before You Go,54,/plan-your-visit/
404,54,/series/dana-west-youth-sailing-camp/
All Items,53,/blog/all-items/
"Ohana Festival 2026 Dana Point: Lineup, Tickets & Parking",53,/includes/plugins/nav/preview_civs/
Cheers to BEER in Dana Point!,52,/blog/post/cheers-to-beer-in-dana-point/
404,52,/events/list/
Best Friends Art Gallery,52,/listing/best-friends-art-gallery/265/
404,51,/event/4th-of-july-fireworks-2025/
Spring Break Ideas in Dana Point | California Spring Break,51,/includes/plugins/nav/preview_civs/
Aventura Sailing Association,51,/listing/aventura-sailing-association/9/
Waldorf Astoria Monarch Beach Resort & Club,51,/listing/waldorf-astoria-monarch-beach-resort-&-club/358/
Dana Point Harbor is worth a visit!,50,/blog/post/dana-point-harbor-is-worth-a-visit/
Dana Point Local Business Spotlight | Organic Tree Café,50,/blog/post/dana-points-local-business-spotlight-organic-tree/
Thank You,50,/contact-us/thank-you/
Meetings in Dana Point | Coastal Venues & Group Gatherings,50,/includes/plugins/nav/preview_civs/
Listing,50,/listing/capistrano-beach/26/
"The Ritz-Carlton Spa, Laguna Niguel",50,/listing/the-ritz-carlton-spa-laguna-niguel/141/
Fall in Dana Point | Things to Do & Seasonal Activities,49,/blog/post/fall-in-love-with-dana-point/
Cars & Coffee on the Wharf,49,/event/cars-&-coffee-on-the-wharf/722/
Camellia Boutique,49,/listing/camellia-boutique/205/
51st Annual Boat Parade of Lights,48,/event/51st-annual-boat-parade-of-lights/772/
Surf & Soul,47,/event/surf-&-soul/798/
"Dana Point Blog | Travel Tips, Events & Local Inspiration",47,/includes/plugins/nav/preview_civs/
Listing,47,/listing/dana-point-harbor/42/
Hennessey's Tavern,47,/listing/hennesseys-tavern/308/
Irvine Spectrum Center,47,/listing/irvine-spectrum-center/243/
404,46,/business-directory/3315/monarch-beach-resort/
Valentine's Day Dinner at Salt Creek Grille,46,/event/valentines-day-dinner-at-salt-creek-grille/741/
Get on the Water | Dana Point Kayaking & Paddleboarding,46,/includes/plugins/nav/preview_civs/
Listing,46,/listing/blufftop-trail/268/
Vibe Organic Kitchen & Juice,46,/listing/vibe-organic-kitchen-&-juice/257/
404,46,/restaurants-dining/scoop-deck-ice-cream-shop/
Discover Self-Care & Wellness in Dana Point: Your Ultimate Coastal Escape,45,/blog/post/discover-self-care-wellness-in-dana-point/
404,45,/event/oc-parks-summer-concert-series/
404,45,/event/ocean-encounters/711/
404,45,/events/category/galas-benefits/list/
Bike Rentals - Visit Dana Point,45,/includes/plugins/nav/preview_civs/
Venues,45,/includes/plugins/nav/preview_civs/
Bonjour Cafe & Bistro,45,/listing/bonjour-cafe-&-bistro/23/
404,45,/listing/jons-fish-market/75/
404,45,/venue/glasspar/
404,44,/event/dana-point-harbor-wine-cruise/693/
404,44,/event/santa-paws/2023-12-10/
4th of july,44,/includes/plugins/nav/preview_civs/
404,44,/series/2025-seaside-sessions-live-music-series/
404,44,/series/valentines-day-dinner-at-the-ritz-carlton-laguna-niguels-raya/
404,44,/series/visit-dana-point-board-of-directors-meeting/
404,43,/blog/post/beyond-the-music-how-to-spend-an-ohana-festival-weekend-in-dana-point/
404,43,/event/2025-festival-of-whales/2025-03-07/
404,43,/event/mothers-day-brunch-blooms-at-laguna-cliffs/
404,43,/event/taikun-holiday/727/
404,43,/events/category/beach-events/map/
A Perfect Beach Day in Dana Point | Where to Stay & Eat,43,/includes/plugins/nav/preview_civs/
A Perfect Weekend in Dana Point | Coastal Itinerary & Getaway Guide,43,/includes/plugins/nav/preview_civs/
Ocean View Restaurants in Dana Point | Visit Dana Point,43,/includes/plugins/nav/preview_civs/
retreat to dana point,43,/includes/plugins/nav/preview_civs/
Casanova Ristorante,43,/listing/casanova-ristorante/31/
Clean Juice Dana Point,43,/listing/clean-juice-dana-point/293/
The Historic Schooner Curlew Charters,43,/listing/the-historic-schooner-curlew-charters/328/
404,43,/series/camp-cliffs-kids-club-summer-camp/
404,43,/series/maritime-festival-2/
404,42,/event/palm-tree-festival/
404,42,/event/spring-tea-at-the-ritz-carlton/2025-03-26/
404,42,/hotels/doubletree-suites-hilton-doheny-beach/
Angel Beauty Haus,42,/listing/angel-beauty-haus/287/
Dana Point Charters Sailing Adventures,42,/listing/dana-point-charters-sailing-adventures/296/
Thai Body Works,42,/listing/thai-body-works/213/
Listing,42,/listing/the-ritz-carlton-laguna-niguel/140/
Romance by the Coast: Valentine's Day in Dana Point,41,/blog/post/romance-by-the-coast-valentines-day-in-dana-point/
404,41,/business-directory/3330/dana-point-marina-inn/
404,41,/event/concerts-in-the-park-2025/2025-07-27/
404,41,/event/dana-point-farmers-market/all/
404,41,/event/ribbon-cutting:-the-white-rooster/740/
404,41,/event/western-surfing-association-surf-contest/
Dana Point Beachfront Hotels | Oceanfront Stays & Coastal Views,41,/includes/plugins/nav/preview_civs/
"Hiking in Dana Point | Scenic Trails, Bluffs & Ocean Views",41,/includes/plugins/nav/preview_civs/
Out of Office: Make Dana Point Your Conference Room,41,/includes/plugins/nav/preview_civs/
404,41,/organizer/dana-outrigger-canoe-club/
Spring in Dana Point: What to See and Do | Visit Dana Point,40,/blog/post/spring-in-dana-point-california/
404,40,/event/
404,40,/event/2024-california-wine-festival-2/
404,40,/event/junior-summer-sailing-program/2025-07-21/
Raise your glass to a curated Wine Tasting.,40,/event/raise-your-glass-to-a-curated-wine-tasting/748/
404,40,/events/map/
About Visit Dana Point - Visit Dana Point,40,/includes/plugins/nav/preview_civs/
Honda Center,40,/listing/honda-center/256/
404,40,/restaurants-dining/33-north/
404,40,/series/champagne-sunset-sail/
404,40,/series/shakesbeer-festival/
404,39,/event/cosmic-creek-surf-festival-concert-2/
404,39,/event/thanksgiving-at-waldorf-astoria/
404,39,/getting-around-dana-point/
The Top 6 Things To Do In Dana Point,39,/includes/plugins/nav/preview_civs/
"Things to Do in Dana Point | Beaches, Dining & Activities",39,/includes/plugins/nav/preview_civs/
Coco Bloom Coffee,39,/listing/coco-bloom-coffee/367/
LEGOLAND,39,/listing/legoland/253/
Truly Gelato,39,/listing/truly-gelato/397/
Monarch Beach Golf Links in Dana Point | Local Golf & Tee Times,38,/blog/post/4738-2/
Dana Point Local Business Spotlight | Golden Galleon Boutique,38,/blog/post/dana-points-local-business-spotlight-golden-galleon-boutique/
404,38,/event/doheny-surf-art-festival/
404,38,/event/mothers-day-paint-sip/
404,38,/event/speaker-series-guardians-of-the-coast-meet-the-first-responders-who-answer-the-call/
404,38,/event/valentines-day-dinner-at-lanterns-edge/
Club 19,38,/listing/club-19/35/
404,38,/series/parents-night-out-summer-fun/
404,37,/event/easter-at-monarch-bay-beach-club/
Heritage of the Land,37,/event/heritage-of-the-land/797/
404,37,/event/sound-meditation-journey-the-ritz-carlton/
Dana Point Restaurants | Dining,37,/includes/plugins/nav/preview_civs/
Dana Point's History of Authenticity,37,/includes/plugins/nav/preview_civs/
"Marine Life in Dana Point | Whales, Dolphins & Tide Pools",37,/includes/plugins/nav/preview_civs/
Dana Point Bodycentre,37,/listing/dana-point-bodycentre/214/
The Market Place,37,/listing/the-market-place/138/
Vida Organic Wellness,37,/listing/vida-organic-wellness/356/
404,37,/series/concerts-in-the-park-2/
404,37,/what-to-do/sea-terrace-park/
FALL in love with Dana Point!,36,/blog/post/fall-in-love-with-dana-point/
4th of July Cruises,36,/event/4th-of-july-cruises/786/
404,36,/event/aveo-easter-breakfast-buffet/
Dana West Youth Sailing Program,36,/event/dana-west-youth-sailing-program/782/
404,36,/event/holiday-caroling-at-laguna-cliffs-marriott/2025-01-11/
404,36,/event/mothers-day-brunch-buffet/
404,36,/event/new-years-eve-celebration-at-laguna-cliffs-marriott/
404,36,/event/the-ritz-carltons-chit-chaat-chai-2/
404,36,/events/category/beach-events/list/
Fall in Dana Point: What to See and Do | Visit Dana Poin,36,/includes/plugins/nav/preview_civs/
Alohana Acai Bowls & Coffee,36,/listing/alohana-acai-bowls-&-coffee/368/
Dirty Dough Cookies,36,/listing/dirty-dough-cookies/334/
Waldorf Astoria Spa,36,/listing/waldorf-astoria-spa/358/
404,36,/restaurants-dining/frisby-cellars-winery/
404,36,/series/starry-nights-at-lanterns-edge/
404,36,/what-to-do/knotts-berry-farm/
404,35,/event/2025-seaside-sessions-live-music-series/692/
404,35,/event/dana-point-trolley-hop-80s-totally-tubular/
404,35,/event/festival-of-the-arts-pageant-of-the-masters/
404,35,/event/gourmet-gatherings-at-waldorf-astoria-chef-rob-rubba-chef-michael-rafidi/
404,35,/event/little-folk-club/708/
404,35,/event/symphony-on-the-go-2/
404,35,/events/2025-07-21/
404,35,/events/tag/parade/list/
Jack's Surfboards,35,/listing/jacks-surfboards/72/
MOKE Rental Dana Point,35,/listing/moke-rental-dana-point/318/
Orange County Creamery,35,/listing/orange-county-creamery/344/
Listing,35,/listing/waldorf-astoria-monarch-beach-resort-&-club/96/
404,35,/organizer/city-of-dana-point/
Get Out on The Water | Water Activities in Dana Point,34,/blog/post/get-out-on-the-water/
404,34,/event/flag-day-at-baby-beach/
Happy Harbor Days,34,/event/happy-harbor-days/698/
404,34,/event/mothers-day-english-garden-brunch-buffet/
Winter in Dana Point: What to See and Do | Visit Dana Point,34,/includes/plugins/nav/preview_civs/
BarVino Wine + Cheese,34,/listing/barvino-wine-+-cheese/331/
Brio Tuscany Grille,34,/listing/brio-tuscany-grille/24/
Dana Point Ale House,34,/listing/dana-point-ale-house/295/
Jean-Jacques Mamie Fine Jewelry,34,/listing/jean-jacques-mamie-fine-jewelry/73/
Le Petite Cafe,34,/listing/le-petite-cafe/373/
Stella's Italian Restaurant,34,/listing/stellas-italian-restaurant/126/
404,34,/restaurants-dining/stacks-pancake-house/
404,34,/venue/raya-at-the-ritz-carlton-laguna-niguel/
404,33,/event/junior-summer-sailing-program/2025-08-07/
Dana Point Harbor Adventures | Ocean Activities & Coastal Fun,33,/includes/plugins/nav/preview_civs/
Dana Point Shopping | Shop Local,33,/includes/plugins/nav/preview_civs/
Vendors & Services,33,/includes/plugins/nav/preview_civs/
Ivory & Olive,33,/listing/ivory-&-olive/338/
Perspire Sauna Studio,33,/listing/perspire-sauna-studio/320/
404,33,/venue/del-prado-ave-dana-point-ca-92629/
Posts in Around Dana Point | Blog,32,/blog/category/around-dana-point/69263dff632d647af78ed7fa/
Bluff Top Trail & Dana Point's Coastal Walks: A Local Guide,32,/blog/post/dana-point-hiking-and-walking-trails/
Spring Break Ideas in Dana Point | California Spring Break,32,/blog/post/spring-break-in-dana-point/
404,32,/event/harbor-light-cruise/2023-12-15/
404,32,/event/mothers-day-brunch-harbor-cruise-with-capt-daves/
Raya Mother's Day Brunch,32,/event/raya-mothers-day-brunch/747/
404,32,/event/revitalize-rise-wellness-market/
404,32,/event/valentines-day-at-waldorf-astorias-aveo-table-bar/2025-02-15/
Whisky & Wagyu VIII,32,/event/whisky-&-wagyu-viii/749/
404,32,/events/virtual-maritime-festival/
Art & Museums in Orange County | Visit Dana Point,32,/includes/plugins/nav/preview_civs/
Bluff Top Trail & Dana Point's Coastal Walks: A Local Guide,32,/includes/plugins/nav/preview_civs/
Organic Tree Juice Bar & Cafe,32,/listing/organic-tree-juice-bar-&-cafe/199/
South Coast Plaza,32,/listing/south-coast-plaza/241/
404,31,/category/media/
404,31,/event/california-uncorked-bourbon-steak-orange-county/
404,31,/event/christmas-dinner-at-the-ritz-carltons-raya/
404,31,/event/easter-breakfast-at-club-19/
404,31,/event/junior-summer-sailing-program/2025-08-06/
404,31,/event/ocean-institutes-founders-day/
404,31,/event/redo-market-4/
404,31,/events/2025-07-19/
Dana Point Is All About Family Fun,31,/includes/plugins/nav/preview_civs/
Dana Point by Season | Visit Dana Point,31,/includes/plugins/nav/preview_civs/
Carmelita's,31,/listing/carmelitas/332/
Jack's Restaurant & Bar,31,/listing/jacks-restaurant-&-bar/71/
Pepi's Sports Bar & Grill,31,/listing/pepis-sports-bar-&-grill/319/
Sombra Cantina,31,/listing/sombra-cantina/121/
404,31,/organizer/doheny-state-beach-foundation/
Terms of Use,31,/terms-of-use/
404,30,/event/2025-seaside-sessions-live-music-series/2025-07-17/
404,30,/event/dana-point-harbor-48th-annual-boat-parade-of-lights/2023-12-10/
404,30,/event/fathers-day-happenings-at-the-waldorf-astoria-monarch-beach/
404,30,/event/new-years-eve-celebration:-the-waldorf-astoria-monarch-beach-resort-&-club/710/
Listing,30,/listing/catalina-express/165/
Dana Point Hiking and Walking Trails,29,/blog/post/dana-point-hiking-and-walking-trails/
404,29,/event/memorial-day-ceremony/
404,29,/event/spring-tea-at-the-ritz-carlton/2025-04-29/
404,29,/events/month/
Board of Directors (BOD) | Visit Dana Point,29,/includes/plugins/nav/preview_civs/
Family-Friendly Things to Do in Dana Point,29,/includes/plugins/nav/preview_civs/
San Clemente Municipal Golf Course,29,/listing/san-clemente-municipal-golf-course/409/
404,29,/organizer/redo-market/
Posts in Food and Drink | Blog,28,/blog/category/food-and-drink/69263dff632d647af78ed7fb/
"""How a Little-Known California Surf Town Hopes to Win Over Luxury Tourists""",28,/blog/post/how-a-little-known-california-surf-town-hopes-to-win-over-luxury-tourists/
404,28,/event/dana-point-citywide-scavenger-hunt/
Raya Easter Brunch,28,/event/raya-easter-brunch/744/
404,28,/event/wylands-whale-and-dolphin-adventure-art-lessons-in-the-wild/2023-02-18/
Cheers to BEER in Dana Point!,28,/includes/plugins/nav/preview_civs/
Discover Self-Care & Wellness in Dana Point: Your Ultimate Coastal Escape,28,/includes/plugins/nav/preview_civs/
Dana Point Jewelers,28,/listing/dana-point-jewelers/45/
404,28,/series/junior-summer-sailing-program/
404,28,/weather/
404,27,/blog/post/orange-county-restaurant-week-in-dana-point-march-3-9-2024/
Out of Office: Make Dana Point Your Conference Room,27,/blog/post/out-of-office-make-dana-point-your-conference-room/
404,27,/event/2024-california-wine-festival/
404,27,/event/cars-coffee-on-the-wharf/2026-01-24/
Coffee Chat,27,/event/coffee-chat/734/
404,27,/event/dana-west-youth-sailing-camp/2025-11-11/
New Years Eve Celebration: The Waldorf Astoria Monarch Beach Resort & Club,27,/event/new-years-eve-celebration:-the-waldorf-astoria-monarch-beach-resort-&-club/710/
Dana Point Hiking Trails | Bluff Top Trail & Coastal Walks,27,/includes/plugins/nav/preview_civs/
"Free Things to Do in Dana Point, CA | Visit Dana Point",27,/includes/plugins/nav/preview_civs/
Plan Your Visit,27,/includes/plugins/nav/preview_civs/
Listing,27,/listing/180blu/2/
Hook & Anchor,27,/listing/hook-&-anchor/375/
Millie Coastal Accents,27,/listing/millie-coastal-accents/172/
404,27,/plan-your-visit/why-dana-point/sustainability/
404,27,/restaurants-dining/stonehill-tavern/
404,27,/series/the-ritz-carltons-chit-chaat-chai/
Dana Point Appreciation Event,26,/event/dana-point-appreciation-event/752/
404,26,/event/fathers-day-lunch-harbor-cruise-with-capt-daves/
404,26,/events/2025-07-17/
Cali Costa Restaurant & Cantina,26,/listing/cali-costa-restaurant-&-cantina/292/
404,26,/listing/dana-point-certified-farmers-market/41/
Listing,26,/listing/hilton-garden-inn-dana-point-doheny-beach/54/
RJ's Cafe,26,/listing/rjs-cafe/113/
Posts in Things to Do | Blog,25,/blog/category/things-to-do/69263dff632d647af78ed7f8/
Wellness Activities in Dana Point | Healthy Travel Ideas,25,/blog/post/4-ways-to-improve-your-health-around-dana-point-this-year/
404,25,/discover/dining/
404,25,/event/boat-rides-with-santa/2023-12-02/
404,25,/event/dana-point-festival-of-whales-3/2024-03-01/
Flag Day Celebration,25,/event/flag-day-celebration/787/
404,25,/events/2025-07-07/
404,25,/events/2025-07-29/
404,25,/events/2025-08-02/
A Guide to Dana Point's Beaches,25,/includes/plugins/nav/preview_civs/
Valentine’s Day in Dana Point: Romantic Getaways & Dining,25,/includes/plugins/nav/preview_civs/
Listing,25,/listing/doheny-state-beach/239/
Riviera Yacht Charters,25,/listing/riviera-yacht-charters/112/
Saltwater Beauty Bar,25,/listing/saltwater-beauty-bar/348/
SeaWorld San Diego,25,/listing/seaworld-san-diego/252/
Top Brass,25,/listing/top-brass/355/
404,25,/series/bark-in-the-park/
404,25,/venue/24200-dana-point-harbor-dr/
Posts in Activities and Recreation | Blog,24,/blog/category/activities-and-recreation/69263dff632d647af78ed7ff/
Host Your Best Meeting in Dana Point with Eventis,24,/blog/post/when-a-client-stops-putting-you-out-to-bid-you-know-you-got-it-right/
Coastal Cleanup Day,24,/event/coastal-cleanup-day/806/
404,24,/event/junior-summer-sailing-program/2025-11-06/
404,24,/event/moms-muffins-mothers-day-cruise/
404,24,/event/new-years-eve-dinner-in-raya-at-the-ritz-carlton/
404,24,/event/new-years-eve-dinner-in-raya-at-the-ritz-carlton/728/
404,24,/event/ocean-encounters/2025-12-06/
404,24,/event/orange-county-sunset-wine-cruise/2023-12-08/
Pottery Paint and Sip,24,/event/pottery-paint-and-sip/762/
Visit Dana Point Board of Directors Meeting,24,/event/visit-dana-point-board-of-directors-meeting/717/
404,24,/events/2025-07-11/
404,24,/events/2025-07-16/
404,24,/events/category/beach-events/map/page/2/
404,24,/events/category/beach-events/month/
Where to Park and Where to Watch Fireworks,24,/includes/plugins/nav/preview_civs/
The Little Kitchen Asian Cafe,24,/listing/the-little-kitchen-asian-cafe/315/
Tutor & Spunky's Deli,24,/listing/tutor-&-spunkys-deli/150/
404,24,/organizer/glasspar/
404,24,/plan/why-dana-point/
"Dana Point Blog | Travel Tips, Events & Local Inspiration",23,/blog/archives/01-01-2026/02-01-2026/
Dana Point Neighbors Sights and Stops,23,/blog/post/dana-point-neighbors-sights-and-stops/
Dana Point's Local Business Spotlight: Golden Galleon Boutique,23,/blog/post/dana-points-local-business-spotlight-golden-galleon-boutique/
Dana Point Surfing | California Surfing Day Guide Tips,23,/blog/post/hang-loose-in-dana-point-for-california-surfing-day/
404,23,/discover/golf/
404,23,/event/camp-cliffs-kids-club-summer-camp/2025-12-07/
404,23,/event/dana-wharf-sunset-wine-cruise/2025-11-02/
404,23,/event/modern-makers-mart-4/
404,23,/event/tiny-tots-ocean-explorers/2025-10-09/
404,23,/events/2025-07-22/
404,23,/events/2025-07-25/
404,23,/events/2025-07-30/
Homeslice,23,/listing/homeslice/311/
HŌM Dana Point,23,/listing/hŌm-dana-point/310/
Subway - Pacific Coast Highway & Del Prado,23,/listing/subway-pacific-coast-highway-&-del-prado/323/
The Dana Pool Cafe,23,/listing/the-dana-pool-cafe/353/
Listing,23,/listing/the-spa-at-the-ritz-carlton-laguna-niguel/141/
White Lotus Day Spa,23,/listing/white-lotus-day-spa/156/
Whitestone Restaurant & Bar,23,/listing/whitestone-restaurant-&-bar/151/
404,22,/>nt.com<https:/visitdanapoint.com/>/
404,22,/event/holiday-songs-&-seasonal-stories-by-pacific-vocal-series/704/
Party in the USA,22,/event/party-in-the-usa/790/
404,22,/events/2025-07-20/
404,22,/events/2025-07-23/
404,22,/events/2025-08-03/
"""Family Getaway to Dana Point""",22,/includes/plugins/nav/preview_civs/
Business Listing Request,22,/includes/plugins/nav/preview_civs/
Dana Point Harbor is worth a visit!,22,/includes/plugins/nav/preview_civs/
It's Festival Season in Dana Point!,22,/includes/plugins/nav/preview_civs/
Beach Hut Deli,22,/listing/beach-hut-deli/16/
Carlos Mexican Restaurant & Cantina,22,/listing/carlos-mexican-restaurant-&-cantina/30/
City of Dana Point,22,/listing/city-of-dana-point/386/
Listing,22,/listing/girl-in-the-curl-surf-shop-&-surfing-school/59/
Jersey Mike's Subs,22,/listing/jersey-mikes-subs/339/
Olivia's Closet Boutique,22,/listing/olivias-closet-boutique/369/
404,22,/listing/the-beachfront-inn-&-suites-at-dana-point/326/
The Brig Restaurant,22,/listing/the-brig-restaurant/135/
404,22,/restaurants-dining/giana/
404,21,/event/beach-cleanup-with-the-ocean-institute-7/
404,21,/event/dana-west-youth-sailing-camp/694/
404,21,/event/dana-wharf-sunset-wine-cruise/2025-12-14/
404,21,/event/dana-wharf-sunset-wine-cruise/695/
404,21,/event/heart-tea-at-the-ritz-carlton-laguna-niguel/2025-02-12/
404,21,/event/holiday-light-cruise/2025-12-20/
404,21,/event/tiny-tots-ocean-explorers/2025-12-04/
404,21,/event/weekend-brunch-aveo-table-bar/2019-04-20/
404,21,/events/2025-07-24/
404,21,/events/2025-07-28/
404,21,/events/category/beach-events/day/2025-11-11/
Best Time to Visit Dana Point | Weather by Season,21,/includes/plugins/nav/preview_civs/
What to Do During Ohana Festival Weekend in Dana Point,21,/includes/plugins/nav/preview_civs/
Dana Kai,21,/listing/dana-kai/333/
Wildflower Flowers + Gifts,21,/listing/wildflower-flowers-+-gifts/325/
404,21,/restaurants-dining/brio-tuscany-grille/
404,20,/blog/post/dana-point-hiking-and-walking-trails/
Autumn Afternoon Tea,20,/event/autumn-afternoon-tea/794/
404,20,/event/d-yoder-family-sundays-battle-of-the-bands/
Harbor After Dark,20,/event/harbor-after-dark/699/
404,20,/event/holiday-brunch-in-raya/2025-11-09/
Pacific Purification Ritual,20,/event/pacific-purification-ritual/796/
404,20,/event/waldorf-astoria-mothers-day-dining/
404,20,/events/2025-06-30/
404,20,/events/2025-07-01/
404,20,/events/2025-07-09/
404,20,/events/2025-07-12/
Fabulous Training Page,20,/fabulous-training-page/
Get Out on The Water,20,/includes/plugins/nav/preview_civs/
Historical Physics of Sailing,20,/includes/plugins/nav/preview_civs/
Local Attractions - Visit Dana Point,20,/includes/plugins/nav/preview_civs/
Dana Point Sports Fishing,20,/listing/dana-point-sports-fishing/392/
404,20,/listing/el-caminate-bar-&-bungalows/302/
El Patio Cafe,20,/listing/el-patio-cafe/377/
Luscious Boutique,20,/listing/luscious-boutique/342/
Reset Cove,20,/listing/reset-cove/391/
404,20,/what-to-do/legoland/
404,19,/event/dana-point-lantern-district-car-motorcycle-show/
404,19,/event/dana-west-youth-sailing-camp/2025-11-19/
404,19,/event/orange-county-sunset-wine-cruise/2023-03-03/
404,19,/event/sup-yoga-3/2019-09-14/
404,19,/events/2025-07-15/
Dana Point Bars and Nightlife | Find Bars in Dana Point,19,/includes/plugins/nav/preview_civs/
Dana Point's Surfing Industry Beginnings,19,/includes/plugins/nav/preview_civs/
Spring Break in Dana Point,19,/includes/plugins/nav/preview_civs/
Listing,19,/listing/coastal-explorer-usa/371/
Harwood House,19,/listing/harwood-house/398/
Rita's Italian Ice & Frozen Custard,19,/listing/ritas-italian-ice-&-frozen-custard/347/
The Shwack Beach Grill,19,/listing/the-shwack-beach-grill/142/
Monarch Beach Golf Links,19,/venue/club-19-at-monarch-beach-golf-links/
404,18,/activities-and-things-to-do/fishing-boating/
Posts by Visit Dana Point | Blog,18,/blog/author/visit-dana-point/69263dff632d647af78ed7f4/
Posts in Events and Festivals | Blog,18,/blog/category/events-and-festivals/69263dff632d647af78ed7fe/
What to Do During Ohana Festival Weekend in Dana Point,18,/blog/post/beyond-the-music-how-to-spend-an-ohana-festival-weekend-in-dana-point/
Family Staycation Ideas in Dana Point | Family Getaway,18,/blog/post/family-getaway-to-dana-point/
4th of July at Laguna Cliffs Marriott Resort & Spa,18,/event/4th-of-july-at-laguna-cliffs-marriott-resort-&-spa/791/
404,18,/event/dana-point-boat-parade-of-lights/2025-12-14/
404,18,/event/dana-point-farmers-market/2025-05-17/
Gourmet Gatherings with Chef Michael Mina,18,/event/gourmet-gatherings-with-chef-michael-mina/793/
404,18,/event/mermade-market-4/2024-11-15/
404,18,/event/modern-makers-mart:-holiday-edition/423/
404,18,/event/santa-paws-with-pet-project-foundation/366/
Soundtrack to Summer,18,/event/soundtrack-to-summer/715/
404,18,/event/visit-dana-point-board-of-directors-meeting/2025-02-12/
404,18,/events/2025-07-03/
404,18,/events/2025-07-06/
404,18,/events/2025-07-18/
404,18,/events/tag/parade/map/
404,18,/includes/plugins/nav/preview_civs/
Best Coffee Shops & Bakeries in Dana Point,18,/includes/plugins/nav/preview_civs/
Dana Point Beach Guide | Best Places for Surf & Relaxing,18,/includes/plugins/nav/preview_civs/
"Dana Point Harbor | Things to Do, Dining & Cruises",18,/includes/plugins/nav/preview_civs/
Shell,18,/includes/plugins/nav/preview_civs/
Sustainability,18,/includes/plugins/nav/preview_civs/
Bella Terrace Nails Salon,18,/listing/bella-terrace-nails-salon/217/
Listing,18,/listing/headlands-conservation-area-trail-system/283/
Listing,18,/listing/the-beachfront-inn-&-suites/230/
Listing,18,/listing/westwind-sailing/259/
Dana Point Hotels & Resorts | Beachfront & Luxury Stays,18,/lodging/dana-point-resorts/
Young's Beach Shack,18,/restaurants-dining/youngs-beach-shack/
404,17,/event/concerts-in-the-park/2024-07-14/
Gourmet Gatherings: Master Class,17,/event/gourmet-gatherings:-master-class/761/
404,17,/events/2025-07-02/
404,17,/events/2025-07-13/
404,17,/events/2025-07-14/
404,17,/events/category/family-events/summary/
404,17,/hotels/ritz-carlton-laguna-niguel/
Celebrate 4th of July in Dana Point,17,/includes/plugins/nav/preview_civs/
Dana Point Neighbors Sights and Stops,17,/includes/plugins/nav/preview_civs/
Dana Point News & Media | Visit Dana Point,17,/includes/plugins/nav/preview_civs/
"Dana Point Travel Guide | Things to Do, Stay, Eat & Explore",17,/includes/plugins/nav/preview_civs/
Event,17,/includes/plugins/nav/preview_civs/
Sandbox,17,/includes/plugins/nav/preview_civs/
Summer Activities in Dana Point,17,/includes/plugins/nav/preview_civs/
Browne's Flowers,17,/listing/brownes-flowers/203/
Heritage Park,17,/listing/heritage-park/417/
Listing,17,/listing/longboard-rooftop-lounge/97/
The Fairy Garden Bookstore,17,/listing/the-fairy-garden-bookstore/370/
Vintage Yacht Club,17,/listing/vintage-yacht-club/357/
Sustainability in Dana Point | Responsible Coastal Travel,17,/plan-your-visit/sustainability/
404,17,/restaurants-dining/peking-dragon-restaurant/
All Items,16,/articles/all-items/
Tee Times at Monarch Beach Golf Links,16,/blog/post/4738-2/
A Perfect Beach Day in Dana Point | Where to Stay & Eat,16,/blog/post/a-guide-to-dana-points-beaches/
Best Time to Visit Dana Point | Weather by Season,16,/blog/post/best-time-to-visit-dana-point/
Historical Physics of Sailing,16,/blog/post/historical-physics-of-sailing/
404,16,/event/4th-annual-craft-fair/
404,16,/event/coffee-chat/734/
404,16,/event/dia-de-los-muertos/
404,16,/event/holiday-festivities-at-the-waldorf-astoria-monarch-beach-resort/701/
404,16,/event/holiday-light-cruise/702/
404,16,/event/live-entertainment-overvue-lounge/2019-05-24/
Sound Bath Healing by Kyle Lam,16,/event/sound-bath-healing-by-kyle-lam/760/
404,16,/events/2025-07-08/
10 Free Things to Do in Dana Point,16,/includes/plugins/nav/preview_civs/
"4th of July, Dana Point",16,/includes/plugins/nav/preview_civs/
Best Coffee Shops in Dana Point,16,/includes/plugins/nav/preview_civs/
"Ohana Fest 2026: Dates, Lineup, Parking & Tips | Dana Point",16,/includes/plugins/nav/preview_civs/
Capt. Dave's Dolphin & Whale Watching Safari,16,/listing/capt-daves-dolphin-&-whale-watching-safari/374/
Listing,16,/listing/chart-house-restaurant/32/
Gen Kai,16,/listing/gen-kai/57/
HiveXO,16,/listing/hivexo/209/
Listing,16,/listing/hop-on-safari/337/
Kamea Poke,16,/listing/kamea-poke/227/
Listing,16,/listing/overvue-lounge-&-deck/100/
Listing,16,/listing/pure-watersports/44/
Visit Dana Point | The Best Beaches in Southern California,15,//checkout/
4 Ways to Improve Your Health & Wellness Around Dana Point This Year,15,/blog/post/4-ways-to-improve-your-health-around-dana-point-this-year/
Dana Point Hiking Trails | Bluff Top Trail & Coastal Walks,15,/blog/post/dana-point-hiking-and-walking-trails/
"Dana Point Harbor Beaches Guide | Visit Dana Point, California",15,/blog/post/dana-point-southern-californias-dreamy-low-key-beach-town/
404,15,/business-directory/3138/baby-beach/
404,15,/business-directory/3164/ocean-institute/
404,15,/dana-point-restaurants/local-hotspots/
404,15,/discover/shopping/
404,15,/event/4th-of-july-fireworks/767/
404,15,/event/books-&-blooms-book-lovers-market/737/
404,15,/event/camp-cliffs-kids-club-summer-camp/720/
404,15,/event/dana-west-youth-sailing-camp/2025-12-18/
404,15,/event/outdoor-live-music-performances/
Paint and Sip Experience,15,/event/paint-and-sip-experience/774/
404,15,/event/pines-park-tree-lighting-3/
404,15,/event/raya-new-years-eve/
404,15,/event/the-ritz-carltons-chef-dinner-farm-to-table/
404,15,/events/tag/dana-point-harbor/list/
Family-Friendly Restaurants Dana Point | Kids Welcome,15,/includes/plugins/nav/preview_civs/
Ohana Festival 2022,15,/includes/plugins/nav/preview_civs/
Maverick Helicopters,15,/listing/maverick-helicopters/285/
Listing,15,/listing/monarch-bay-beach-club/93/
The Captain's Chair,15,/listing/the-captains-chair/187/
Plan,15,/plan-your-trip/
Longboard Rooftop Lounge,15,/restaurants-dining/longboard-rooftop-lounge/
404,15,/what-to-do/dana-point-nature-interpretive-center/
404,15,/what-to-do/white-lotus-day-spa/
404,14,/2016/12/16/hot-cocktails-doubletree-doheny-beach/
404,14,/2017/01/04/food-wine-experience-features-top-chefs/
"Best Year-Round Whale Watching | Dana Point, California",14,/activities-and-things-to-do/dana-point-whale-watching/
Health & Wellness | Dana Point Spas | Dana Point Yoga,14,/activities-and-things-to-do/spa-wellness/
Articles,14,/articles/
Posts in Hotels and Accommodations | Blog,14,/blog/category/hotels-and-accommodations/69263dff632d647af78ed805/
404,14,/blog/post/is-dana-point-harbor-worth-a-visit/
Posts in Beach Days | Blog,14,/blog/tag/beach-days/69263e00632d647af78ed820/
404,14,/business-directory/3468/salt-creek-grille/
404,14,/event/2024-boat-parade-of-lights/2024-12-13/
404,14,/event/55th-annual-festival-of-whales/738/1/0100019ca1e97a61-e2bf58b7-00b8-4ffc-8893-4a988d7b182a-000000/ou6723p75mbbmwlwg6t0zzyp78zpj2err12shncjl0g=446/
404,14,/event/breakfast-with-santa-at-the-ritz-carlton/517/
404,14,/event/dana-point-farmers-market/2023-11-04/
404,14,/event/dana-west-youth-sailing-camp/2025-12-08/
Father's Day Whale Watching Cruise,14,/event/fathers-day-whale-watching-cruise/784/
404,14,/event/grand-lawn-easter-egg-hunt/
404,14,/event/junior-summer-sailing-program/707/
404,14,/event/new-years-eve-celebration-the-waldorf-astoria-monarch-beach-resort-club/
404,14,/event/ohana-festival-2025/2025-09-26/
404,14,/event/par-3-shootout/
404,14,/events/tag/valentines-day/list/
Bike Rentals in Dana Point | Coastal Cycling & E-Bikes,14,/includes/plugins/nav/preview_civs/
Arroyo Trabuco Golf Club,14,/listing/arroyo-trabuco-golf-club/403/
Listing,14,/listing/aveo-table-+-bar/10/
Listing,14,/listing/festival-of-arts-&-pageant-of-the-masters/263/
I Love Bagels,14,/listing/i-love-bagels/68/
Moulin,14,/listing/moulin/343/
Pearl Ivy,14,/listing/pearl-ivy/361/
Clean Juice Dana Point,14,/restaurants-dining/clean-juice/
404,14,/restaurants-dining/j-c-beans-coffee-house/
404,14,/restaurants-dining/the-market-place/
404,14,/restaurants/
Dana Point Fishing Charters | Deep Sea & Sportfishing,14,/things-to-do/harbor-ocean-adventure/fishing/
Best Beaches in Dana Point,13,/activities-and-things-to-do/dana-point-beaches/
Dana Point's Local Business Spotlight: Organic Tree,13,/blog/post/dana-points-local-business-spotlight-organic-tree/
404,13,/blog/post/summer-activities-in-dana-point/
Posts in 4th of july | Blog,13,/blog/tag/4th-of-july/69263e00632d647af78ed81a/
Posts in History | Blog,13,/blog/tag/history/69263e00632d647af78ed823/
404,13,/business-directory/3208/dana-wharf-whale-watching/
404,13,/business-directory/3247/dana-point-jeweler/
404,13,/business-directory/3249/gift-chateau/
404,13,/business-directory/3416/coastal-kitchen/
404,13,/discover/
404,13,/event/aveo-tablebar-easter-dining/
404,13,/event/dana-point-harbor-48th-annual-boat-parade-of-lights/2023-12-09/
404,13,/event/flight-club-wine-tasting:-ridge-vineyards/733/
404,13,/event/galentines-day-dinner-at-the-ritz-carlton-laguna-niguel/
404,13,/event/starry-nights-at-lanterns-edge/
404,13,/events/2025-07-04/
404,13,/events/2025-08-01/
404,13,/events/category/beach-events/day/2025-12-31/
404,13,/events/tall-ships-festival/
Best Beaches in Dana Point,13,/includes/plugins/nav/preview_civs/
FALL in love with Dana Point!,13,/includes/plugins/nav/preview_civs/
Ichibiri Japanese Restaurant,13,/listing/ichibiri-japanese-restaurant/312/
Listing,13,/listing/jons-fish-market/75/
Las Golondrinas Mexican Food,13,/listing/las-golondrinas-mexican-food/195/
"Lingerie Paradis, USA",13,/listing/lingerie-paradis-usa/314/
Listing,13,/listing/salt-creek-trail/248/
Shelter Distilling,13,/listing/shelter-distilling/396/
The Chocolate Soldier,13,/listing/the-chocolate-soldier/136/
Unique Accents,13,/listing/unique-accents/212/
404,13,/plan/
404,13,/restaurants-dining/dana-point-youngs-beach-shack-salt-creek-dining/
404,13,/restaurants-dining/hennesseys-tavern/
404,13,/venue/34174-pacific-coast-hwy/
404,13,/venue/sea-terrace-park-3/
404,13,/what-to-do/captain-daveaes-dolphin-and-whale-safari/
404,12,/2018/08/09/summer-activities-in-dana-point/
404,12,/about/
Posts in Surfing | Blog,12,/blog/category/surfing/69263dff632d647af78ed804/
Posts in Craft Beer | Blog,12,/blog/tag/craft-beer/69263e00632d647af78ed815/
Posts in Fall | Blog,12,/blog/tag/fall/69263e00632d647af78ed830/
Posts in Fishing | Blog,12,/blog/tag/fishing/6a31ee210487934b01b4afe9/
Posts in Health and Wellness | Blog,12,/blog/tag/health-and-wellness/69263e00632d647af78ed839/
Posts in Holidays | Blog,12,/blog/tag/holidays/69263dff632d647af78ed80b/
Posts in Laguna Cliffs Marriott | Blog,12,/blog/tag/laguna-cliffs-marriott/69263dff632d647af78ed808/
Posts in Lantern District | Blog,12,/blog/tag/lantern-district/698256842dc9c1a39a3f3138/
Posts in Maritime Festival | Blog,12,/blog/tag/maritime-festival/69263e00632d647af78ed82a/
Posts in Ocean Institute | Blog,12,/blog/tag/ocean-institute/6a332faf0487934b01b4b8cc/
Posts in Ohana Fest | Blog,12,/blog/tag/ohana-fest/69263e00632d647af78ed82b/
Posts in Seasonal | Blog,12,/blog/tag/seasonal/69263e00632d647af78ed832/
Posts in Self-Care | Blog,12,/blog/tag/self-care/69263e00632d647af78ed83a/
Posts in Summer | Blog,12,/blog/tag/summer/69263e00632d647af78ed827/
Posts in Waldorf Astoria Monarch Beach Resort | Blog,12,/blog/tag/waldorf-astoria-monarch-beach-resort/69263e00632d647af78ed838/
Posts in Waterman's Plaza | Blog,12,/blog/tag/watermans-plaza/6a332e880487934b01b4b8b9/
404,12,/business-directory/3158/captain-daves-dolphin-whale-safari/
404,12,/business-directory/3178/riviera-yacht-charters/
404,12,/category/around-dana-point/
404,12,/discover/local-attractions/
404,12,/event/55th-annual-festival-of-whales/738/
404,12,/event/dana-point-egg-hunts/
Dana Point Film Festival,12,/event/dana-point-film-festival/813/
404,12,/event/dana-point-harbor-wine-cruise/2025-11-30/
Flight Club Wine Tasting: Ridge Vineyards,12,/event/flight-club-wine-tasting:-ridge-vineyards/733/
404,12,/event/monarchs-master-of-illusions/
404,12,/event/ohana-festival-2024/
404,12,/event/summer-concert-series-salt-creek-beach/2025-08-14/
404,12,/events/category/beach-events/day/2025-10-24/
404,12,/events/category/family-events/map/
404,12,/events/tag/parade/month/
404,12,/events/tag/parade/summary/
Dana Point Hotels | Best Hotels in Dana Point,12,/includes/plugins/nav/preview_civs/
Artistic Volume Lashes Day Spa & Boutique,12,/listing/artistic-volume-lashes-day-spa-&-boutique/289/
Bear Coast Coffee - La Plaza,12,/listing/bear-coast-coffee-la-plaza/170/
Listing,12,/listing/craft-house/39/
Listing,12,/listing/doheny-bike/300/
Listing,12,/listing/doheny-surf/53/
El Caminate Bar & Bungalows,12,/listing/el-caminate-bar-&-bungalows/302/
Listing,12,/listing/mission-san-juan-capistrano/261/
Listing,12,/listing/monarch-beach-golf-links/95/
Young's Beach Shack,12,/listing/youngs-beach-shack/388/
404,12,/restaurants-dining/two-left-forks/
"Festival of Whales in Dana Point, CA",12,/series/dana-point-festival-of-whales/
404,12,/tag/yoga/
404,12,/venue/dana-point-harbor-3/
404,11,/2017/10/25/celebrate-holidays-dana-point/
"Dana Point Blog | Travel Tips, Events & Local Inspiration",11,/blog/archives/04-01-2026/05-01-2026/
"Dana Point Blog | Travel Tips, Events & Local Inspiration",11,/blog/archives/05-01-2026/06-01-2026/
Posts in Holidays | Blog,11,/blog/category/holidays/69263dff632d647af78ed7fd/
Posts in Meetings | Blog,11,/blog/category/meetings/6a308e6b81af9b2e61a26241/
Posts in Whale Watching | Blog,11,/blog/category/whale-watching/69263dff632d647af78ed7f6/
404,11,/blog/post/celebrate-holidays-dana-point/
Posts in Arts & Culture | Blog,11,/blog/tag/arts-&-culture/6966e9049f32b1a43b7ca06f/
Posts in Autumn | Blog,11,/blog/tag/autumn/69263e00632d647af78ed82f/
Posts in Cocktails | Blog,11,/blog/tag/cocktails/69263e00632d647af78ed814/
Posts in Couples | Blog,11,/blog/tag/couples/6966ea829f32b1a43b7ca082/
Posts in Dolphin and Whale Watching Capital of the World | Blog,11,/blog/tag/dolphin-and-whale-watching-capital-of-the-world/69263e00632d647af78ed83b/
Posts in DoubleTree by Hilton Doheny Beach | Blog,11,/blog/tag/doubletree-by-hilton-doheny-beach/69263dff632d647af78ed806/
Posts in Family Friendly | Blog,11,/blog/tag/family-friendly/69263e00632d647af78ed817/
Posts in Festival of Whales | Blog,11,/blog/tag/festival-of-whales/69263e00632d647af78ed83c/
Posts in Golf | Blog,11,/blog/tag/golf/6a31efe60487934b01b4b007/
Posts in Nearby Attractions | Blog,11,/blog/tag/nearby-attractions/6966e7db9f32b1a43b7ca047/
Posts in Restaurants & Bars | Blog,11,/blog/tag/restaurants-&-bars/69263e00632d647af78ed819/
Posts in Ritz-Carlton Laguna Niguel | Blog,11,/blog/tag/ritz-carlton-laguna-niguel/69263dff632d647af78ed80f/
Posts in San Clemente | Blog,11,/blog/tag/san-clemente/69263e00632d647af78ed825/
Posts in Shopping | Blog,11,/blog/tag/shopping/6a3328e70487934b01b4b866/
Posts in Wine | Blog,11,/blog/tag/wine/69263e00632d647af78ed833/
404,11,/business-directory/3180/schooner-curlew/
404,11,/business-directory/3264/jean-jacques-mamie/
404,11,/business-directory/3322/best-western-plus-marina-shores-hotel/
404,11,/business-directory/3361/bar-raya/
404,11,/business-directory/3370/longboard-rooftop-lounge/
404,11,/event/48th-annual-dana-point-turkey-trot/
404,11,/event/4th-of-july-events/
404,11,/event/dana-wharf-sunset-wine-cruise/2025-12-12/
Flight Club Wine Tasting: South America,11,/event/flight-club-wine-tasting:-south-america/731/
Halloween Spooktacular & Trunk or Treat,11,/event/halloween-spooktacular-&-trunk-or-treat/799/
404,11,/event/holiday-brunch-in-raya/2025-11-30/
404,11,/event/ohana-festival-2025/2025-09-27/
404,11,/event/parents-night-out-summer-fun/712/
Sounds by the Sea: An Oceanfront Outdoor Sound Bath Experience,11,/event/sounds-by-the-sea:-an-oceanfront-outdoor-sound-bath-experience/812/
404,11,/event/summer-concerts-in-the-park/2023-08-06/
404,11,/events/2025-07-10/
404,11,/events/2025-07-26/
404,11,/events/category/beach-events/day/2025-12-12/
404,11,/events/tag/dana-wharf/list/
Venues,11,/fabulous-training-page/venues/
Blog,11,/includes/plugins/nav/preview_civs/
"Summer in Dana Point: Beaches, Boating & Coastal Events",11,/includes/plugins/nav/preview_civs/
Beach Cities Fitness,11,/listing/beach-cities-fitness/175/
Listing,11,/listing/bourbon-steak-orange-county/128/
Listing,11,/listing/brusters-ice-cream/291/
Listing,11,/listing/killer-dana-surf-shop/77/
Los Angeles Angels,11,/listing/los-angeles-angels/254/
Lupe's Mexican Eatery,11,/listing/lupes-mexican-eatery/233/
LÚA Eatery,11,/listing/lÚa-eatery/341/
Listing,11,/listing/raya/110/
Listing,11,/listing/sunsets-bar-and-grill/191/
Listing,11,/listing/the-district-salon/188/
404,11,/organizer/project-o-2/
404,11,/tag/galentines-day/
404,11,/tag/waldorf-astoria/page/3/
404,11,/things-to-do/stonehill-tavern/
Dana Point Harbor,11,/venue/dana-point-harbor/
Ivory & Olive,11,/venue/ivory-olive-decor/
404,11,/venue/ocean-ranch-village/
404,11,/what-to-do/riviera-yacht-charters/
404,11,/what-to-do/san-onofre-beach/
404,11,/wp-json/oembed/1.0/embed/
Dana Point Shopping | Shop Local,10,/activities-and-things-to-do/shopping/
"Dana Point Blog | Travel Tips, Events & Local Inspiration",10,/blog/archives/07-01-2026/08-01-2026/
404,10,/blog/post/festival-of-whales-in-dana-point-ca/
What to Do During Ohana Festival Weekend in Dana Point,10,/blog/post/what-to-do-during-ohana-festival-weekend-in-dana-point/
Posts in Orange County | Blog,10,/blog/tag/orange-county/69263e00632d647af78ed82c/
Posts in Outdoor Activities | Blog,10,/blog/tag/outdoor-activities/6966e8189f32b1a43b7ca050/
404,10,/business-directory/3390/beach-harbor-pizza/
404,10,/business-directory/3410/chart-house-restaurant/
404,10,/category/events/
404,10,/category/hotels-accommodations/
404,10,/event/champagne-sunset-sail/2024-07-13/
404,10,/event/modern-makers-mart/
404,10,/event/movies-in-the-park-2/2025-06-20/
404,10,/event/pairing-of-the-masters-wine-dinner-at-laguna-cliffs-marriott/
404,10,/event/valentines-day-dinner-at-the-ritz-carlton-laguna-niguels-raya/2025-02-15/
404,10,/events/2025-07-31/
404,10,/events/category/festivals/summary/
404,10,/events/tag/mermade-market/
404,10,/fall-in-dana-point/
404,10,/hotels/laguna-cliffs-marriott-resort-spa/
4 Ways to Improve Your Health & Wellness Around Dana Point This Year,10,/includes/plugins/nav/preview_civs/
Dana Point Hiking and Walking Trails,10,/includes/plugins/nav/preview_civs/
Dana Point's Local Business Spotlight: Organic Tree,10,/includes/plugins/nav/preview_civs/
Listing,10,/listing/capistrano-surfside-inn/231/
Flippin' Pizza,10,/listing/flippin-pizza/304/
Listing,10,/listing/golden-galleon-boutique/60/
Part & Parcel Market,10,/listing/part-&-parcel-market/102/
Shorecliffs Golf Club,10,/listing/shorecliffs-golf-club/400/
Listing,10,/listing/the-spa-at-laguna-cliffs-resort/143/
Listing,10,/listing/wind-&-sea-restaurant/278/
404,10,/logmein/
Sustainability in Dana Point | Responsible Coastal Travel,10,/plan-your-visit/why-dana-point/sustainability/
404,10,/restaurants-dining/beach-harbor-pizza/
404,10,/restaurants-dining/beach-hut-deli/
404,10,/restaurants-dining/subway/
404,10,/series/cars-coffee-on-the-wharf/
Mission San Juan Capistrano,10,/venue/mission-san-juan-capistrano/
Monarch Bay Beach Club,10,/venue/monarch-bay-beach-club/
Salt Creek Grille Orange County,10,/venue/salt-creek-grille/
"Dana Point Blog | Travel Tips, Events & Local Inspiration",9,/blog/archives/06-01-2026/07-01-2026/
Posts in Family Fun | Blog,9,/blog/category/family-fun/69263dff632d647af78ed803/
Celebrate the Holidays in Dana Point,9,/blog/post/celebrate-holidays-dana-point/
Posts in Dana Point Harbor | Blog,9,/blog/tag/dana-point-harbor/69263dff632d647af78ed80d/
404,9,/business-directory/3147/aliso-beach/
404,9,/business-directory/3213/lantern-bay-park/
404,9,/business-directory/3260/infinity-surfboards/
404,9,/business-directory/3316/laguna-cliffs-marriott-resort-spa/
404,9,/business-directory/3372/overvue-lounge/
404,9,/business-directory/3396/bonjour-cafe-bistro/
404,9,/category/blog/events-festivals/
404,9,/category/things-to-do/golfing/
404,9,/dana-point-directions/
404,9,/discover/beaches-and-boating/
404,9,/discover/beaches/
404,9,/event/2025-seaside-sessions-live-music-series/2025-10-02/
404,9,/event/2025-seaside-sessions-live-music-series/2025-12-11/
404,9,/event/dana-point-boat-parade-of-lights/2025-12-12/
404,9,/event/dana-point-farmers-market/2025-11-29/
Dana Point Turkey Trot 2026,9,/event/dana-point-turkey-trot-2026/805/
404,9,/event/dana-west-youth-sailing-camp/2025-12-09/
404,9,/event/easter-at-bourbon-steak/
Father's Day Fishing Trips,9,/event/fathers-day-fishing-trips/785/
404,9,/event/live-music-every-friday-saturday-night/
404,9,/event/new-years-dining-at-the-walford-astoria-monarch-beach-resort-club/
404,9,/event/spring-tea-at-the-ritz-carlton/2025-04-07/
"Stand Up To Trash: Yoga, Beach Cleanup and Lunch & Learn",9,/event/stand-up-to-trash:-yoga-beach-cleanup-and-lunch-&-learn/751/
404,9,/event/summer-jams/2023-08-12/
404,9,/events/2025-07-27/
404,9,/events/tag/wine-fest/
Vendors & Services,9,/fabulous-training-page/vendors-services/
Contact Us - Visit Dana Point,9,/includes/plugins/nav/preview_civs/
"Dana Point Newsletter | Travel Updates, Events & Coastal Tips",9,/includes/plugins/nav/preview_civs/
Dana Point Trolley | Visit Dana Point,9,/includes/plugins/nav/preview_civs/
Privacy Policy,9,/includes/plugins/nav/preview_civs/
Search,9,/includes/plugins/nav/preview_civs/
Beach Cities Scuba Centers,9,/listing/beach-cities-scuba-centers/201/
Costa Mesa Country Club,9,/listing/costa-mesa-country-club/410/
Dippity Donuts,9,/listing/dippity-donuts/193/
Listing,9,/listing/expert-active/303/
Hogan's Bait & Tackle,9,/listing/hogans-bait-&-tackle/309/
Infinity Surfboards,9,/listing/infinity-surfboards/70/
Listing,9,/listing/ivory-&-olive/338/
Listing,9,/listing/olamendis-mexican-restaurant/169/
Listing,9,/listing/pedego-electric-bikes/180/
Pick Up Stix,9,/listing/pick-up-stix/321/
San Juan Hills Golf Club,9,/listing/san-juan-hills-golf-club/399/
404,9,/listing/stillwater-spirits-&-sounds/127/
Wine Experience Dana Point,9,/listing/wine-experience-dana-point/376/
404,9,/meetings/monarch-beach-resort/
404,9,/orange-county/
404,9,/restaurants-dining/lupes-mexican-eatery/
svtest,9,/svtest/
Listings,9,/svtest/listings/
404,9,/things-to-do/part-parcel-market/
Laguna Cliffs Marriott Resort & Spa,9,/venue/laguna-cliffs-marriott-resort-spa/
Doheny State Beach,9,/what-to-do/doheny-state-beach/
Art & Museums in Orange County | Visit Dana Point,8,/activities-and-things-to-do/arts-culture/dana-point-public-art/
404,8,/around-dana-point/blog/ocean-institute-raises-70000-to-match-state-grant-for-tall-ship-spirit-of-dana-point-engine-replacement/
Hang Loose in Dana Point for California Surfing Day,8,/blog/post/hang-loose-in-dana-point-for-california-surfing-day/
Be sure to add a meta title,8,/blog/post/when-a-client-stops-putting-you-out-to-bid-you-know-you-got-it-right/
404,8,/business-directory/3154/san-onofre-beach/
404,8,/business-directory/3168/capo-beach-watercraft-rentals/
404,8,/business-directory/3188/monarch-beach-golf-links/
404,8,/business-directory/3253/golden-galleon-boutique/
404,8,/business-directory/3406/carlos-mexican-restaurant/
404,8,/category/things-to-do/surfing/
Romantic Rendezvous - Celebrate your love,8,/coupon/romantic-rendezvous-celebrate-your-love/4/
404,8,/event/2024-boat-parade-of-lights/2024-12-15/
404,8,/event/2025-seaside-sessions-live-music-series/2025-11-20/
404,8,/event/christmas-dinner-at-the-ritz-carltons-raya/549/
404,8,/event/concerts-in-the-park/2024-08-11/
404,8,/event/dana-point-classic-car-show/771/
Festival of Whales 2027,8,/event/festival-of-whales-2027/802/
Flight Club Wine Tasting: Somm Series Part V,8,/event/flight-club-wine-tasting:-somm-series-part-v/732/
404,8,/event/happy-harbor-days/698/
404,8,/event/harbor-after-dark/2025-12-05/
404,8,/event/little-folk-club/735/
404,8,/event/mothers-day-brunch-buffet/746/
404,8,/event/ocean-encounters/2025-07-12/
404,8,/event/parents-night-out-summer-fun/2025-08-08/
404,8,/event/summer-concerts-in-the-park/768/
404,8,/event/weekend-brunch-aveo-table-bar/2019-08-25/
404,8,/events/2025-07-05/
404,8,/events/category/beach-events/day/2025-12-09/
404,8,/events/tag/dana-point-yacht-club/
404,8,/events/tag/dana-wharf/map/
404,8,/events/tag/events/
404,8,/getting-to-dana-point/
404,8,/hotels/monarch-beach-resort/
Dana Point's Local Business Spotlight: Golden Galleon Boutique,8,/includes/plugins/nav/preview_civs/
Date Day or Night in Dana Point,8,/includes/plugins/nav/preview_civs/
Listing,8,/listing/aliso-&-wood-canyons-regional-park/4/
Bear Coast Coffee - Prado West,8,/listing/bear-coast-coffee-prado-west/290/
Listing,8,/listing/best-western-plus-dana-point-inn-by-the-sea/18/
Gemmell's Restaurant,8,/listing/gemmells-restaurant/307/
Listing,8,/listing/irvine-spectrum-center/243/
Listing,8,/listing/lanterns-edge/153/
Listing,8,/listing/luxe-restaurant-&-martini-bar/86/
Monarch Beach,8,/listing/monarch-beach/385/
Teaspoon,8,/listing/teaspoon/351/
Thai Dara,8,/listing/thai-dara/134/
The Bagel Shack Restaurant & Bakery,8,/listing/the-bagel-shack-restaurant-&-bakery/352/
Listing,8,/listing/the-beachfront-inn-&-suites-at-dana-point/326/
Yogurtland Dana Point,8,/listing/yogurtland-dana-point/159/
404,8,/restaurants-dining/gemmells-restaurant/
404,8,/restaurants-dining/the-little-kitchen-asian-cafe/
404,8,/series/afternoon-tea/
404,8,/series/dana-point-harbor-boat-parade-of-lights-with-dana-wharf/
404,8,/series/sunset-cruise-with-dana-wharf/
404,8,/series/wine-cruise-with-dana-wharf/
404,8,/tag/boating/
404,8,/things-to-do/aveo-table-bar/
Premier Southern California Golf | Visit Dana Point,8,/things-to-do/golf/
Get on the Water | Dana Point Kayaking & Paddleboarding,8,/things-to-do/kayak-paddleboard/
404,8,/things-to-do/shopping/page/2/
Surfing - Visit Dana Point,8,/things-to-do/surfing/
404,8,/venue/dana-point-lantern-district/
Waldorf Astoria Monarch Beach Resort & Club,8,/venue/waldorf-astoria-monarch-beach-resort-club/
Posts by Richard Henry Dana | Blog,7,/blog/author/richard-henry-dana/69263dff632d647af78ed7ef/
Posts in Blog | Blog,7,/blog/category/blog/69263dff632d647af78ed7f7/
404,7,/blog/post/family-memories-abound-dana-point/
Summer Activities in Dana Point,7,/blog/post/summer-activities-in-dana-point/
404,7,/blog/post/the-top-6-things-to-do-in-dana-point/_wp_link_placeholder/
404,7,/business-directory/3219/louise-leyden-park/
404,7,/business-directory/3359/aveo-table-bar/
Calendar - Visit Dana Point,7,/calendar/
404,7,/category/blog/activities-recreation/
Waldorf Astoria Monarch Beach Third Night Free,7,/coupon/waldorf-astoria-monarch-beach-third-night-free/2/
404,7,/event/2025-festival-of-whales/2025-03-08/
404,7,/event/afternoon-tea/2026-08-16/
404,7,/event/boat-parade/2021-12-10/
404,7,/event/breakfast-with-santa-at-the-ritz-carlton/2024-12-21/
404,7,/event/concerts-in-the-park-2025/2025-07-13/
404,7,/event/dana-point-festival-of-whales-3/2024-03-02/
404,7,/event/dana-point-shakespeare-festival/
404,7,/event/dana-wharf-boat-parade-of-lights-cruise/2024-12-13/
404,7,/event/maritime-festival-3-2-2-2/2024-09-13/
404,7,/event/mermade-market-3/2024-05-05/
404,7,/event/ocean-institutes-seacret-soiree/
404,7,/event/tommy-the-real-elf-experiences/
404,7,/event/valentines-day-at-waldorf-astorias-bourbon-steak/2025-02-14/
Boating & Fishing - Visit Dana Point,7,/includes/plugins/nav/preview_civs/
Dana Point Board of Directors | Agendas & Meeting Notices,7,/includes/plugins/nav/preview_civs/
"Onshore Activities in Dana Point | Shopping, Spas & Trails",7,/includes/plugins/nav/preview_civs/
Plan Your Visit | Dana Point Know Before You Go,7,/includes/plugins/nav/preview_civs/
ab-testing,7,/includes/plugins/nav/preview_civs/
404,7,/listing/
Listing,7,/listing/aloha-stacks/124/
Beach Harbor Pizza,7,/listing/beach-harbor-pizza/15/
Bella Bazaar,7,/listing/bella-bazaar/206/
Listing,7,/listing/blue-lantern-inn/22/
Listing,7,/listing/coastal-kitchen/36/
Listing,7,/listing/dana-point-historical-society-museum/297/
Listing,7,/listing/dana-point-marina-inn/46/
Listing,7,/listing/fashion-island/240/
Listing,7,/listing/gallery-dana-bay/306/
J.C. Beans Coffee House,7,/listing/j-c-beans-coffee-house/198/
Oso Creek Golf Course,7,/listing/oso-creek-golf-course/404/
Listing,7,/listing/project-social/272/
Listing,7,/listing/the-chocolate-soldier/136/
"The Ritz-Carlton, Laguna Niguel",7,/listing/the-ritz-carlton-laguna-niguel/394/
404,7,/listing/youngs-beach-shack/160/
404,7,/lodging-hotels/riveria-beach-resort/
Capt. Dave's Dolphin & Whale Watching Safari,7,/organizer/capt-daves-dolphin-whale-watching-safari/
404,7,/organizer/dana-west-yacht-club-2/
404,7,/restaurants-dining/crumbl-cookies/
404,7,/restaurants-dining/gen-kai-japanese/
404,7,/restaurants-dining/kawamata-seafood/
404,7,/restaurants-dining/lanterns-edge-at-laguna-cliffs/
404,7,/restaurants-dining/philz-coffee/
404,7,/restaurants-dining/the-side-bar-by-lupes/
404,7,/series/a-walk-through-history/
404,7,/series/boat-ride-with-santa/
404,7,/series/dana-point-harbor-wine-cruise/
404,7,/series/dana-wharf-sunset-wine-cruise/
404,7,/series/mermade-market/
Boating & Fishing - Visit Dana Point,7,/things-to-do/boating-fishing/
404,7,/things-to-do/headlands-trail/
Health & Wellness | Dana Point Spas | Dana Point Yoga,7,/things-to-do/health-fitness/
404,7,/things-to-do/overvue-lounge/
404,6,/blog/post/best-coffee-shops-dana-point/
Be sure to add a meta title,6,/blog/post/blog-template-do-not-publish-this/
404,6,/blog/post/dana-points-local-business-spotlight-the-blend-oc/
404,6,/blog/post/expand-dana-point-view/
"Dana Point Festival of Whales: History, Parade & Guide",6,/blog/post/festival-of-whales-in-dana-point-ca/
"Luxury Travel in Dana Point, CA | Luxury Resorts California",6,/blog/post/how-a-little-known-california-surf-town-hopes-to-win-over-luxury-tourists/
404,6,/business-directory/3318/the-ritz-carlton-laguna-niguel/
404,6,/contact-us/thank-you-for-reaching-out/
404,6,/contact/
404,6,/event/aquafest-2025/
404,6,/event/california-coastal-cleanup-day/
404,6,/event/chef-dinner-series/2025-11-06/
404,6,/event/dana-point-harbor-dogapalooza/
404,6,/event/dana-wharf-sunset-wine-cruise/2025-07-27/
404,6,/event/dive-in-movie/2025-07-02/
404,6,/event/doheny-surf-and-art-festival/766/
Día de los Muertos,6,/event/día-de-los-muertos/814/
404,6,/event/easter-brunch-buffet/743/
404,6,/event/frisby-uncorked/2026-08-30/
404,6,/event/happy-harbor-days/
404,6,/event/lantern-district-dana-point-art-fest/
404,6,/event/little-folk-club/
404,6,/event/maritime-festival/
404,6,/event/new-years-dining-at-the-walford-astoria-monarch-beach-resort-&-club/709/
404,6,/event/prado-square-winter-market/
404,6,/event/sounds-of-summer-concert-cruise/2024-06-22/
404,6,/event/spring-tea-at-the-ritz-carlton/2025-03-27/
404,6,/event/tiny-tots-ocean-explorers/2025-11-20/
404,6,/events/category/beach-events/day/2025-12-19/
404,6,/events/category/sporting-events/
"""Dana Point: Southern California's Dreamy Low-Key Beach Town""",6,/includes/plugins/nav/preview_civs/
Family-Friendly Restaurants | Visit Dana Point,6,/includes/plugins/nav/preview_civs/
Is Dana Point Harbor Worth A Visit?,6,/includes/plugins/nav/preview_civs/
Tee Times at Monarch Beach Golf Links,6,/includes/plugins/nav/preview_civs/
Terms of Use,6,/includes/plugins/nav/preview_civs/
Listing,6,/listing/aventura-sailing-association/9/
Listing,6,/listing/casa-romantica-cultural-center-and-gardens/232/
Listing,6,/listing/disneyland®-park-&-disney-california-adventure®/250/
Listing,6,/listing/hŌm-dana-point/310/
Listing,6,/listing/jimmys-famous-american-tavern/74/
Laguna Cliffs Marriott Resort & Spa,6,/listing/laguna-cliffs-marriott-resort-&-spa/395/
Lake Forest Golf and Practice Center,6,/listing/lake-forest-golf-and-practice-center/405/
Listing,6,/listing/palisades-gazebo-park/345/
Spear America,6,/listing/spear-america/362/
Stuft Pizza,6,/listing/stuft-pizza/130/
Listing,6,/listing/youngs-beach-shack/317/
404,6,/places-to-stay/
404,6,/restaurants-dining/bonjour-cafe-bistro/
404,6,/restaurants-dining/jackaes-restaurant-bar/
404,6,/restaurants-dining/kamea-poke/
404,6,/restaurants-dining/maison-cafe-market/
404,6,/restaurants-dining/rjaes-cafe/
404,6,/restaurants-dining/zen-sushi/
404,6,/series/concerts-in-the-park/
404,6,/series/smores-and-stargazing/
404,6,/series/socal-challenge/
404,6,/series/valentines-day-at-waldorf-astorias-aveo-table-bar/
ab-testing,6,/svtest/ab-testing/
404,6,/thank-you-for-reaching-out/
404,6,/venue/chamber-of-commerce/
404,6,/venue/wine-experience/
404,6,/what-to-do/dana-strand-beach/ /
Google,5,/
404,5,/2016/08/09/aveo-happy-hour-delights/
404,5,/activities-and-things-to-do/boat-rentals/
Premier Southern California Golf | Visit Dana Point,5,/activities-and-things-to-do/golfing/
Blog - Visit Dana Point,5,/blog/
"Dana Point Blog | Travel Tips, Events & Local Inspiration",5,/blog/archives/02-01-2026/03-01-2026/
404,5,/blog/blog/orange-county-restaurant-week-in-dana-point-march-3-9-2024/
404,5,/blog/post/
404,5,/blog/post/dana-points-local-business-spotlight-jared-sislin-photography/
Date Ideas in Dana Point CA | Date Night & Romantic Things,5,/blog/post/date-day-or-night-in-dana-point/
Is Dana Point Harbor Worth A Visit?,5,/blog/post/is-dana-point-harbor-worth-a-visit/
404,5,/blog/post/the-top-6-things-to-do-in-dana-point/
404,5,/business-directory/3141/dana-strand-beach/
404,5,/business-directory/3150/capistrano-beach/
404,5,/business-directory/3311/white-lotus-day-spa/
404,5,/business-directory/3324/blue-lantern-inn/
404,5,/business-directory/3363/club-19/
404,5,/category/things-to-do/
404,5,/category/things-to-do/boating-fishing/
404,5,/discover/whale-watching/
404,5,/event/2019-doheny-blues-festival/
404,5,/event/2025-seaside-sessions-live-music-series/2025-07-24/
404,5,/event/afternoon-tea/2025-11-16/
404,5,/event/art-lessons-in-the-wild/2019-02-09/
404,5,/event/art-lessons-in-the-wild/2019-04-20/
Capistrano Lights: Mission in Lights,5,/event/capistrano-lights:-mission-in-lights/721/
404,5,/event/cosmic-creek-surf-festival/2023-06-03/
404,5,/event/dana-point-film-festival-2/
404,5,/event/dana-west-youth-sailing-camp/2025-07-17/
404,5,/event/dana-wharf-sunset-wine-cruise/2025-06-20/
404,5,/event/dana-wharf-sunset-wine-cruise/2025-11-30/
404,5,/event/dana-wharf-sunset-wine-cruise/2025-12-21/
404,5,/event/doheny-surf-art-festival-2/
404,5,/event/firework-spectacular-at-the-waldorf-astoria-monarch-beach-resort-&-club/773/
404,5,/event/halloween-fork-n-film-screenings-on-the-lawn/2024-10-20/
404,5,/event/happy-harbor-days-holiday-light-display/
404,5,/event/harbor-after-dark/699/
404,5,/event/holiday-brunch-in-raya/2026-10-17/
404,5,/event/live-harbor-music-cruise/all/
404,5,/event/louis-xii-dinner-at-bourbon-steak/
Louis XIII Dinner,5,/event/louis-xiii-dinner/810/
404,5,/event/ohana-festival-2026/
404,5,/event/palm-tree-music-festival/
404,5,/event/porsche-52nd-annual-white-glove-concours/
404,5,/event/sunset-social-at-the-farm/2025-06-26/
404,5,/event/surfing-santa-contest/all/
404,5,/event/tequila-mezcal-tasting/
404,5,/event/thanksgiving-at-the-ritz-carlton/
404,5,/event/thanksgiving-brunch-buffet/
404,5,/event/tommy-the-real-elf-experiences/726/
404,5,/event/winter-festivities-at-kids-club/2025-12-07/
404,5,/events-in-dana-point/
404,5,/holidays/blog/celebrate-holidays-dana-point/
"""How a Little-Known California Surf Town Hopes to Win Over Luxury Tourists""",5,/includes/plugins/nav/preview_civs/
Best Coffee Shops in Dana Point | Cafés & Local Favorites,5,/includes/plugins/nav/preview_civs/
Catalina Island Day Trip,5,/includes/plugins/nav/preview_civs/
Celebrate New Year’s Eve in Style in Dana Point,5,/includes/plugins/nav/preview_civs/
"Dana Point Craft Beer Guide: Taprooms, Cocktails & Cruises",5,/includes/plugins/nav/preview_civs/
Dana Point Hiking Trails | 12 Coastal Hikes & Bluff Walks,5,/includes/plugins/nav/preview_civs/
Dana Point Hotels on the Beach | Hotels With Ocean View,5,/includes/plugins/nav/preview_civs/
Dana Point Meeting RFPs | Events & Weddings Official,5,/includes/plugins/nav/preview_civs/
Dana Point Surfing | California Surfing Day Guide Tips,5,/includes/plugins/nav/preview_civs/
Fall in Dana Point,5,/includes/plugins/nav/preview_civs/
Hang Loose in Dana Point for California Surfing Day,5,/includes/plugins/nav/preview_civs/
Host Your Best Meeting in Dana Point with Eventis,5,/includes/plugins/nav/preview_civs/
dana point trails,5,/includes/plugins/nav/preview_civs/
Listing,5,/listing/bar-raya/12/
Listing,5,/listing/best-western-plus-marina-shores-hotel/19/
Listing,5,/listing/coffee-importers-scoop-deck-&-deli/37/
Listing,5,/listing/dana-point-certified-farmers-market/41/
Listing,5,/listing/glasspar-seafood/262/
Listing,5,/listing/hilton-vacation-club-riviera-beach-&-shores/190/
Listing,5,/listing/left-coast-sportfishing/313/
Luna Grill,5,/listing/luna-grill/85/
Maki Yaki,5,/listing/maki-yaki/89/
Listing,5,/listing/maverick-helicopters/285/
Oak Creek Golf Club,5,/listing/oak-creek-golf-club/407/
Listing,5,/listing/outlets-at-san-clemente/242/
Rachel's TEST,5,/listing/rachels-test/382/
Revital Exotic Jewelry and Apparel,5,/listing/revital-exotic-jewelry-and-apparel/211/
RMC | A Destination Management Company,5,/listing/rmc-|-a-destination-management-company/387/
Listing,5,/listing/salt-creek-grille-orange-county/114/
Listing,5,/listing/sawdust-art-festival/266/
Listing,5,/listing/surfing-heritage-&-cultural-center/234/
Listing,5,/listing/taikun-omakase/350/
The Ranch at Laguna Beach,5,/listing/the-ranch-at-laguna-beach/401/
Listing,5,/listing/the-white-rooster-cafe/335/
Tijeras Creek Golf Club,5,/listing/tijeras-creek-golf-club/406/
Listing,5,/listing/truly-pizza/330/
Listing,5,/listing/watermans-plaza/359/
404,5,/restaurants-dining/dana-kai/
404,5,/restaurants-dining/el-torito-restaurant/
404,5,/restaurants-dining/hook-anchor/
404,5,/restaurants-dining/pepis-sports-bar-and-grill/
404,5,/restaurants-dining/vue-restaurant/
404,5,/series/art-lessons-in-the-wild/
404,5,/series/tiny-tots-ocean-explorers/
404,5,/soundtrack-to-summer/715/
404,5,/sustainability/
404,5,/tag/concert/
404,5,/tag/dana-point-wine/
404,5,/tag/surfing-santa/
404,5,/tag/waldorf-astoria/
404,5,/things-to-do/dana-point-harbor/
404,5,/things-to-do/doheny-surf/
"Meilleures excursions d'observation des baleines toute l'année | Dana Point, Californie",5,/things-to-do/harbor-ocean-adventure/dana-point-whale-watching/
404,5,/things-to-do/luna-grill/
404,5,/venue/nature-interpretive-center/
404,5,/venue/prado-square/
404,5,/what-to-do/aliso-wood-canyons-regional-park/
404,5,/what-to-do/iex-helicopters/
404,5,/what-to-do/maverick-helicopters/
Dana Point Fishing | Dana Point Sportfishing,4,/activities-and-things-to-do/fishing/
Posts by Visit Dana Point | Blog | Page 2,4,/blog/author/visit-dana-point/69263dff632d647af78ed7f4/
Posts by Visit Dana Point | Blog | Page 3,4,/blog/author/visit-dana-point/69263dff632d647af78ed7f4/
Posts by Visit Dana Point | Blog | Page 4,4,/blog/author/visit-dana-point/69263dff632d647af78ed7f4/
Posts in Activities and Recreation | Blog | Page 2,4,/blog/category/activities-and-recreation/69263dff632d647af78ed7ff/
Posts in Itineraries | Blog,4,/blog/category/itineraries/69263dff632d647af78ed800/
Posts in Things to Do | Blog | Page 2,4,/blog/category/things-to-do/69263dff632d647af78ed7f8/
Posts in Things to Do | Blog | Page 3,4,/blog/category/things-to-do/69263dff632d647af78ed7f8/
404,4,/blog/post/10-free-things-to-do-in-dana-point/
404,4,/blog/post/dana-points-history-of-authenticity/ /
404,4,/blog/post/fall-in-love-with-dana-point/
Family Memories Abound in Dana Point,4,/blog/post/family-memories-abound-dana-point/
404,4,/blog/post/historical-physics-of-sailing/
Ohana Festival 2022,4,/blog/post/ohana-festival-dana-point/
Posts in Dana Point Harbor | Blog | Page 2,4,/blog/tag/dana-point-harbor/69263dff632d647af78ed80d/
Posts in Dog Friendly | Blog,4,/blog/tag/dog-friendly/6966e8229f32b1a43b7ca057/
Posts in Laguna Beach | Blog,4,/blog/tag/laguna-beach/69263e00632d647af78ed824/
Posts in Local Spot | Blog,4,/blog/tag/local-spot/69263e00632d647af78ed816/
Posts in San Juan Capistrano | Blog,4,/blog/tag/san-juan-capistrano/69263e00632d647af78ed826/
404,4,/business-directory/3215/aliso-wood-canyons-regional-park/
404,4,/business-directory/3408/casanova-ristorante/
404,4,/category/holidays/
Experience the Spirit of Dana Point,4,/coupon/experience-the-spirit-of-dana-point/8/
404,4,/coupon/romantic-rendezvous-celebrate-your-love/4/
404,4,/dana-point-harbor/
404,4,/event/17322/
404,4,/event/2025-seaside-sessions-live-music-series/2025-09-25/
404,4,/event/2025-seaside-sessions-live-music-series/2025-10-30/
404,4,/event/4th-of-july-fireworks/
404,4,/event/afternoon-tea/
404,4,/event/afternoon-tea/2026-05-31/
404,4,/event/agave-festival/
404,4,/event/art-lessons-in-the-wild/2019-02-16/
404,4,/event/beach-cleanup-lunch-and-learn/
404,4,/event/bioluminescence-night-cruise/2025-08-23/
404,4,/event/breakfast-with-santa-at-waldorf-astoria-monarch-beach-resort-club/2023-12-10/
404,4,/event/candlelight-concerts-by-fever/
404,4,/event/candy-cane-lanes-holiday-home-decorating-contest/
404,4,/event/cars-&-coffee-on-the-wharf/736/
404,4,/event/cars-coffee-on-the-wharf/2025-11-22/
404,4,/event/coffee-at-the-cliffs/
404,4,/event/concerts-in-the-park-2025/2025-08-03/
404,4,/event/cozy-igloos-at-laguna-cliffs-marriott/
404,4,/event/dana-outriggers-whitey-harrison-classic/
404,4,/event/dana-point-harbor-farmers-market/2025-10-29/
404,4,/event/dana-point-harbor-farmers-market/2025-12-10/
404,4,/event/dana-point-turkey-trot-2/
404,4,/event/dana-west-youth-sailing-camp/2025-10-14/
404,4,/event/doheny-state-beach-community-beach-cleanups/2025-11-22/
404,4,/event/earth-day-cruise-with-dana-wharf/
404,4,/event/fathers-day/
404,4,/event/festival-of-whales-cardboard-classic-dinghy-dash/
404,4,/event/floating-sound-bath-therapy/
404,4,/event/frisby-uncorked/2025-11-23/
404,4,/event/mermade-market/
404,4,/event/new-certified-farmers-market-launches-at-dana-point-harbor/
404,4,/event/ocean-institute-cyanotype-workshop/
404,4,/event/raya-mothers-day-tea/745/
404,4,/event/redo-market/
404,4,/event/sabroso-craft-beer-taco-music-festival/
404,4,/event/sharks-after-dark/2025-07-11/
404,4,/event/socal-challenge-basketball/
404,4,/event/socal-challenge/2023-11-22/
404,4,/event/socal-challenge/2023-11-25/
404,4,/event/soundtrack-to-summer/2025-11-22/
404,4,/event/soundtrack-to-summer/2025-11-29/
404,4,/event/spring-tea-at-the-ritz-carlton/2025-04-22/
404,4,/event/spring-tea-at-the-ritz-carlton/2025-04-30/
404,4,/event/starry-nights-at-del-mar-lawn/759/
404,4,/event/starry-nights-at-lanterns-edge-3/2025-06-14/
404,4,/event/starry-nights-at-lanterns-edge-3/2025-07-26/
404,4,/event/summer-jams/2023-08-28/
404,4,/event/surfing-santa-contest/2021-11-21/
Truffle Dinner,4,/event/truffle-dinner/811/
404,4,/event/winter-festivities-at-kids-club/2025-12-06/
404,4,/event/winter-festivities-at-kids-club/2026-08-30/
404,4,/events-in-dana-point/doheny-surf-festival/
404,4,/events/dana-point-whale-festival/
404,4,/events/tag/dana-point/
404,4,/festival-of-whales-2027/802/
404,4,/hotels/
All Items,4,/includes/plugins/nav/preview_civs/
Dana Point Resorts | Book Your Stay,4,/includes/plugins/nav/preview_civs/
Dana Point Resorts | Top Luxury Beach Hotels in California,4,/includes/plugins/nav/preview_civs/
Events from February 6 – February 14 – Visit Dana Point,4,/includes/plugins/nav/preview_civs/
Free Things to Do in Dana Point | Budget Travel Activities,4,/includes/plugins/nav/preview_civs/
Meetings & Events | Visit Dana Point,4,/includes/plugins/nav/preview_civs/
Monarch Beach Golf Links in Dana Point | Local Golf & Tee Times,4,/includes/plugins/nav/preview_civs/
Things to Do in Dana Point | Explore Dana Point,4,/includes/plugins/nav/preview_civs/
Listing,4,/listing/angel-beauty-haus/287/
Listing,4,/listing/as-burgers/7/
Listing,4,/listing/bon-appetit/372/
Club Pilates,4,/listing/club-pilates/171/
Listing,4,/listing/dana-point-parasail/277/
Doheny Cafe,4,/listing/doheny-cafe/335/
404,4,/listing/doho-café/301/
Listing,4,/listing/gift-chateau/58/
Listing,4,/listing/good-choice-sushi-by-the-sea/167/
Listing,4,/listing/lantern-bay-park/80/
LiveMetta Pilates and Yoga,4,/listing/livemetta-pilates-and-yoga/327/
Google,4,/listing/strands-beach/48/
Strawberry Farms Golf Club,4,/listing/strawberry-farms-golf-club/408/
Subway - Del Obispo & Stonehill,4,/listing/subway-del-obispo-&-stonehill/279/
404,4,/listings/bourbon-steak-orange-county/128/
Waldorf Astoria Monarch Beach Resort & Club,4,/lodging-hotels/monarch-beach-resort/
404,4,/meetings-old/the-ritz-carlton-laguna-niguel/
404,4,/meetings/laguna-cliffs-marriott-resort-spa/
404,4,/meetings/the-ritz-carlton-laguna-niguel/
Dana Point Harbor,4,/organizer/dana-point-harbor/
Privacy Policy - Visit Dana Point,4,/privacy-policy/
404,4,/restaurants-dining/apizza-doho/
404,4,/restaurants-dining/carlos-mexican-restaurant/
404,4,/restaurants-dining/enosteak/
404,4,/restaurants-dining/harbor-grill/
404,4,/restaurants-dining/harpoon-henryaes-seafood/
404,4,/restaurants-dining/las-golondrinas-mexican-food/
404,4,/restaurants-dining/luna-grill/
404,4,/restaurants-dining/moquila-an-agave-lounge/
404,4,/restaurants-dining/parallel-pizzeria/
404,4,/restaurants-dining/part-parcel-market/
404,4,/restaurants-dining/ritas-italian-ice-frozen-custard/
404,4,/restaurants-dining/station-craft-brewery-and-kitchen/
404,4,/series/breakfast-with-santa-at-waldorf-astoria-monarch-beach-resort-club/
404,4,/series/live-harbor-music-cruise/
404,4,/series/tipsy-tides/
404,4,/tag/dana-point-chamber/
404,4,/tag/young-sailors/
404,4,/things-to-do/golfing/blog/4738-2/
404,4,/things-to-do/onshore-activities/spas/things to do listinglinked from things to do page; verify url/
404,4,/trolley/
404,4,/venue/dana-point-harbor-clock-courtyard/
404,4,/venue/la-plaza-park-34111-la-plaza-dana-point-california-92629/
404,4,/venue/the-ritz-carlton-laguna-niguel-1-ritz-carlton-drive-dana-point-ca-92629/
404,4,/what-to-do/black-gold-golf-club/
404,4,/what-to-do/infinity-surfboards/
Salt Creek Trail,4,/what-to-do/salt-creek-trail/
404,4,/what-to-do/synaptic-cycles/
404,4,/where-to-stay/
404,4,/wp-admin/
404,4,/”/
Dana Point Hotels on the Beach | Hotels With Ocean View,3,/
Posts by Eventis | Blog,3,/blog/author/eventis/6a31d71a0487934b01b4af4c/
Posts in Blog | Blog | Page 2,3,/blog/category/blog/69263dff632d647af78ed7f7/
Posts in Golfing | Blog,3,/blog/category/golfing/69263dff632d647af78ed802/
404,3,/blog/page/2/
Best Coffee Shops & Bakeries in Dana Point,3,/blog/post/best-coffee-shops-dana-point/
404,3,/blog/post/cap-off-dana-point/
Cap It Off in Dana Point,3,/blog/post/cap-off-dana-point/
404,3,/blog/post/catalina-island-day-trip/
404,3,/blog/post/celebrate-new-years-eve-style-dana-point/
404,3,/blog/post/cheers-to-beer-in-dana-point/
"Dana Point Craft Beer, Cocktails & Distilleries",3,/blog/post/cheers-to-beer-in-dana-point/
Dana Point Holiday Gift Guide,3,/blog/post/dana-point-holiday-gift-guide/
404,3,/blog/post/dana-points-local-business-spotlight-belle-boutique/
404,3,/blog/post/fall-in-dana-point/
"Summer in Dana Point: Beaches, Boating & Coastal Events",3,/blog/post/summer-activities-in-dana-point/
Posts in Cheers | Blog,3,/blog/tag/cheers/69263e00632d647af78ed813/
Posts in Coastal Retreat | Blog,3,/blog/tag/coastal-retreat/69263e00632d647af78ed83d/
Posts in Earth Day | Blog,3,/blog/tag/earth-day/69e6c32161002a853ccf9865/
Posts in Fireworks | Blog,3,/blog/tag/fireworks/69263e00632d647af78ed81c/
Posts in Nature Interpretive Center | Blog,3,/blog/tag/nature-interpretive-center/6a31ee840487934b01b4afee/
Posts in Trolley | Blog,3,/blog/tag/trolley/69263e00632d647af78ed828/
Google,3,/contact-us/
Premium Rooms & Suites Await,3,/coupon/premium-rooms-&-suites-await/15/
404,3,/dana-point-concerige-event/
404,3,/event/2025-seaside-sessions-live-music-series/2025-09-18/
404,3,/event/50th-annual-boat-parade-of-lights/703/
404,3,/event/a-walk-through-history/2019-03-16/
404,3,/event/afternoon-tea/2025-11-23/
404,3,/event/afternoon-tea/2026-03-22/
404,3,/event/afternoon-tea/2026-05-24/
404,3,/event/amigos-and-agave-at-the-ritz-carlton-laguna-niguels-180blu/
404,3,/event/apres-sea-at-overvue-lounge/
404,3,/event/barks-boos-pet-event-at-laguna-cliffs/
404,3,/event/beyond-the-horizon-2019-ohana-gala-and-celebration-of-surf-exploration/
404,3,/event/bioluminescence-night-cruise/2025-05-23/
404,3,/event/breakfast-with-santa-at-waldorf-astoria-monarch-beach-resort-club/2023-12-24/
404,3,/event/california-surfing-day/
404,3,/event/california-wine-festival-2/
404,3,/event/california-wine-festival-2023/
404,3,/event/camp-cliffs-kids-club-summer-camp/
404,3,/event/camp-cliffs-kids-club-summer-camp/2025-08-31/
404,3,/event/camp-cliffs-kids-club-summer-camp/2025-12-14/
404,3,/event/camp-cliffs-kids-club-summer-camp/2026-05-30/
404,3,/event/champagne-sunset-sail/780/
404,3,/event/christmas-day-feast-at-laguna-cliffs-marriott/
404,3,/event/concerts-in-the-park-2025/2025-07-20/
404,3,/event/concerts-in-the-park/2024-08-04/
404,3,/event/dana-point-appreciation-event/752/
404,3,/event/dana-point-artfest-2/
404,3,/event/dana-point-classic-car-show-2/
404,3,/event/dana-point-farmers-market/2024-10-05/
404,3,/event/dana-point-farmers-market/2025-10-25/
404,3,/event/dana-point-harbor-farmers-market/2025-11-05/
404,3,/event/dana-wharf-sunset-wine-cruise/2025-12-05/
404,3,/event/dia-de-los-muertos-dinner-2/
404,3,/event/earth-day-the-headlands/
404,3,/event/frisby-uncorked/2025-09-21/
404,3,/event/frisby-uncorked/2026-07-05/
404,3,/event/glasspar-oktoberfest-beer-dinner/
404,3,/event/gourmet-gatherings-at-waldorf-astoria-chef-michael-anthony/
404,3,/event/gourmet-gatherings/2025-11-14/
404,3,/event/halloween-festival-on-amber-lantern/
404,3,/event/hanukkah-lighting/691/
404,3,/event/heart-tea-at-the-ritz-carlton-laguna-niguel/2025-02-05/
404,3,/event/heart-tea-at-the-ritz-carlton-laguna-niguel/2025-02-06/
404,3,/event/holiday-brunch-in-raya/2025-12-14/
404,3,/event/holiday-brunch-in-raya/2026-01-31/
404,3,/event/la-plaza-park-tree-lighting/
La Plaza Tree Lighting 2026,3,/event/la-plaza-tree-lighting-2026/807/
404,3,/event/live-music-harbor-cruise-with-dana-wharf/2024-08-10/
404,3,/event/maple-moon-sound-bath-therapy/
404,3,/event/maritime-festival-3/2024-09-13/
404,3,/event/mothers-day-at-the-restaurant-at-laguna-cliffs/
404,3,/event/movies-in-the-park/2024-06-21/
404,3,/event/ocean-encounters/2025-11-22/
404,3,/event/paul-hobbs-pop-up-wine-tasting/
404,3,/event/paul-hobbs-winemaker-dinner-at-waldorf-astorias-bourbon-steak/
404,3,/event/puppy-yoga-at-the-ritz-carlton/2024-10-20/
404,3,/event/red-cross-community-blood-drive/
404,3,/event/redo-vinyl-market-2/
Ribbon Cutting: The Fairy Garden,3,/event/ribbon-cutting:-the-fairy-garden/739/
404,3,/event/searching-for-the-big-one-movie-series/
404,3,/event/seaside-sweetheart-spa-package-at-laguna-cliffs-marriott/2025-02-07/
404,3,/event/sharks-after-dark/2025-08-08/
404,3,/event/speaker-series-the-ocean-institute/
404,3,/event/spring-tea-at-the-ritz-carlton/2025-04-16/
404,3,/event/spring-tea-at-the-ritz-carlton/2025-05-01/
404,3,/event/stand-up-to-trash-yoga-beach-cleanup-and-lunch-learn-2/
404,3,/event/storytime-with-santa-at-laguna-cliffs-marriott/2025-01-11/
404,3,/event/summer-concerts-in-the-park/2023/
404,3,/event/sunday-a-la-carte-champagne-brunch-raya/2019-03-03/
404,3,/event/sunset-cruise-with-dana-wharf-2/2025-02-15/
Taste of Dana 2027,3,/event/taste-of-dana-2027/809/
404,3,/event/the-ritz-carlton-laguna-niguel-tree-lighting/
404,3,/event/valentines-day-at-waldorf-astorias-aveo-table-bar/2025-02-14/
404,3,/event/weekend-brunch-aveo-table-bar/all/
404,3,/event/western-surfing-association-surf-contest-2/
404,3,/event/whitey-harrison-classic-outrigger-race/
404,3,/event/wine-cruise-with-dana-wharf/2025-02-14/
404,3,/event/wylands-whale-and-dolphin-adventure-art-lessons-in-the-wild/2023-02-25/
404,3,/events/category/festivals/
404,3,/events/category/signature-events/
404,3,/events/category/water-events/list/
404,3,/events/map/page/2/
404,3,/events/tag/dana-point-harbor/map/
404,3,/events/tag/free/2023-07/
404,3,/events/tag/live-music/2026-01/
404,3,/events/tag/live-music/map/
404,3,/events/tag/soundtrack-to-summer/
404,3,/events/tag/waldorf-astoria/list/
404,3,/food-drink/
Annual Events,3,/includes/plugins/nav/preview_civs/
"Dana Point Beach Guide: Best Beaches for Surfing, Swimming & Relaxing",3,/includes/plugins/nav/preview_civs/
Dana Point Craft Beer | Local Breweries & Beer Cruises,3,/includes/plugins/nav/preview_civs/
"Dana Point Craft Beer, Cocktails & Distilleries",3,/includes/plugins/nav/preview_civs/
"Dana Point Harbor Beaches Guide | Visit Dana Point, California",3,/includes/plugins/nav/preview_civs/
Dana Point Local Business Spotlight | Organic Tree Café,3,/includes/plugins/nav/preview_civs/
Fall,3,/includes/plugins/nav/preview_civs/
Festival of Whales,3,/includes/plugins/nav/preview_civs/
Getting Here,3,/includes/plugins/nav/preview_civs/
Orange County Guide | Southern California from Dana Point,3,/includes/plugins/nav/preview_civs/
Outdoor Recreation - Visit Dana Point,3,/includes/plugins/nav/preview_civs/
"Visit Dana Point, CA | Beaches, Whale Watching & Coastal Dining",3,/includes/plugins/nav/preview_civs/
"Winter in Dana Point, CA: Gray Whale Migration, Holiday Harbor Events",3,/includes/plugins/nav/preview_civs/
listings,3,/includes/plugins/nav/preview_civs/
404,3,/ja/
Listing,3,/listing/
Listing,3,/listing/barvino-wine-+-cheese/331/
Listing,3,/listing/cali-costa-restaurant-&-cantina/292/
Capistrano Coast House,3,/listing/capistrano-coast-house/383/
Listing,3,/listing/casanova-ristorante/31/
Listing,3,/listing/coco-bloom-coffee/367/
Listing,3,/listing/dana-point-charters-sailing-adventures/296/
Desa Prana Yoga Barre & Pilates,3,/listing/desa-prana-yoga-barre-&-pilates/226/
DOHO Café,3,/listing/doho-café/301/
Fitness Together,3,/listing/fitness-together/178/
Listing,3,/listing/iheartyoga/224/
Listing,3,/listing/jacks-restaurant-&-bar/71/
Listing,3,/listing/luscious-boutique/342/
404,3,/listing/monarch-beach-golf-links/55/
Listing,3,/listing/perspire-sauna-studio/320/
Rococo Boutique,3,/listing/rococo-boutique/415/
Listing,3,/listing/subway-pacific-coast-highway-&-del-prado/323/
The Rib Joint,3,/listing/the-rib-joint/329/
Listing,3,/listing/vibe-organic-kitchen-&-juice/257/
Listing,3,/listing/wheel-fun-rentals-&-board-rentals/155/
404,3,/listing/whitestone-restaurant-&-bar/151/
404,3,/listing/woody-hut/158/
YogaSix Dana Point,3,/listing/yogasix-dana-point/282/
Zen Sushi,3,/listing/zen-sushi/316/
404,3,/listingstrands-beech/48/
Beachfront Inn & Suites - Visit Dana Point,3,/lodging-hotels/beachfront-inn-suites/
404,3,/lodging-hotels/doubletree-suites-by-hilton-doheny-beach/
404,3,/lodging-hotels/south-orange-countys-newest-oceanfront-boutique-hotel/
404,3,/meetings-old/doubletree-suites-by-hilton-doheny-beach/
Google,3,/news-media/
Ivory & Olive,3,/organizer/ivory-olive-decor/
404,3,/organizer/stand-up-to-trash/
Plan Your Trip - Visit Dana Point,3,/plan-your-trip/
¿Por qué visitar Dana Point? | Visita Dana Point,3,/plan/why-dana-point/
404,3,/restaurants-dining/33north/
404,3,/restaurants-dining/dippity-donuts/
Glasspar Seafood,3,/restaurants-dining/glasspar/
404,3,/restaurants-dining/harpoon-henryaes-seafood-2/
404,3,/restaurants-dining/homeslice-pizza/
404,3,/restaurants-dining/rosetta-coffee-brewing-company/
404,3,/restaurants-dining/teaspoon/
404,3,/restaurants-dining/the-shwack-beach-grill/
Vibe Organic Kitchen & Juice,3,/restaurants-dining/vibe-organic-kitchen-juice/
404,3,/restaurants/fine-dining/
"Festival of Whales in Dana Point, CA",3,/series/2025-festival-of-whales/
404,3,/series/doheny-state-beach-community-beach-cleanups/
404,3,/series/festival-of-whales-carnival/
404,3,/series/heart-tea-at-the-ritz-carlton-laguna-niguel/
404,3,/series/movies-in-the-park/
Forms,3,/svtest/forms/
HTML Styles,3,/svtest/html-styles/
404,3,/tag/4th-of-july/
404,3,/tag/dana-point-harbor/
404,3,/tag/dana-point-harbor/page/2/
404,3,/tag/dana-wharf/
404,3,/tag/lanterns-edge/
404,3,/tag/parade/
404,3,/thing-to-do/arts-culture/surf-history/
Dana Point Hiking | Find Your Trail,3,/thing-to-do/hiking/
404,3,/things-to-do/dana-point-headlands/
404,3,/things-to-do/harbor-ocean-adventure/dana-point-whale-watching/harbor & ocean adventureofficial sitemap/
Health & Fitness - Visit Dana Point,3,/things-to-do/health-fitness/
404,3,/venue/dana-point-nature-inerpretive-center/
404,3,/what-to-do/bella-terrace/
404,3,/what-to-do/crystal-cove-state-park/
404,3,/what-to-do/dana-wharf-whale-watching/
404,3,/what-to-do/honda-center/
Mission San Juan Capistrano,3,/what-to-do/mission-san-juan-capistrano/
404,3,/what-to-do/moke-rental-dana-point/
404,3,/what-to-do/monarch-beach/
404,3,/what-to-do/sea-world/
404,3,/what-to-do/spring-boutique/
404,3,/what-to-do/thai-body-works/
404,3,/what-to-do/the-district-salon/
Meetings & Events | Visit Dana Point,2,/
Visita Dana Point | Las mejores playas del sur de California,2,/
Посетите Дана Поинт | Најбоље плаже у Јужној Калифорнији,2,/
404,2,/ contacts/
404,2,/2016/08/17/dana-point-resort-updates/
404,2,/2016/09/03/sunset-magazine-features-dana-point/
Art & Museums in Orange County | Visit Dana Point,2,/activities-and-things-to-do/arts-culture/
"Dana Point Lantern District | Restaurants, Shops & More",2,/activities-and-things-to-do/dana-point-lantern-district/
Posts by z. Alex Stall | Blog,2,/blog/author/z-alex-stall/69263dff632d647af78ed7f0/
Posts by z. Alexis Kahn | Blog,2,/blog/author/z-alexis-kahn/69263dff632d647af78ed7ed/
Posts in Around Dana Point | Blog | Page 2,2,/blog/category/around-dana-point/69263dff632d647af78ed7fa/
Posts in Art and Culture | Blog,2,/blog/category/art-and-culture/69263dff632d647af78ed7f9/
404,2,/blog/page/3/
404,2,/blog/page/4/
Најбољи кафићи у Дана Поинту,2,/blog/post/best-coffee-shops-dana-point/
404,2,/blog/post/dana-point-holiday-gift-guide/
404,2,/blog/post/dana-point-neighbors-sights-and-stops/
404,2,/blog/post/dana-points-history-of-authenticity/
California Wellness Retreat in Dana Point | Spa & Nature,2,/blog/post/discover-self-care-wellness-in-dana-point/
post,2,/blog/post/earth-day-in-dana-point/
Fall in Dana Point,2,/blog/post/fall-in-dana-point/
Luxury Travel in Dana Point CA | Luxury Resorts California,2,/blog/post/how-a-little-known-california-surf-town-hopes-to-win-over-luxury-tourists/
404,2,/blog/post/perfect-weekend-in-dana-point/
404,2,/blog/post/romance-by-the-coast-valentines-day-in-dana-point/
404,2,/blog/post/shop-eat-sleep-repeat-dana-point/
404,2,/blog/post/what-to-do-during-ohana-festival-weekend-in-dana-point/
Posts in Activities | Blog,2,/blog/tag/activities/6966e7cf9f32b1a43b7ca041/
Posts in Dining | Blog,2,/blog/tag/dining/69263e00632d647af78ed822/
Posts in hotel stays | Blog,2,/blog/tag/hotel-stays/69263e00632d647af78ed831/
Posts in Redo Makers Market | Blog,2,/blog/tag/redo-makers-market/6a332eda0487934b01b4b8c1/
Posts in Whale Watching | Blog,2,/blog/tag/whale-watching/69263dff632d647af78ed80e/
404,2,/business-directory/3160/dana-point-harbor/
404,2,/business-directory/3192/black-gold-golf-club/
404,2,/business-directory/wpbdp_category/things-to-do/
404,2,/category/blog/
404,2,/category/things-to-do/whale-watching/
Awaken & Indulge,2,/coupon/awaken-&-indulge/12/
"Earn 3,000 Bonus Points Per Stay",2,/coupon/earn-3-000-bonus-points-per-stay/10/
Experience the Stay,2,/coupon/experience-the-stay/9/
404,2,/coupon/half-price-tuesday-|-whale-watching/1/
"Ritz-Carlton: 5,000 Bonus Points Daily",2,/coupon/ritz-carlton:-5-000-bonus-points-daily/14/
SPA ESCAPE,2,/coupon/spa-escape/3/
Whale Safari Stay,2,/coupon/whale-safari-stay/5/
404,2,/dana-point-restaurants/group-dining/
Tranvía de Dana Point | Transporte costero gratuito y paradas,2,/dana-point-trolley/
ダナポイント・トロリー｜無料の海岸沿い交通機関と停留所,2,/dana-point-trolley/
404,2,/discover/dining
404,2,/discover/restaurants-in-dana-point/
404,2,/donate/
404,2,/event/2025-seaside-sessions-live-music-series/2026-02-12/
404,2,/event/2nd-annual-marina-swap-meet/
404,2,/event/46th-annual-dana-point-turkey-trot/
404,2,/event/4th-of-july-cruises/786/
404,2,/event/4th-of-july-dinner-fireworks-cruise-with-dana-wharf/
404,2,/event/afternoon-tea/2025-11-30/
404,2,/event/agave-dinner-with-casamigos-at-waldorf-astoria/
404,2,/event/art-lessons-in-the-wild/2019-03-09/
404,2,/event/barks-boos/
404,2,/event/beach-cleanup-and-lunch-learn/
404,2,/event/bioluminescence-night-cruise/2025-05-24/
404,2,/event/bioluminescence-night-cruise/2025-06-29/
404,2,/event/bioluminescence-night-cruise/2025-07-24/
404,2,/event/bioluminescence-night-cruise/2025-10-19/
404,2,/event/camp-cliffs-kids-club-summer-camp/2025-12-04/
404,2,/event/camp-cliffs-kids-club-summer-camp/2026-03-07/
404,2,/event/capistrano-lights:-mission-in-lights/721/
404,2,/event/christmas-brunch-buffet-at-the-ritz-carlton-2/
404,2,/event/christmas-dinner-at-waldorf-astorias-bourbon-steak/2024-12-25/
404,2,/event/cinco-de-mayo-at-the-waldorf-astoria/
404,2,/event/club-19-easter-breakfast/
404,2,/event/coastal-cowgirl/
404,2,/event/coastal-cowgirl/777/
404,2,/event/concerts-in-the-park-2025/2025-08-10/
404,2,/event/cosmic-creek-surf-festival-concert/
404,2,/event/dana-point-boat-parade-of-lights/2025-12-13/
404,2,/event/dana-point-city-wide-scavenger-hunt/754/
404,2,/event/dana-point-farmers-market/2023-01-07/
404,2,/event/dana-point-farmers-market/2025-09-06/
404,2,/event/dana-point-festival-of-whales-2/
404,2,/event/dana-point-harbor-47th-annual-boat-parade-of-lights/
404,2,/event/dana-point-harbor-farmers-market/2025-11-12/
404,2,/event/dana-point-harbor-farmers-market/2025-11-26/
404,2,/event/dana-point-harbor-farmers-market/2026-10-07/
404,2,/event/dana-point-harbor-wine-cruise/2025-12-05/
404,2,/event/dana-point-harbor-wine-cruise/2025-12-21/
404,2,/event/dana-point-harbor-wine-cruise/2025-12-28/
404,2,/event/dana-west-youth-sailing-camp/2025-08-05/
404,2,/event/dana-west-youth-sailing-camp/2025-12-12/
404,2,/event/dana-west-youth-sailing-camp/2026-04-13/
404,2,/event/dana-wharf-boat-parade-of-lights-cruise/2024-12-15/
404,2,/event/dana-wharf-sunset-wine-cruise/2025-06-27/
404,2,/event/dana-wharf-sunset-wine-cruise/2025-11-21/
Dana Wharf Sunset Wine Cruise,2,/event/dana-wharf-sunset-wine-cruise/2026-01-04/
404,2,/event/dana-wharf-sunset-wine-cruise/2028-01-07/
404,2,/event/diwali-mela-2024/
404,2,/event/diwali-mela/
404,2,/event/doheny-state-beach-cleanup/
404,2,/event/doheny-state-beach-community-beach-cleanups/2025-12-13/
404,2,/event/doheny-state-beach-photo-contest/
404,2,/event/easter-breakfast-buffet/
404,2,/event/easter-sunday-brunch-at-laguna-cliffs/
404,2,/event/endless-summer-bbq/
404,2,/event/fathers-day-dinner-cruise-with-dana-wharf/
404,2,/event/fathers-day-fishing-trips/785/
404,2,/event/fathers-day-whale-watching-cruise/784/
404,2,/event/festival-of-whales-clam-chowder-cook-off/
404,2,/event/free-tours-of-us-coast-guard-narwhal-ship/
404,2,/event/frisby-uncorked/2026-06-28/
404,2,/event/frisby-uncorked/2026-07-19/
404,2,/event/gingerbread-house-workshop-at-the-ritz-carlton/
Glasspar Flight Club Wine Tasting: South America,2,/event/glasspar-flight-club-wine-tasting:-south-america/731/
404,2,/event/gourmet-gatherings-at-waldorf-astoria-chef-nancy-silverton/
404,2,/event/gourmet-gatherings/2025-10-21/
404,2,/event/grand-lawn-easter-egg-hunt-2/
404,2,/event/halloween-spooktacular-trunk-or-treat-3/
Harbor Wine Cruise,2,/event/harbor-wine-cruise/779/
404,2,/event/hearts-afloat-a-valentines-sunset-harbor-cruise-with-capt-daves/
404,2,/event/hobie-movie-night/
404,2,/event/holiday-brunch-in-raya/700/
404,2,/event/holiday-songs-seasonal-stories-by-pacific-vocal-series/
404,2,/event/holiday-surfboard-auction/
404,2,/event/kroq-weenie-roast-2019/
404,2,/event/live-entertainment-overvue-lounge/2019-06-01/
404,2,/event/mermade-market-2/
404,2,/event/monarch-bay-beach-club-easter-dining/
404,2,/event/mothers-day-at-waldorf-astoria-monarch-beach/
404,2,/event/mothers-day-brunch-at-the-ritz-carlton-laguna-niguel/
404,2,/event/mothers-day-brunch-cruise-with-capt-daves/
404,2,/event/national-small-business-week/
404,2,/event/new-years-eve-at-waldorf-astoria/
New Years Eve Celebration: The Waldorf Astoria Monarch Beach Resort & Club,2,/event/new-years-eve-at-waldorf-astoria/
404,2,/event/oc-parks-summer-concert-series-2/
404,2,/event/oc-parks-sunset-cinema/770/
404,2,/event/ocean-encounters/2026-05-23/
Ocean Institute Distinguished Speaker Series,2,/event/ocean-institute-distinguished-speaker-series/800/
404,2,/event/ohana-festival-2021/
404,2,/event/ohana-festival-2023/
404,2,/event/ohana-festival-2025/2025-09-28/
404,2,/event/ohana-festival-encore-october-1-2-doheny-state-beach-2nd-weekend/
404,2,/event/ohana-festival/
404,2,/event/orange-county-sunset-wine-cruise/all/
404,2,/event/organic-market-2/
404,2,/event/organic-market/764/
404,2,/event/parents-night-out-summer-fun/2025-12-26/
404,2,/event/pink-moon-sound-bath-therapy/
404,2,/event/ramps-amps/
404,2,/event/redo-market-2/
404,2,/event/redo-vinyl-market/
404,2,/event/ribbon-cutting:-the-fairy-garden/739/
404,2,/event/sails-n-ales-kickoff-party/
404,2,/event/santa-paddle/725/
404,2,/event/santas-jolley-trolley-and-la-plaza-park-tree-lighting/
404,2,/event/santas-jolly-trolley-la-plaza-tree-lighting/
404,2,/event/science-night-comets-and-asteroids/
404,2,/event/seaside-sweetheart-spa-package-at-laguna-cliffs-marriott-2/2025-02-12/
404,2,/event/seaside-sweetheart-spa-package-at-laguna-cliffs-marriott/2025-02-27/
404,2,/event/soundtrack-to-summer/2026-07-26/
404,2,/event/soundtrack-to-summer/2026-08-08/
404,2,/event/spooky-seas-at-the-ocean-institute/
404,2,/event/spring-tea-at-the-ritz-carlton/2025-04-15/
404,2,/event/stand-up-to-trash-a-sea-nematic-night-for-change/
404,2,/event/stand-up-to-trash-yoga-beach-cleanup-and-lunch-learn/
404,2,/event/stand-up-to-trash:-yoga-beach-cleanup-and-lunch-&-learn/751/
404,2,/event/starry-nights-at-lanterns-edge-3/
404,2,/event/starry-nights-at-lanterns-edge-3/2025-05-17/
404,2,/event/summer-concerts-in-the-park/2023-07-23/
404,2,/event/summer-jams/2023-07-15/
404,2,/event/summer-jams/2023-08-26/
404,2,/event/sunday-a-la-carte-champagne-brunch-raya/2019-07-07/
404,2,/event/sup-yoga/
404,2,/event/taco-tuesday/778/
404,2,/event/tall-ships-and-ocean-festival/
404,2,/event/tiny-tots-ocean-explorers/2025-06-30/
404,2,/event/tiny-tots-ocean-explorers/2025-07-21/
404,2,/event/tiny-tots-ocean-explorers/2025-10-20/
404,2,/event/tiny-tots-ocean-explorers/2025-11-24/
404,2,/event/tiny-tots-ocean-explorers/2026-01-01/
404,2,/event/trolley-art-history-tour/
404,2,/event/truffle-dinner-at-bourbon-steak/
404,2,/event/valentines-brunch-harbor-cruise/
404,2,/event/valentines-day-at-waldorf-astorias-monarch-bay-beach-club/2025-02-15/
404,2,/event/veterans-day-service-2/
404,2,/event/veterans-day-service/ ; https:/www.danapoint-arts.com/event-details-registration/veterans-day-service-1/
404,2,/event/visit-dana-point-board-of-directors-special-meeting/
404,2,/event/weekend-brunch-aveo-table-bar/2019-03-30/
404,2,/event/weekend-brunch-aveo-table-bar/2019-05-05/
404,2,/event/weekend-brunch-aveo-table-bar/2019-08-24/
404,2,/event/weekend-brunch-aveo-table-bar/2019-09-01/
404,2,/event/weekend-brunch-aveo-table-bar/2019-09-29/
404,2,/event/whisky-&-wagyu-viii/749/
404,2,/event/whisky-wagyu-vii-with-the-macallan/
404,2,/event/wylands-whale-and-dolphin-adventure-art-lessons-in-the-wild/2023-01-28/
404,2,/event/wylands-whale-and-dolphin-adventure-art-lessons-in-the-wild/2023-02-04/
404,2,/event/wylands-whale-and-dolphin-adventure-art-lessons-in-the-wild/2023-03-11/
404,2,/event/wylands-whale-and-dolphin-adventure-art-lessons-in-the-wild/2023-04-15/
404,2,/event/wylands-whale-and-dolphin-adventure-art-lessons-in-the-wild/all/
Events from February 6 – February 14 – Visit Dana Point,2,/events/calendar/
404,2,/events/category/art-events/
404,2,/events/category/art-events/list/
404,2,/events/category/beach-events/summary/page/2/
404,2,/events/category/family-events/2024-11/
404,2,/events/category/family-events/summary/page/2/
404,2,/events/category/sporting-events/summary/
404,2,/events/list/page/12/
404,2,/events/list/page/2/
404,2,/events/list/page/3/
404,2,/events/month/2024-11/
404,2,/events/summary/page/2/
404,2,/events/summer-concerts-in-the-park/
404,2,/events/tag/aveo-table-bar/list/
404,2,/events/tag/california-wine-festival/list/
404,2,/events/tag/candy-land/list/
404,2,/events/tag/community/summary/
404,2,/events/tag/family-friendly/month/
404,2,/events/tag/food/list/
404,2,/events/tag/holidays/list/
404,2,/events/tag/palm-tree-festival/list/
404,2,/events/tag/palm-tree-festival/map/
404,2,/events/tag/redo/
404,2,/events/tag/sunset-cruise/summary/
404,2,/events/tag/valentine/
404,2,/fallcation/
404,2,/hotels/monarch-beach-resort
4th of July parking and fireworks,2,/includes/plugins/nav/preview_civs/
About Us,2,/includes/plugins/nav/preview_civs/
Cards 4 Across,2,/includes/plugins/nav/preview_civs/
Celebrate the Holidays in Dana Point,2,/includes/plugins/nav/preview_civs/
Dana Point Local Business Spotlight | Golden Galleon Boutique,2,/includes/plugins/nav/preview_civs/
Dana Point Neighbors | Nearby Cities & Day Trip Ideas,2,/includes/plugins/nav/preview_civs/
Fall in Dana Point | Things to Do & Seasonal Activities,2,/includes/plugins/nav/preview_civs/
Family Fun in Dana Point | Kids Activities & Vacation Ideas,2,/includes/plugins/nav/preview_civs/
Family Staycation Ideas in Dana Point | Family Getaway,2,/includes/plugins/nav/preview_civs/
Forms,2,/includes/plugins/nav/preview_civs/
Job Openings - Visit Dana Point,2,/includes/plugins/nav/preview_civs/
Marine Life in Dana Point - Visit Dana Point,2,/includes/plugins/nav/preview_civs/
Members & Partners,2,/includes/plugins/nav/preview_civs/
Request for Proposal - Visit Dana Point,2,/includes/plugins/nav/preview_civs/
SP,2,/includes/plugins/nav/preview_civs/
Spirit of Dana Point: The Physics of a Tall Ship Under Sail,2,/includes/plugins/nav/preview_civs/
Visitor's Guide,2,/includes/plugins/nav/preview_civs/
Wellness Activities in Dana Point | Healthy Travel Ideas,2,/includes/plugins/nav/preview_civs/
Where to park and where to watch fireworks,2,/includes/plugins/nav/preview_civs/
svtest,2,/includes/plugins/nav/preview_civs/
Listing,2,/listing/art-sea/208/
Listing,2,/listing/beach-harbor-pizza/15/
Listing,2,/listing/bella-bazaar/206/
Listing,2,/listing/best-friends-art-gallery/265/
Safari d'observation des dauphins et des baleines avec le capitaine Dave,2,/listing/capt-daves-dolphin-&-whale-watching-safari/29/
404,2,/listing/capt-daves-dolphin-&-whale-watching-safari/374/
Google,2,/listing/dana-point-headlands-conservation-area/298/
404,2,/listing/dana-strand-beach/
Denny's Dana Point,2,/listing/dennys-dana-point/299/
F45 Training,2,/listing/f45-training/179/
Listing,2,/listing/frisby-cellars-winery/305/
Listing,2,/listing/giana-bakery-+-provisions/336/
GritCycle,2,/listing/gritcycle/173/
Listing,2,/listing/moke-rental-dana-point/318/
404,2,/listing/monarch-beach-golf-links/101/
404,2,/listing/monarch-beach-golf-links/56/
404,2,/listing/monarch-beach/
Institut océanique,2,/listing/ocean-institute/99/
Listing,2,/listing/organic-tree-juice-bar-&-cafe/199/
Listing,2,/listing/pepis-sports-bar-&-grill/319/
Listing,2,/listing/proud-marys-restaurant/106/
Listing,2,/listing/sea-terrace-park/269/
Shelters Distilling,2,/listing/shelters-distilling/396/
404,2,/listing/studio-a-pilates-&-yoga/183/
Studio A Pilates & Yoga,2,/listing/studio-a-pilates-&-yoga/183/
Talega Golf Club,2,/listing/talega-golf-club/402/
Listing,2,/listing/the-historic-schooner-curlew-charters/328/
Listing,2,/listing/the-point-restaurant-&-bar/185/
Listing,2,/listing/turks-restaurant-&-bar/148/
Listing,2,/listing/whitestone-restaurant-&-bar/151/
Hotéis e Resorts em Dana Point | Onde se hospedar em Dana Point,2,/lodging/
404,2,/media/
404,2,/organizer/dana-point-farmers-market/
"Festival of Whales in Dana Point, CA",2,/organizer/festival-of-whales/
404,2,/organizer/prado-square/
404,2,/places-to-stay/luxury-hotels/
404,2,/plan/getting-here/
404,2,"/privacy-policy/""/"
404,2,/restaurants-dining/as-burgers/
404,2,/restaurants-dining/carmelitas-dana-point/
404,2,/restaurants-dining/casanova-ristorante/
404,2,/restaurants-dining/club-19/
404,2,/restaurants-dining/good-choice-sushi-by-the-sea/
404,2,/restaurants-dining/knife-modern-steak/
404,2,/restaurants-dining/nikkis-cafe/
404,2,/restaurants-dining/proud-maryaes/
404,2,/restaurants-dining/stellaaes-serious-italian/
404,2,/restaurants-dining/the-brig-restaurant/
404,2,/restaurants-dining/turks-dana-wharf/
404,2,/series/breakfast-with-santa-at-the-ritz-carlton/
404,2,/series/dana-point-festival-of-whales/
404,2,/series/ocean-encounters/
404,2,/series/summer-concert-series-salt-creek-beach/
404,2,/series/sunset-social-at-the-farm/
Visit Dana Point Board of Directors Meeting - Visit Dana Point,2,/series/visit-dana-point-board-of-directors-meeting/
404,2,/stay/
Sustainability in Dana Point | Responsible Coastal Travel,2,/sustainability/
Collections,2,/svtest/collections/
Preview Slider with Header,2,/svtest/collections/preview-slider-with-header/
Events,2,/svtest/events/
Offers,2,/svtest/offers/
listings,2,/svtest/prototypes/listings/
Widgets and Panels,2,/svtest/widgets-and-panels/
404,2,/tag/bioluminescene/
404,2,/tag/champagne-sunset-sail/
404,2,/tag/dana-point-harbor/page/4/
404,2,/tag/dining/page/2/
404,2,/tag/festival-of-whales/
404,2,/tag/free-concert/
404,2,/tag/free-concerts/
404,2,/tag/heart-tea/
404,2,/tag/laguna-cliffs/page/2/
404,2,/tag/music/
404,2,/tag/ocean/
404,2,/tag/palm-tree-festival/
404,2,/tag/parade-of-lights/
404,2,/tag/project-social/
404,2,/tag/ramps-and-amps/
404,2,/tag/santa-claus/
404,2,/tag/south-oc-car-show/
404,2,/tag/tiny-tots/
404,2,/tag/valentines-day/
404,2,/tag/valentines-day/page/2/
404,2,/tag/whale/
Dana Point by Season | Visit Dana Point,2,/things-to-do/by-season/
404,2,/things-to-do/harbor-ocean-adventure/dana-point-harbor/
404,2,/things-to-do/harbor-ocean-adventure/dana-point-surfing/:dsurfing/
404,2,/things-to-do/mozambique-steakhouse/
Dana Point Hiking | Find Your Trail,2,/things-to-do/parks-trails/
Parks & Trails - Visit Dana Point,2,/things-to-do/parks-trails/
404,2,/things-to-do/shopping/lantern-district/
"Best Year-Round Whale Watching | Dana Point, California",2,/things-to-do/whale-watching/
404,2,/venue/amber-lantern/
AVEO Table + Bar,2,/venue/aveo-tablebar/
404,2,/venue/dana-point-ale-house/
404,2,/venue/hilton-garden-inn-dana-point-doheny-beach/
404,2,/venue/pavilion-at-jserra-high-school/
404,2,/venue/project-social/
"The Ritz-Carlton, Laguna Niguel",2,/venue/the-ritz-carlton-laguna-niguel/
404,2,/what-to-do/aliso-beach/
404,2,/what-to-do/beach-cities-fitness/
404,2,/what-to-do/beach-cities-scuba-centers/
404,2,/what-to-do/dana-point-charters/
404,2,/what-to-do/doheny-state-beach-california-state-parks/
404,2,/what-to-do/doheny-state-beach/)/
404,2,/what-to-do/drybar/
404,2,/what-to-do/pacific-marine-mammal-center/
404,2,/what-to-do/saltwater-beauty-bar/
404,2,/what-to-do/surfing-heritage-cultural-center/
404,2,/what-to-do/swiss-connection-fine-jewelry/
404,2,/what-to-do/vintage-yacht-club/
Why Visit Dana Point? | Visit Dana Point,2,/why-dana-point/
Dana Point Boat Rentals | Sailboat Rentals & Charters,1,/
Things to Do in Dana Point | Explore Dana Point,1,/
Visit Dana Point | The Best Beaches in Southern California[1356599941],1,/
Visitez Dana Point | Les plus belles plages du sud de la Californie,1,/
游览达纳角 | 南加州最美的海滩,1,/
404,1,//event/dana-wharf-sunset-wine-cruise/2028-09-10/
Shell,1,//includes/plugins/nav/preview_civs/
Boating & Fishing - Visit Dana Point,1,//things-to-do/harbor-ocean-adventure/boating-fishing/
404,1,/2016/06/12/visit-dana-point-makes-anticipated-debut-south-orange-county/
404,1,/2016/06/19/free-dana-point-trolley-7-days-week/
404,1,/2016/07/27/new-executive-director-announced-visit-dana-point/
404,1,/2016/10/04/driftwood-country-craft-brew-fest-debuts-nov-12th-doheny/
404,1,/2016/12/01/42nd-annual-dana-point-boat-parade-lights/
404,1,/2017/04/26/celebrate-20-years-blues-doheny-beach/
404,1,/2017/05/05/mothers-day-brunch-dana-point/
404,1,/2017/07/26/outdoor-adventure-dana-point/
404,1,/2017/08/
404,1,/2017/08/10/shop-eat-sleep-repeat-dana-point/
404,1,/2017/09/
404,1,/2017/09/18/cap-off-dana-point/
404,1,/2017/12/
404,1,/2018/10/25/win-tickets-to-the-2018-driftwood-festival-in-dana-point/
404,1,/404/
404,1,/about-dana-point/
404,1,/about-us/
404,1,/aboutus/
Dana Point Boat Rentals | Sailboat Rentals & Charters,1,/activities-and-things-to-do/boat-rentals/
404,1,/activities-and-things-to-do/dana-point-beaches/&sa=u&ved=2ahukewivramfs4sjaxuufgwghbsxbxoqfnoecakqag&usg=aovvaw2rwrlgwuw4n9j-ng0fm5zm/
404,1,/activities-and-things-to-do/dana-point-beaches/http/
Dana Point Surfing | Catch Your Wave,1,/activities-and-things-to-do/dana-point-surfing/
Dana Point Fishing | Dana Point Sportfishing,1,/activities-and-things-to-do/fishing-boating/
404,1,/activities-and-things-to-do/fishing/&sa=u&ved=2ahukewjm9ovo17cjaxviugchhfimlncqfnoecaeqbg&usg=aovvaw2vyv81_hs-d57tdca1kpii/
Dana Point Hiking | Find Your Trail,1,/activities-and-things-to-do/hiking/
Visit Dana Point | The Best Beaches in Southern California,1,/ads/oc-rectangle-ad-visit-dana-point/
404,1,/articles/post/
404,1,/author/akahn/
404,1,/beaches/salt-creek-beach/
Blog,1,/blog/archives/01-01-2023/02-01-2023/
Blog,1,/blog/archives/01-01-2026/02-01-2026/
Blog,1,/blog/archives/02-01-2023/03-01-2023/
Blog,1,/blog/archives/03-01-2000/04-01-2000/
"Dana Point Blog | Travel Tips, Events & Local Inspiration",1,/blog/archives/03-01-2000/04-01-2000/
Blog,1,/blog/archives/06-01-2019/07-01-2019/
Blog,1,/blog/archives/06-01-2020/07-01-2020/
Blog,1,/blog/archives/07-01-2018/08-01-2018/
"Dana Point Blog | Travel Tips, Events & Local Inspiration",1,/blog/archives/07-01-2019/08-01-2019/
Blog,1,/blog/archives/08-01-2018/09-01-2018/
"Dana Point Blog | Travel Tips, Events & Local Inspiration",1,/blog/archives/08-01-2024/09-01-2024/
Posts by Nicole Lindstrom | Blog,1,/blog/author/nicole-lindstrom/69263dff632d647af78ed7f1/
Posts by Richard Henry Dana | Blog | Page 3,1,/blog/author/richard-henry-dana/69263dff632d647af78ed7ef/
Posts by z. Rachel O'Neill-Cusey | Blog,1,/blog/author/z-rachel-oneill-cusey/69263dff632d647af78ed7ee/
Posts in Blog | Blog | Page 3,1,/blog/category/blog/69263dff632d647af78ed7f7/
Posts in Uncategorized | Blog,1,/blog/category/uncategorized/69263dff632d647af78ed801/
404,1,/blog/dana-point-harbor-revitalization/
Page not found - Visit Dana Point,1,/blog/page/5/
404,1,/blog/post/4738-2/&nbsp/
404,1,/blog/post/_wp_link_placeholder/
404,1,/blog/post/best-time-to-visit-dana-point/|/
Celebrate New Year’s Eve in Style in Dana Point,1,/blog/post/celebrate-new-years-eve-style-dana-point/
Celebrate 4th of July in Dana Point,1,/blog/post/celebrate-the-4th-of-july-in-dana-point/
"Dana Point Craft Beer Guide: Taprooms, Cocktails & Cruises",1,/blog/post/cheers-to-beer-in-dana-point/
Dana Point Harbor This Fall | What's Open & Parking,1,/blog/post/dana-point-harbor-is-worth-a-visit/
404,1,/blog/post/dana-point-hiking-and-walking-trails/dana/
404,1,/blog/post/dana-point-hiking-walking-trails/
Дана Поинт је све у знаку породичне забаве,1,/blog/post/dana-point-is-all-about-family-fun/
404,1,/blog/post/dana-points-local-business-spotlight-golden-galleon-boutique/
404,1,/blog/post/date-day-or-night-in-dana-point/
404,1,/blog/post/fall-in-dana-point-california/
加利福尼亚州达纳角鲸鱼节,1,/blog/post/festival-of-whales-in-dana-point-ca/
404,1,/blog/post/is-dana-point-harbor-worth-a-visit/http/
404,1,/blog/post/ohana-festival-dana-point/
Festival Ohana 2026,1,/blog/post/ohana-festival-dana-point/
"Festival Ohana 2026 à Dana Point : Programmation, Billets et Parking",1,/blog/post/ohana-festival-dana-point/
Outdoor Adventure in Dana Point,1,/blog/post/outdoor-adventure-dana-point/
404,1,/blog/post/summer-activities-in-dana-point/ (republish + restructure/
Organice su mejor reunión en Dana Point con Eventis.,1,/blog/post/when-a-client-stops-putting-you-out-to-bid-you-know-you-got-it-right/
404,1,/blog/post/when-a-client-stops-putting-yout-out-to-bid-you-know-you-got-it-right/
Estacionamiento y fuegos artificiales el 4 de julio,1,/blog/post/where-to-park-and-where-to-watch-fireworks-in-dana-point/
404,1,/blog/tag/activities/6966e7cf9f32b1a43b7ca041/rss/
Posts in Events | Blog,1,/blog/tag/events/69263e00632d647af78ed812/
Posts in health and wellness | Blog,1,/blog/tag/health-and-wellness/69263e00632d647af78ed839/
404,1,/blog/tag/hotel-stays/69263e00632d647af78ed831/rss/
404,1,/blog/the-most-romantic-things-to-do-in-dana-point/
404,1,/boating-fishing/
404,1,/booking/trpofnlra02tk9pj1amzwg2/
404,1,/bookings/yzjcbw9lnw/
404,1,/bookings/zkxls1dqr0/
404,1,/business-directory/3138/baby-beach
404,1,/business-directory/3158/captain-daves-dolphin-whale-safari
404,1,/business-directory/3164/ocean-institute
404,1,/business-directory/3166/aventura-sailing-association/
404,1,/business-directory/3208/dana-wharf-whale-watching
404,1,/business-directory/3245/dana-point-farmers-market/
404,1,/business-directory/3269/killer-dana/
404,1,/business-directory/3271/lmarie-jewelry-boutique/
404,1,/business-directory/3314/doubletree-suites-hilton-doheny-beach
404,1,/business-directory/3314/doubletree-suites-hilton-doheny-beach/
404,1,/business-directory/3315/monarch-beach-resort
404,1,/business-directory/3316/laguna-cliffs-marriott-resort-spa
404,1,/business-directory/3318/the-ritz-carlton-laguna-niguel
404,1,/business-directory/3386/as-burgers/
404,1,/business-directory/3396/bonjour-cafe-bistro
404,1,/business-directory/wpbdp_category/burgers-fries/
404,1,/business-directory/wpbdp_category/jewelry/
404,1,/business-directory/wpbdp_category/mexican/
404,1,/business-directory/wpbdp_category/shopping/
Events from February 6 – February 14 – Visit Dana Point,1,/calendar/
404,1,/category/activities-recreation/
404,1,/category/blog/around-dana-point/
404,1,/category/blog/food-wine/
404,1,/category/blog/holidays/
404,1,/category/discover/whale-watching/
404,1,/category/family-fun/
404,1,/category/things-to-do/art-culture/
404,1,/category/things-to-do/hiking/
404,1,/category/things-to-do/whale-watchings/
404,1,/cdn-cgi/l/email-protection/
Page not found - Visit Dana Point,1,/challenge
404,1,/chi-siamo/
404,1,/contactus/
404,1,/contatti/
Earn $100 Daily Credit,1,/coupon/earn-$100-daily-credit/11/
"Earn 3,000 Bonus Points Per Stay",1,/coupon/earn-3-000-bonus-points-per-stay/7/
"Laguna Cliffs: Extra 5,000 Points Each Day",1,/coupon/laguna-cliffs:-extra-5-000-points-each-day/17/
404,1,/coupon/waldorf-astoria-monarch-beach-third-night-free/2/
404,1,/covid-19-travel-safe/
Visit Dana Point | The Best Beaches in Southern California,1,/covid-19-travel-safe/
404,1,/dana-poinmal8bu farm cookbookt-trolley/
404,1,/dana-point-beaches/
Restaurants in Dana Point | Beste Fisch- und Küstenküche,1,/dana-point-restaurants/
Restaurants à Dana Point | Restauration,1,/dana-point-restaurants/
Asian,1,/dana-point-restaurants/cuisine/asian/
Group Dining,1,/dana-point-restaurants/group-dining/
404,1,"/dana-point-restaurants/ocean-view-restaurants/""/"
404,1,/dana-point-restaurants/ocean-view-restaurants/sv-admin/
404,1,/dana-point-trolley/https://visitdanapoint.com/lodging/dana-point-resorts/
404,1,/dana-point-trolley/https:/visitdanapoint.com/lodging/dana-point-resorts/
404,1,/discover/Golf/
404,1,/discover/Local-Attractions/
404,1,/discover/Outdoor-Recreation/
404,1,/discover/Spas/
404,1,/discover/lodging/
404,1,/discover/outdoor-recreation
404,1,/discover/restaurants-in-dana-point/page/2/
404,1,/discover/spas
404,1,/discover/whale-watching
404,1,/eat-drink/
404,1,/event/1000-lights-festival/
404,1,/event/2019-california-wine-festival/
404,1,/event/2025-festival-of-whales/2025-03-09/
404,1,/event/2025-seaside-sessions-live-music-series/2025-06-19/
404,1,/event/2025-seaside-sessions-live-music-series/2026-01-01/
404,1,/event/2025-seaside-sessions-live-music-series/2026-02-05/
404,1,/event/2025-seaside-sessions-live-music-series/2026-02-26/
404,1,/event/2025-seaside-sessions-live-music-series/2026-06-18/
404,1,/event/2nd-annual-shamrock-shamble/
404,1,/event/4th-of-july-fireworks-2026/
404,1,/event/4th-of-july-fireworks-extravaganza/
Fuegos artificiales del 4 de julio,1,/event/4th-of-july-fireworks/767/
404,1,/event/4th-of-july-fireworks/767/  m ​​​​​​​/
404,1,/event/50th-annual-boat-parade-of-lights/2025-12-12/
第55届年度鲸鱼节,1,/event/55th-annual-festival-of-whales/738/
404,1,/event/a-walk-through-history/2019-04-16/
404,1,/event/a-walk-through-history/all/
404,1,/event/afternoon-tea/2025-12-07/
404,1,/event/afternoon-tea/2025-12-14/
404,1,/event/afternoon-tea/2026-02-15/
404,1,/event/afternoon-tea/2026-03-15/
404,1,/event/afternoon-tea/2026-03-29/
404,1,/event/afternoon-tea/2026-06-07/
404,1,/event/afternoon-tea/2026-09-27/
404,1,/event/amala-skincare-workshop/
404,1,/event/art-lessons-in-the-wild/2019-02-23/
404,1,/event/art-lessons-in-the-wild/2019-03-16/
404,1,/event/art-lessons-in-the-wild/2019-03-30/
404,1,/event/art-lessons-in-the-wild/2019-04-06/
404,1,/event/art-lessons-in-the-wild/2019-04-13/
404,1,/event/art-lessons-in-the-wild/2019-04-27/
404,1,/event/art-lessons-in-the-wild/all/
404,1,/event/beach-cleanup-with-the-ocean-institute-6/
404,1,/event/bioluminescence-night-cruise/2025-06-28/
404,1,/event/bioluminescence-night-cruise/2025-07-25/
404,1,/event/bioluminescence-night-cruise/2025-07-27/
404,1,/event/bioluminescence-night-cruise/2025-09-21/
404,1,/event/bioluminescence-night-cruise/2025-10-17/
404,1,/event/boat-parade/2021-12-11/
404,1,/event/boat-parade/all/
404,1,/event/breakfast-with-santa/
404,1,/event/brews-bites-at-the-ritz-carlton-laguna-niguel/
404,1,/event/business-security-workshop/2025-09-08/2/
404,1,/event/butterfly-meditation/
404,1,/event/california-wine-festival-dana-point-beachside-wine-festival/
404,1,/event/california-wine-festival-dana-point-sunset-rare-reserve-tasting/
404,1,/event/california-wine-festival/753/
404,1,/event/camp-cliffs-kids-club-summer-camp/2025-08-03/
404,1,/event/camp-cliffs-kids-club-summer-camp/2025-11-16/
404,1,/event/camp-cliffs-kids-club-summer-camp/2025-12-05/
404,1,/event/camp-cliffs-kids-club-summer-camp/2025-12-13/
404,1,/event/camp-cliffs-kids-club-summer-camp/2025-12-19/
404,1,/event/camp-cliffs-kids-club-summer-camp/2025-12-20/
404,1,/event/camp-cliffs-kids-club-summer-camp/2025-12-25/
404,1,/event/camp-cliffs-kids-club-summer-camp/2026-02-05/
404,1,/event/camp-cliffs-kids-club-summer-camp/2026-04-16/
404,1,/event/camp-cliffs-kids-club-summer-camp/2026-07-02/
404,1,/event/candlelight-concerts-by-fever/730/
404,1,/event/champagne-sunset-sail/2024-06-22/
404,1,/event/champagne-sunset-sail/2024-07-27/
404,1,/event/christmas-at-monarchy-bay-beach-club/2024-12-25/
404,1,/event/christmas-brunch-buffet-at-the-ritz-carlton/
404,1,/event/city-of-dana-point-egg-hunts/
404,1,/event/concerts-in-the-park-2025/2025-08-17/
404,1,/event/concerts-in-the-park/2024-07-21/
404,1,/event/cosmic-creek-surf-festival/all/
404,1,/event/craft-fair/
404,1,/event/culinary-cookout-series-2/
404,1,/event/culinary-cookout-series/
404,1,/event/d-yoder-family-sundays-all-that-jazz/
404,1,/event/dana-point-ale-house-oktobeerfest/
404,1,/event/dana-point-artfest/
404,1,/event/dana-point-certified-farmers-market/
404,1,/event/dana-point-classic-car-show-3/
404,1,/event/dana-point-farmers-market/
404,1,/event/dana-point-farmers-market/2023-12-02/
404,1,/event/dana-point-farmers-market/2024-01-27/
404,1,/event/dana-point-farmers-market/2024-02-17/
404,1,/event/dana-point-farmers-market/2025-02-22/
404,1,/event/dana-point-farmers-market/2026-06-06/
404,1,/event/dana-point-farmers-market/2027-03-06/
404,1,/event/dana-point-festival-of-whales-3/2024-03-03/
404,1,/event/dana-point-harbor-48th-annual-boat-parade-of-lights/2023-12-08/
404,1,/event/dana-point-harbor-boat-parade-of-lights-with-dana-wharf/2023-12-08/
404,1,/event/dana-point-harbor-boat-parade-of-lights-with-dana-wharf/2023-12-10/
404,1,/event/dana-point-harbor-farmers-market/2025-10-01/
404,1,/event/dana-point-harbor-farmers-market/2025-10-08/
404,1,/event/dana-point-harbor-farmers-market/2026-01-14/
404,1,/event/dana-point-harbor-hoot-2/
404,1,/event/dana-point-harbor-wine-cruise/2025-12-07/
404,1,/event/dana-point-harbor-wine-cruise/2025-12-14/
Dana Point Harbor Wine Cruise,1,/event/dana-point-harbor-wine-cruise/693/
404,1,/event/dana-point-lantern-district-car-motorcycle-show-2/
404,1,/event/dana-point-pup-paddle/
404,1,/event/dana-west-youth-sailing-camp/2025-08-06/
404,1,/event/dana-west-youth-sailing-camp/2025-11-13/
404,1,/event/dana-west-youth-sailing-camp/2025-12-01/
404,1,/event/dana-west-youth-sailing-camp/2025-12-24/
404,1,/event/dana-wharf-sunset-wine-cruise/2025-06-08/
404,1,/event/dana-wharf-sunset-wine-cruise/2025-06-15/
404,1,/event/dana-wharf-sunset-wine-cruise/2025-06-29/
404,1,/event/dana-wharf-sunset-wine-cruise/2025-07-13/
404,1,/event/dana-wharf-sunset-wine-cruise/2025-08-01/
404,1,/event/dana-wharf-sunset-wine-cruise/2025-08-08/
404,1,/event/dana-wharf-sunset-wine-cruise/2025-08-15/
404,1,/event/dana-wharf-sunset-wine-cruise/2025-09-12/
404,1,/event/dana-wharf-sunset-wine-cruise/2025-09-28/
404,1,/event/dana-wharf-sunset-wine-cruise/2025-11-14/
404,1,/event/dana-wharf-sunset-wine-cruise/2025-11-16/
404,1,/event/dana-wharf-sunset-wine-cruise/2025-12-19/
404,1,/event/dana-wharf-sunset-wine-cruise/2025-12-26/
404,1,/event/dana-wharf-sunset-wine-cruise/2026-01-18/
404,1,/event/dana-wharf-sunset-wine-cruise/2026-01-23/
404,1,/event/dana-wharf-sunset-wine-cruise/2026-01-25/
404,1,/event/dana-wharf-sunset-wine-cruise/2026-03-06/
404,1,/event/dana-wharf-sunset-wine-cruise/2026-03-13/
404,1,/event/dana-wharf-sunset-wine-cruise/2026-03-27/
404,1,/event/dana-wharf-sunset-wine-cruise/2026-07-05/
404,1,/event/dana-wharf-sunset-wine-cruise/2026-07-26/
404,1,/event/dana-wharf-sunset-wine-cruise/2026-08-14/
404,1,/event/dana-wharf-sunset-wine-cruise/2026-09-06/
404,1,/event/dana-wharf-sunset-wine-cruise/2027-06-11/
404,1,/event/dana-wharf-sunset-wine-cruise/2027-10-08/
404,1,/event/dana-wharf-sunset-wine-cruise/2028-09-10/
404,1,/event/doheny-state-beach-community-beach-cleanups/2025-07-18/
404,1,/event/doheny-state-beach-community-beach-cleanups/2025-09-20/
404,1,/event/doheny-surf-and-art-festival/
404,1,/event/doheny-surf-art-festival-june-24-25-2023/
404,1,/event/doheny-wood-classic-car-show/
404,1,/event/easter-brunch-at-laguna-cliffs/
404,1,/event/easter-monarch-beach-resort/
404,1,/event/egg-hunts/
404,1,/event/enosteak-new-years-eve/
404,1,/event/festival-of-whales-carnival/2025-03-07/
404,1,/event/festival-of-whales-carnival/2025-03-09/
404,1,/event/fifteenth-annual-battle-of-the-mariachis-festival/
404,1,/event/fireworks-cruise/
404,1,/event/flight-club-wine-tasting:-south-america/731/
404,1,/event/flower-moon-sound-bath-therapy/
404,1,/event/frisby-uncorked/2025-10-26/
404,1,/event/frisby-uncorked/2025-12-07/
404,1,/event/frisby-uncorked/2026-04-12/
404,1,/event/frisby-uncorked/2026-04-26/
404,1,/event/giant-easter-egg-display/
404,1,/event/gingerbread-house-and-holiday-cookie-decorating/
404,1,/event/gingerbread-workshop/2025-12-21/
404,1,/event/halloween-fork-n-film-screenings-on-the-lawn/2024-10-11/
404,1,/event/halloween-fork-n-film-screenings-on-the-lawn/2024-10-12/
404,1,/event/harbor-after-dark/2025-11-07/
404,1,/event/harbor-light-cruise/2023-12-22/
404,1,/event/heart-tea-at-the-ritz-carlton-laguna-niguel/2025-02-13/
404,1,/event/holiday-brunch-in-raya/2025-12-06/
404,1,/event/holiday-brunch-in-raya/2025-12-13/
404,1,/event/holiday-brunch-in-raya/2025-12-21/
404,1,/event/holiday-brunch-in-raya/2026-04-12/
404,1,/event/holiday-brunch-in-raya/2026-05-24/
404,1,/event/holiday-brunch-in-raya/2026-12-26/
404,1,/event/holiday-caroling-at-laguna-cliffs-marriott/2025-01-04/
404,1,/event/holiday-light-cruise/2025-12-06/
404,1,/event/holiday-light-cruise/2025-12-19/
404,1,/event/holiday-open-house-tree-lighting-2/
404,1,/event/holiday-tree-lighting-at-the-ritz-carlton-laguna-niguel/
404,1,/event/holiday-tree-lighting-at-the-ritz-carlton/
404,1,/event/junior-golf-camp-3/
404,1,/event/junior-golf-camp-4/
404,1,/event/junior-golf-camp/
404,1,/event/junior-summer-sailing-program/2025-06-10/
404,1,/event/junior-summer-sailing-program/2025-07-23/
404,1,/event/junior-summer-sailing-program/2025-07-24/
404,1,/event/junior-summer-sailing-program/2025-11-05/
404,1,/event/junior-summer-sailing-program/2025-11-14/
404,1,/event/junior-summer-sailing-program/2025-12-05/
404,1,/event/junior-summer-sailing-program/2025-12-19/
404,1,/event/junior-summer-sailing-program/2026-02-19/
404,1,/event/la-plaza-park-tree-lighting-2/
404,1,/event/lavender-yoga/
Little Folk Club,1,/event/little-folk-club/708/
404,1,/event/live-entertainment-overvue-lounge/2019-03-02/
404,1,/event/live-entertainment-overvue-lounge/2019-03-15/
404,1,/event/live-entertainment-overvue-lounge/2019-03-22/
404,1,/event/live-entertainment-overvue-lounge/2019-03-23/
404,1,/event/live-entertainment-overvue-lounge/2019-03-29/
404,1,/event/live-entertainment-overvue-lounge/2019-03-30/
404,1,/event/live-entertainment-overvue-lounge/2019-05-04/
404,1,/event/live-entertainment-overvue-lounge/2019-05-10/
404,1,/event/live-entertainment-overvue-lounge/2019-05-18/
404,1,/event/live-entertainment-overvue-lounge/2019-05-31/
404,1,/event/live-entertainment-overvue-lounge/2019-06-07/
404,1,/event/live-entertainment-overvue-lounge/2019-06-08/
404,1,/event/live-entertainment-overvue-lounge/2019-06-14/
404,1,/event/live-entertainment-overvue-lounge/2019-06-15/
404,1,/event/live-entertainment-overvue-lounge/2019-06-21/
404,1,/event/live-entertainment-overvue-lounge/2019-06-22/
404,1,/event/live-entertainment-overvue-lounge/2019-06-28/
404,1,/event/live-entertainment-overvue-lounge/2019-07-12/
404,1,/event/live-entertainment-overvue-lounge/2019-07-13/
404,1,/event/live-entertainment-overvue-lounge/2019-07-19/
404,1,/event/live-entertainment-overvue-lounge/2019-07-20/
404,1,/event/live-entertainment-overvue-lounge/2019-08-16/
404,1,/event/live-entertainment-overvue-lounge/2019-08-24/
404,1,/event/live-entertainment-overvue-lounge/2019-08-30/
404,1,/event/live-entertainment-overvue-lounge/2019-08-31/
404,1,/event/live-entertainment-overvue-lounge/2019-09-13/
404,1,/event/live-entertainment-overvue-lounge/2019-09-14/
404,1,/event/live-entertainment-overvue-lounge/2019-09-20/
404,1,/event/live-entertainment-overvue-lounge/2019-09-21/
404,1,/event/live-entertainment-overvue-lounge/2019-09-27/
404,1,/event/live-entertainment-overvue-lounge/2019-10-11/
404,1,/event/live-entertainment-overvue-lounge/2019-10-12/
404,1,/event/live-entertainment-overvue-lounge/2019-10-26/
404,1,/event/live-entertainment-overvue-lounge/2019-11-08/
404,1,/event/live-entertainment-overvue-lounge/2019-11-09/
404,1,/event/live-entertainment-overvue-lounge/2019-11-15/
404,1,/event/live-entertainment-overvue-lounge/2019-11-30/
404,1,/event/live-entertainment-overvue-lounge/2019-12-06/
404,1,/event/live-entertainment-overvue-lounge/2019-12-07/
404,1,/event/live-entertainment-overvue-lounge/2019-12-13/
404,1,/event/live-entertainment-overvue-lounge/2019-12-14/
404,1,/event/live-entertainment-overvue-lounge/2019-12-21/
404,1,/event/live-music-180blu/2019-04-12/
404,1,/event/live-music-180blu/2022-04-08/
404,1,/event/live-music-180blu/2023-05-20/
404,1,/event/live-music-180blu/2023-07-01/
404,1,/event/live-music-harbor-cruise-with-dana-wharf/2024-07-13/
404,1,/event/maritime-festival-2/2023-09-08/
404,1,/event/maritime-festival-3-2-2-2/
404,1,/event/modern-makers-mart-2/
404,1,/event/mothers-day-brunch-marriott-laguna-cliffs/
404,1,/event/movies-in-the-park-2/2025-06-27/
404,1,/event/movies-in-the-park-christopher-robin/
404,1,/event/movies-in-the-park-hotel-transylvania-3-summer-vacation/
404,1,/event/movies-in-the-park-ralph-breaks-the-internet/
404,1,/event/movies-in-the-park/2024-06-07/
404,1,/event/movies-in-the-park/765/
404,1,/event/new-years-day-breakfast-buffet/
New Year's Eve Dinner in RAYA at The Ritz-Carlton,1,/event/new-years-eve-dinner-in-raya-at-the-ritz-carlton/728/
404,1,/event/oc-parks-sunset-cinema-at-salt-creek-beach/
404,1,/event/oc-restaurant-week-2026/750/
404,1,/event/ocean-encounters/2025-12-13/
404,1,/event/ocean-encounters/2026-04-25/
404,1,/event/ocean-view-bbq-brunch/
404,1,/event/ohana-festival-2/
404,1,/event/ohana-festival-2020/
404,1,/event/orange-county-beach-bocce-championship/
404,1,/event/orange-county-sunset-wine-cruise/2023-02-03/
404,1,/event/orange-county-sunset-wine-cruise/2023-10-15/
404,1,/event/organic-market/
404,1,/event/parents-night-out-summer-fun/2025-09-26/
404,1,/event/parents-night-out-summer-fun/2025-10-24/
404,1,/event/parents-night-out-summer-fun/2025-12-05/
404,1,/event/parents-night-out-summer-fun/2026-01-09/
404,1,/event/parents-night-out-summer-fun/2026-02-13/
404,1,/event/pines-park-tree-lighting/
404,1,/event/projektober-fest/
404,1,/event/puppy-yoga-at-the-ritz-carlton/2024-11-03/
404,1,/event/raya-easter-brunch/744/
404,1,/event/raya-thanksgiving-2/
404,1,/event/red-cross-community-blood-drive-2/
404,1,/event/return-of-the-swallows-celebration/
404,1,/event/ritz-carlton-laguna-niguel-tree-lighting-ceremony/
404,1,/event/santas-jolly-trolley/
404,1,/event/seaside-sweetheart-spa-package-at-laguna-cliffs-marriott/2025-02-12/
404,1,/event/shea-concert-series-3/
404,1,/event/shea-concert-series-5/
404,1,/event/sleigh-the-holidays/
404,1,/event/smores-and-stargazing/2025-07-05/
404,1,/event/sounds-of-summer-cruise/
404,1,/event/soundtrack-to-summer/2025-08-03/
404,1,/event/soundtrack-to-summer/2025-08-24/
404,1,/event/soundtrack-to-summer/2025-08-30/
404,1,/event/soundtrack-to-summer/2025-08-31/
404,1,/event/soundtrack-to-summer/2025-09-28/
404,1,/event/soundtrack-to-summer/2025-12-07/
404,1,/event/soundtrack-to-summer/2026-04-05/
404,1,/event/soundtrack-to-summer/2026-06-06/
404,1,/event/soundtrack-to-summer/2026-07-12/
404,1,/event/spring-floral-design-workshop/
404,1,/event/spring-tea-at-the-ritz-carlton/2025-03-31/
404,1,/event/spring-tea-at-the-ritz-carlton/2025-04-01/
404,1,/event/spring-tea-at-the-ritz-carlton/2025-04-17/
404,1,/event/spring-tea-at-the-ritz-carlton/2025-04-28/
404,1,/event/stand-up-to-trash-beach-cleanup-3/
404,1,/event/stand-up-to-trash-beach-cleanup-and-lunch-learn-2/
404,1,/event/stars-stripes-and-sounds-festival/792/
404,1,/event/summer-concerts-in-the-park/2023-07-16/
404,1,/event/summer-concerts-in-the-park/2023-07-30/
404,1,/event/summer-concerts-in-the-park/768/)**_/
404,1,/event/summer-sip-cabanas/
404,1,/event/sunday-a-la-carte-champagne-brunch-raya/2019-03-10/
404,1,/event/sunday-a-la-carte-champagne-brunch-raya/2019-03-17/
404,1,/event/sunday-a-la-carte-champagne-brunch-raya/2019-04-07/
404,1,/event/sunday-a-la-carte-champagne-brunch-raya/2019-04-14/
404,1,/event/sunday-a-la-carte-champagne-brunch-raya/2019-04-21/
404,1,/event/sunday-a-la-carte-champagne-brunch-raya/2019-04-28/
404,1,/event/sunday-a-la-carte-champagne-brunch-raya/2019-06-16/
404,1,/event/sunday-a-la-carte-champagne-brunch-raya/2019-06-23/
404,1,/event/sunday-a-la-carte-champagne-brunch-raya/2019-06-30/
404,1,/event/sunday-a-la-carte-champagne-brunch-raya/2019-07-14/
404,1,/event/sunday-a-la-carte-champagne-brunch-raya/2019-07-21/
404,1,/event/sunday-a-la-carte-champagne-brunch-raya/2019-07-28/
404,1,/event/sunday-a-la-carte-champagne-brunch-raya/2019-08-04/
404,1,/event/sunday-a-la-carte-champagne-brunch-raya/2019-08-18/
404,1,/event/sunday-a-la-carte-champagne-brunch-raya/2019-09-01/
404,1,/event/sunday-a-la-carte-champagne-brunch-raya/2019-09-15/
404,1,/event/sunday-a-la-carte-champagne-brunch-raya/2019-09-22/
404,1,/event/sunday-a-la-carte-champagne-brunch-raya/2019-09-29/
404,1,/event/sunday-a-la-carte-champagne-brunch-raya/2019-10-13/
404,1,/event/sunday-a-la-carte-champagne-brunch-raya/2019-10-20/
404,1,/event/sunday-a-la-carte-champagne-brunch-raya/2019-11-10/
404,1,/event/sunday-a-la-carte-champagne-brunch-raya/2019-12-01/
404,1,/event/sunday-a-la-carte-champagne-brunch-raya/2019-12-08/
404,1,/event/sunday-a-la-carte-champagne-brunch-raya/2019-12-22/
404,1,/event/sunday-a-la-carte-champagne-brunch-raya/all/
404,1,/event/sunday-la-carte-champagne-brunch/
404,1,/event/sup-yoga-3/all/
404,1,/event/surfing-santa-contest/2021-11-20/
404,1,/event/symphony-on-the-go/
404,1,/event/taikun-holiday/
Taikun Holiday,1,/event/taikun-holiday/727/
404,1,/event/tall-ships-festival/
404,1,/event/tiny-tots-ocean-explorers/2025-07-14/
404,1,/event/tiny-tots-ocean-explorers/2025-09-11/
Trolley Art & History Tour 2026,1,/event/trolley-art-&-history-tour-2026/815/
404,1,/event/trolley-art-history-tour-3/2025-10-18/2/
404,1,/event/ukulele-lessons/2019-03-19/
404,1,/event/ukulele-lessons/2019-04-16/
404,1,/event/ukulele-lessons/2019-05-21/
404,1,/event/ukulele-lessons/2019-06-18/
404,1,/event/ukulele-lessons/2019-08-20/
404,1,/event/ukulele-lessons/2019-09-17/
404,1,/event/ukulele-lessons/2019-11-19/
404,1,/event/ukulele-lessons/2019-12-17/
404,1,/event/valentines-cruises-with-dana-wharf/
404,1,/event/valentines-day-brunch-and-whale-watching-safari/
Visit Dana Point Board of Directors Meeting - Visit Dana Point,1,/event/visit-dana-point-board-of-directors-meeting/2026-12-09/
Visit Dana Point Board of Directors Meeting,1,/event/visit-dana-point-board-of-directors-meeting/755/
404,1,/event/waldorf-astoria-endless-summer-soiree/
404,1,/event/weekend-brunch-aveo-table-bar/2019-03-02/
404,1,/event/weekend-brunch-aveo-table-bar/2019-03-03/
404,1,/event/weekend-brunch-aveo-table-bar/2019-03-09/
404,1,/event/weekend-brunch-aveo-table-bar/2019-03-10/
404,1,/event/weekend-brunch-aveo-table-bar/2019-03-16/
404,1,/event/weekend-brunch-aveo-table-bar/2019-03-17/
404,1,/event/weekend-brunch-aveo-table-bar/2019-03-24/
404,1,/event/weekend-brunch-aveo-table-bar/2019-03-31/
404,1,/event/weekend-brunch-aveo-table-bar/2019-04-13/
404,1,/event/weekend-brunch-aveo-table-bar/2019-04-14/
404,1,/event/weekend-brunch-aveo-table-bar/2019-05-04/
404,1,/event/weekend-brunch-aveo-table-bar/2019-05-19/
404,1,/event/weekend-brunch-aveo-table-bar/2019-05-26/
404,1,/event/weekend-brunch-aveo-table-bar/2019-06-08/
404,1,/event/weekend-brunch-aveo-table-bar/2019-06-09/
404,1,/event/weekend-brunch-aveo-table-bar/2019-06-15/
404,1,/event/weekend-brunch-aveo-table-bar/2019-06-16/
404,1,/event/weekend-brunch-aveo-table-bar/2019-06-22/
404,1,/event/weekend-brunch-aveo-table-bar/2019-06-23/
404,1,/event/weekend-brunch-aveo-table-bar/2019-06-29/
404,1,/event/weekend-brunch-aveo-table-bar/2019-06-30/
404,1,/event/weekend-brunch-aveo-table-bar/2019-07-06/
404,1,/event/weekend-brunch-aveo-table-bar/2019-07-13/
404,1,/event/weekend-brunch-aveo-table-bar/2019-07-14/
404,1,/event/weekend-brunch-aveo-table-bar/2019-07-20/
404,1,/event/weekend-brunch-aveo-table-bar/2019-08-03/
404,1,/event/weekend-brunch-aveo-table-bar/2019-08-10/
404,1,/event/weekend-brunch-aveo-table-bar/2019-08-17/
404,1,/event/weekend-brunch-aveo-table-bar/2019-08-31/
404,1,/event/weekend-brunch-aveo-table-bar/2019-09-08/
404,1,/event/weekend-brunch-aveo-table-bar/2019-09-14/
404,1,/event/weekend-brunch-aveo-table-bar/2019-09-15/
404,1,/event/weekend-brunch-aveo-table-bar/2019-09-28/
404,1,/event/weekend-brunch-aveo-table-bar/2019-10-12/
404,1,/event/weekend-brunch-aveo-table-bar/2019-10-20/
404,1,/event/weekend-brunch-aveo-table-bar/2019-10-26/
404,1,/event/weekend-brunch-aveo-table-bar/2019-11-24/
404,1,/event/whale-talk-walk/all/
Winter Festivities at Kids Club,1,/event/winter-festivities-at-kids-club/718/
404,1,/event/yappy-hour-the-ritz-carlton-laguna-niguel-3/
404,1,/event/yappy-hour-the-ritz-carlton-laguna-niguel-4/
404,1,/event/yappy-hour-the-ritz-carlton-laguna-niguel-5/
404,1,/event/yappy-hour-the-ritz-carlton-laguna-niguel-7/
404,1,/event/yappy-hour-the-ritz-carlton-laguna-niguel/
404,1,/events-in-dana-point
"Events from February 9, 2019 – March 2, 2019 – Visit Dana Point",1,/events/
达纳角活动 | 节日、现场音乐和海滨庆典,1,/events/
404,1,/events/ - low ai visbility (52%)/
404,1,/events/ city map/
404,1,/events/2023-07-11/
404,1,/events/2024-12-06/
404,1,/events/2024-12-24/
Annual Events,1,/events/annual-events/
404,1,/events/blog/celebrate-the-4th-of-july-in-dana-point/
404,1,/events/category/art-events/map/
404,1,/events/category/beach-events/2025-08/
404,1,/events/category/beach-events/2025-10/
404,1,/events/category/beach-events/day/2025-11-16/
404,1,/events/category/family-events/list/
404,1,/events/category/festivals/list/
404,1,/events/category/holiday-events/page/4/
404,1,/events/category/holiday-events/summary/
404,1,/events/category/movie/
404,1,/events/category/signature-events/map/
404,1,/events/category/signature-events/page/5/
404,1,/events/category/signature-events/summary/
404,1,/events/category/water-events/summary/
404,1,/events/list/page/15/
404,1,/events/list/page/16/
404,1,/events/list/page/19/
404,1,/events/list/page/4/
404,1,/events/list/page/5/
404,1,/events/list/page/6/
404,1,/events/list/page/7/
404,1,/events/month/2024-06/
404,1,/events/page/3/
404,1,/events/smoke-on-the-water/776:/
404,1,/events/summary/page/22/
404,1,/events/tag/33-north/
404,1,/events/tag/adventure-outdoors/list/
404,1,/events/tag/art/map/
404,1,/events/tag/beach-cleanup/map/
404,1,/events/tag/boat-parade-of-lights/summary/
404,1,/events/tag/california-wine-festival/map/
404,1,/events/tag/christmas/map/
404,1,/events/tag/christmas/summary/
404,1,/events/tag/city-of-dana-point/list/
404,1,/events/tag/coastal-retreat/2026-01/
404,1,/events/tag/coco-bloom-coffee/
404,1,/events/tag/community/list/
404,1,/events/tag/concert-at-doheny-state-beach/
404,1,/events/tag/concert/map/
404,1,/events/tag/concerts/map/
404,1,/events/tag/craft-market/
404,1,/events/tag/dana-point-festival-of-whales/
404,1,/events/tag/dana-point-festival-of-whales/summary/
404,1,/events/tag/dana-point-wine/list/
404,1,/events/tag/dana-point-wine/summary/
404,1,/events/tag/dana-wharf/
404,1,/events/tag/dining/
404,1,/events/tag/diwali/summary/
404,1,/events/tag/family-friendly/summary/
404,1,/events/tag/film-festival/month/
404,1,/events/tag/food/map/
404,1,/events/tag/food/month/
404,1,/events/tag/food/summary/
404,1,/events/tag/galentines-day/summary/
404,1,/events/tag/happy-hour/map/
404,1,/events/tag/history/
404,1,/events/tag/holiday-auction/
404,1,/events/tag/holiday/summary/
404,1,/events/tag/holidays/map/
404,1,/events/tag/holidays/summary/
404,1,/events/tag/kids/summary/
404,1,/events/tag/laguna-cliffs-marriott/2025-04/
404,1,/events/tag/laguna-cliffs-marriott/page/2/
404,1,/events/tag/light-display/summary/
404,1,/events/tag/makers-market/
404,1,/events/tag/makers-market/summary/
404,1,/events/tag/mission-in-lights/
404,1,/events/tag/monarch-pool/
404,1,/events/tag/music-in-the-park/
404,1,/events/tag/ohana-fest/
404,1,/events/tag/parade/2026-01/
404,1,/events/tag/santa-claus/map/
404,1,/events/tag/street-fair/
404,1,/events/tag/summer-concert-series/
404,1,/events/tag/the-ritz-carlton-laguna-niguel/list/
404,1,/events/tag/tree-lighting/map/
404,1,/events/tag/truffle-dinner/summary/
404,1,/events/tag/valentine/list/
404,1,/events/tag/valentines-day/map/
404,1,/events/tag/waldorf-astoria-monarch-beach-resort/day/2025-11-03/
404,1,/events/tag/waldorf-astoria-monarch-beach-resort/map/
404,1,/events/tag/whale-watch/list/
404,1,/events/tag/whale-watch/summary/
404,1,/events/tag/wine-festival/
404,1,/experience/best-year-round-whale-watching-dana-point-california/
404,1,/fakepage/
404,1,/family-travel-guide/
404,1,/feed/
404,1,/give/
404,1,/harbor-ocean-adventure/
Celebrate the Holidays in Dana Point,1,/holidays/blog/celebrate-holidays-dana-point/
404,1,/hotels
404,1,/hotels/dana-point-harbor-inn/
4th of July Fireworks,1,/includes/plugins/nav/preview_civs/
Best Things to Do in Dana Point | Top Attractions Guide,1,/includes/plugins/nav/preview_civs/
Calendar - Visit Dana Point,1,/includes/plugins/nav/preview_civs/
Collections,1,/includes/plugins/nav/preview_civs/
"Dana Point Festival of Whales: History, Parade & Guide",1,/includes/plugins/nav/preview_civs/
Dana Point Festivals | Coastal Events & Live Music Guide,1,/includes/plugins/nav/preview_civs/
Dana Point Wedding Venues | Visit Dana Point,1,/includes/plugins/nav/preview_civs/
Date Ideas in Dana Point CA | Date Night & Romantic Things,1,/includes/plugins/nav/preview_civs/
Get Out on The Water | Water Activities in Dana Point,1,/includes/plugins/nav/preview_civs/
Getting Around,1,/includes/plugins/nav/preview_civs/
Group Lodging,1,/includes/plugins/nav/preview_civs/
Harbor Parade of Lights,1,/includes/plugins/nav/preview_civs/
Itineraries,1,/includes/plugins/nav/preview_civs/
Lantern District,1,/includes/plugins/nav/preview_civs/
Local Resources,1,/includes/plugins/nav/preview_civs/
Luxury Travel in Dana Point CA | Luxury Resorts California,1,/includes/plugins/nav/preview_civs/
Maps & Parking,1,/includes/plugins/nav/preview_civs/
Mission San Juan Capistrano,1,/includes/plugins/nav/preview_civs/
Ohana Festival,1,/includes/plugins/nav/preview_civs/
Outdoor Adventure in Dana Point,1,/includes/plugins/nav/preview_civs/
Preview Slider,1,/includes/plugins/nav/preview_civs/
Sample resort meeting page,1,/includes/plugins/nav/preview_civs/
Services,1,/includes/plugins/nav/preview_civs/
Spas - Visit Dana Point,1,/includes/plugins/nav/preview_civs/
Thank You,1,/includes/plugins/nav/preview_civs/
Waldorf Astoria Monarch Beach Resort,1,/includes/plugins/nav/preview_civs/
Weather,1,/includes/plugins/nav/preview_civs/
Listing,1,/listing/33-north/3/
Listing,1,/listing/alohana-acai-bowls-&-coffee/368/
Listing,1,/listing/apizza-doho/288/
Club de Golf Arroyo Trabuco,1,/listing/arroyo-trabuco-golf-club/403/
Listing,1,/listing/artistic-volume-lashes-day-spa-&-boutique/289/
404,1,/listing/aveo-table-+-bar/552/
404,1,/listing/baby-beach/
Listing,1,/listing/beach-hut-deli/16/
Listing,1,/listing/bear-coast-coffee-prado-west/290/
404,1,/listing/bella-bazaar/206/
Listing,1,/listing/bella-terrace-nails-salon/217/
Listing,1,/listing/bonjour-cafe-&-bistro/23/
Listing,1,/listing/camellia-boutique/205/
Spiaggia di Capistrano,1,/listing/capistrano-beach/26/
Listing,1,/listing/clean-juice-dana-point/293/
404,1,/listing/coastal-explorer-usa/
404,1,/listing/coffee-importers/
Cohera,1,/listing/cohera/412/
Listing,1,/listing/dana-kai/333/
Listing,1,/listing/dana-point-bodycentre/214/
Área de conservación de Dana Point Headlands,1,/listing/dana-point-headlands-conservation-area/298/
Pesca esportiva e observação de baleias em Dana Wharf,1,/listing/dana-wharf-sportfishing-and-whale-watching/51/
Listing,1,/listing/dirty-dough-cookies/334/
Galerie Dana Bay,1,/listing/gallery-dana-bay/306/
Listing,1,/listing/gemmells-restaurant/307/
Listing,1,/listing/hennesseys-tavern/308/
Hilton Garden Inn Dana Point Doheny Beach,1,/listing/hilton-garden-inn-dana-point-doheny-beach/416/
Listing,1,/listing/hobie-surf-shop/67/
Listing,1,/listing/j-c-beans-coffee-house/198/
Listing,1,/listing/jacks-surfboards/72/
Listing,1,/listing/jean-jacques-mamie-fine-jewelry/73/
Listing,1,/listing/kamea-poke/227/
Listing,1,/listing/kawamanta-seafood/197/
404,1,/listing/killer-dana-surf-shop/
Listing,1,/listing/knotts-berry-farm/251/
Bord de la Lanterne,1,/listing/lanterns-edge/153/
Listing,1,/listing/le-petite-cafe/373/
Listing,1,/listing/lingerie-paradis-usa/314/
404,1,/listing/lucianas-ristorante/84/https://visitdanapoint.com/listing/hilton-garden-inn-dana-point-doheny-beach/54/
Listing,1,/listing/lÚa-eatery/341/
404,1,/listing/lÚa-eatery/341/https://visitdanapoint.com/listing/monarch-bay-beach-club/93/
Maison Cafe + Market,1,/listing/maison-cafe-+-market/168/
Outlets at San Clemente,1,/listing/outlets-at-san-clemente/242
Listing,1,/listing/part-&-parcel-market/102/
Listing,1,/listing/philz-coffee/346/
Prestige,1,/listing/prestige/411/
Google,1,/listing/salt-creek-beach/245/
Praia de Salt Creek,1,/listing/salt-creek-beach/245/
Listing,1,/listing/saltwater-beauty-bar/348/
Listing,1,/listing/seaworld-san-diego/252/
Listing,1,/listing/south-coast-plaza/241/
404,1,/listing/south-coast-plaza/241/]
Listing,1,/listing/spear-america/362/
Listing,1,/listing/station-craft-brewery-+-kitchen/322/
스트랜즈 비치,1,/listing/strands-beach/48/
Listing,1,/listing/studio-a-pilates-&-yoga/183/
Listing,1,/listing/stuft-pizza/130/
Listing,1,/listing/thai-body-works/213/
Listing,1,/listing/thai-dara/134/
Listing,1,/listing/the-dana-pool-cafe/353/
404,1,/listing/the-district-salon/
The Doggie Barkery,1,/listing/the-doggie-barkery/354/
404,1,/listing/the-rib-joint/329/
Listing,1,/listing/the-shwack-beach-grill/142/
Listing,1,/listing/unique-accents/212/
Listing,1,/listing/vida-organic-wellness/356/
Waldorf Astoria Monarch Beach Resort & Club,1,/listing/waldorf-astoria-monarch-beach-resort-&-club/364/
Waldorf Astoria Monarch Beach Resort & Club,1,/listing/waldorf-astoria-monarch-beach-resort-&-club/393/
Waldorf Astoria Monarch Beach Resort & Club,1,/listing/waldorf-astoria-monarch-beach-resort-&-club/96
White Rooster Cafe,1,/listing/white-rooster-cafe/335/
Restaurante Viento y Mar,1,/listing/wind-&-sea-restaurant/278/
404,1,/listing/wind-sea-restaurant/
404,1,/listing/youngs-beach-shack/
404,1,/listings/lanterns-edge/153/
404,1,/listings/the-beachfront-inn-&-suites/230/
404,1,/live-webcams/
404,1,/locations/
Dana Point Marina Inn,1,/lodging-hotels/dana-point-marina-inn/
"The Ritz-Carlton, Laguna Niguel",1,/lodging-hotels/the-ritz-carlton-laguna-niguel/
404,1,/lodging/dana-point-hotels-on-the-beach/places to stay/
404,1,/lodging/group-lodging/
Group Lodging,1,/lodging/group-lodging/
Google,1,/meet-the-team/
404,1,/meet-the-team/business-listing-request/footer navigation/
Members & Partners,1,/meet-the-team/member-partners/
Dana Point'te Toplantılar | Sahil Mekanları ve Grup Buluşmaları,1,/meetings/
404,1,/meetings/DoubleTree-Suites-by-Hilton-Doheny-Beach/
404,1,/meetings/Monarch-Beach-Resort/
404,1,/meetings/The-Ritz-Carlton-Laguna-Niguel/
404,1,/meetingtype/sj0x7mue7kyt0z-lefeyma2/
Mission San Juan Capistrano,1,/mission-san-juan-capistrano/
My Account,1,/my-account/login/
404,1,/neighborhoods/lantern-district/
Guia do Condado de Orange | Sul da Califórnia a partir de Dana Point,1,/orange-county-california/
404,1,/orange-county-california/&sa=u&ved=2ahukewirh87-0oukaxvc3tgghxgmgo8qfnoeca4qgw&usg=aovvaw3cx27udvnsaz0zq1mkvwyk/
404,1,/organizer/festival-of-whales/
404,1,/organizer/fish-for-life/
404,1,/organizer/hilton-garden-inn-dana-point/
404,1,/organizer/mermade-market/
404,1,/organizer/oc-parks/
404,1,/organizer/the-doggie-barkery-2/
404,1,/organizer/the-pop-up-shoppes/
404,1,/organizer/visit-dana-point/
404,1,/page/2/
404,1,/page/3/
404,1,/photos/
404,1,/places-to-stay/vacation-rentals/
(not set),1,/plan-your-visit/
Getting Around,1,/plan/getting-around/
Getting Here,1,/plan/getting-here/
404,1,/plan/https:/visitdanapoint.com/weddings/
Warum Dana Point besuchen? | Dana Point besuchen,1,/plan/why-dana-point/
gtm-msr,1,/render
aPizza Doho - Visit Dana Point,1,/restaurants-dining/apizza-doho/
Bruster's Ice Cream,1,/restaurants-dining/brusters-real-ice-cream/
Doheny Surf,1,/restaurants-dining/doheny-surf/
Doheny Surf - Visit Dana Point,1,/restaurants-dining/doheny-surf/
404,1,/restaurants-dining/eden-vegan/
404,1,/restaurants-dining/flippin-pizza/
404,1,/restaurants-dining/ichibiri/
Luna Grill - Visit Dana Point,1,/restaurants-dining/luna-grill/
404,1,/restaurants-dining/maki-yaki-sushi-bar/
Project Social - Visit Dana Point,1,/restaurants-dining/project-social/
404,1,/restaurants-dining/the-dana-pool-cafe/
The Habit Burger Grill - Visit Dana Point,1,/restaurants-dining/the-habit-burger-grill/
Young's Beach Shack - Visit Dana Point,1,/restaurants-dining/youngs-beach-shack/
Zen Sushi - Visit Dana Point,1,/restaurants-dining/zen-sushi/
404,1,/restaurants/ocean-view-restaurants/
Sample resort meeting page,1,/sample-resort-meeting-page/
404,1,/series/2024-boat-parade-of-lights/
404,1,/series/2025-festival-of-whales/
404,1,/series/california-uncorked-wine-dinners-bourbon-steak-orange-county/
404,1,/series/dana-point-boat-parade-of-lights/
404,1,/series/little-folk-club/
404,1,/series/mermade-market-4/
404,1,/series/orange-county-sunset-wine-cruise/
404,1,/series/santa-paws/embed/
404,1,/series/sharks-after-dark/
404,1,/series/soundtrack-to-summer/
404,1,/series/summer-concert-series-salt-creek-grille/
404,1,/series/valentines-day-at-waldorf-astorias-bourbon-steak/
404,1,/series/winter-festivities-at-kids-club/
Mapa del sitio,1,/sitemap/
404,1,/sitemap/xml/
404,1,/staff/
404,1,/sv=admin/
"Callout Tiles, 4 Across",1,/svtest/collections/callout-tiles-4-across/
Cards 4 Across,1,/svtest/collections/cards-4-across/
Editorial Gallery,1,/svtest/collections/editorial-gallery/
Shell,1,/svtest/shell/
Dynamic Content,1,/svtest/widgets-and-panels/dynamic-content/
Intro Panel,1,/svtest/widgets-and-panels/intro-panel/
Social Panel,1,/svtest/widgets-and-panels/social-panel/
Standard Panels,1,/svtest/widgets-and-panels/standard-panels/
404,1,/tag/aveo-table-bar/
404,1,/tag/beach-cleanup/
404,1,/tag/beach-cleanup/page/2/
404,1,/tag/boat-parade/
404,1,/tag/boat-rides-with-santa/
404,1,/tag/bocce-ball/
404,1,/tag/breakfast-with-santa/
404,1,/tag/celebrate/
404,1,/tag/chef-dinner/
404,1,/tag/christmas/page/2/
404,1,/tag/city-of-dana-point/page/3/
404,1,/tag/craft-fair/
404,1,/tag/creative-communal/
404,1,/tag/dana-point-boat-parade/
404,1,/tag/dana-point/page/12/
404,1,/tag/dana-point/page/7/
404,1,/tag/dana-west-yacht-club/
404,1,/tag/dana-wharf/page/2/
404,1,/tag/diwali-mela/
404,1,/tag/doheny-state-beach/
404,1,/tag/easter-brunch/
404,1,/tag/family-event/
404,1,/tag/family-friendly/
404,1,/tag/family-friendly/page/2/
404,1,/tag/family-friendly/page/3/
404,1,/tag/family-friendly/page/4/
404,1,/tag/farmers-market/
404,1,/tag/fathers-day/
404,1,/tag/festival/
404,1,/tag/founders-day-event/
404,1,/tag/free/
404,1,/tag/history/
404,1,/tag/holiday-photos/
404,1,/tag/holiday-tree-lighting/
404,1,/tag/kids/
404,1,/tag/laguna-cliffs-marriott/page/2/
404,1,/tag/live-music/page/2/
404,1,/tag/movies-in-the-park/
404,1,/tag/new-years-eve/
404,1,/tag/ocean-institute/
404,1,/tag/ocean-institute/page/2/
404,1,/tag/ohana-festival/
404,1,/tag/oktoberfest/
404,1,/tag/organic-market/
404,1,/tag/sailing/
404,1,/tag/santa-paws/
404,1,/tag/seaside-sessions/
404,1,/tag/sharks-after-dark/
404,1,/tag/shop/
404,1,/tag/summer-concert/
404,1,/tag/summer/page/2/
404,1,/tag/sunset-wine-cruise/
404,1,/tag/surf-competition/
404,1,/tag/surf-swap/
404,1,/tag/surfboards/feed/
404,1,/tag/surfing/
404,1,/tag/sustainability/
404,1,/tag/symphony-on-the-go/
404,1,/tag/thanksgiving/
404,1,/tag/the-ritz-carlton-laguna-niguel/
404,1,/tag/the-ritz-carlton/page/2/
404,1,/tag/trolley-hop/
404,1,/tag/trunk-or-treat/
404,1,/tag/turkey-trot/
404,1,/tag/us-coast-guard-ship/
404,1,/tag/vintage-market/
404,1,/tag/visit-dana-point/
404,1,/tag/wellness/
404,1,/tag/whale-watch/
404,1,/tag/wine-fest/
404,1,/terms-of-use/
Que faire à Dana Point ? | Explorez Dana Point,1,/things-to-do/
404,1,/things-to-do/antoines-cafe/
Art et musées du comté d'Orange | Visitez Dana Point,1,/things-to-do/arts-culture/
404,1,/things-to-do/attractions/
404,1,/things-to-do/aventura-island-bar-grill/
404,1,/things-to-do/avilas-el-ranchito/
404,1,/things-to-do/family-fun/
Family-Friendly Things to Do in Dana Point,1,/things-to-do/family-fun/
404,1,/things-to-do/golfing/
404,1,/things-to-do/harbor-ocean-ad/
Passeios de barco e pesca - Visite Dana Point,1,/things-to-do/harbor-ocean-adventure/boating-fishing/
"Лучшее место для наблюдения за китами круглый год | Дана-Пойнт, Калифорния",1,/things-to-do/harbor-ocean-adventure/dana-point-whale-watching/
全年最佳观鲸地点 | 加利福尼亚州达纳角,1,/things-to-do/harbor-ocean-adventure/dana-point-whale-watching/
404,1,/things-to-do/harbor-ocean-adventure/dana-point-whale-watching/https://www.visittheusa.com/
404,1,/things-to-do/harbor-ocean-adventure/things to doofficial sitemap/
404,1,/things-to-do/harbor-ocean-adventure/whale-watching/
404,1,/things-to-do/kayaking-paddleboarding/
当地景点 - 游览达纳角,1,/things-to-do/local-attractions/
404,1,/things-to-do/local-attractions/https:/visitdanapoint.com/things-to-do/onshore-activities/golfing/
404,1,/things-to-do/nature-interpretive-center/
404,1,/things-to-do/onshore-activities/outdoor-recreation/ things to/
404,1,/things-to-do/outdoor-activities/hiking-trails/
404,1,/things-to-do/outdoor-recreation/ (refresh)/
404,1,/things-to-do/outdoors/
404,1,/things-to-do/parks-outdoors/dana-point-headlands-conservation-area/
404,1,/things-to-do/salt-creek-trail/
404,1,/things-to-do/the-bungalow-restaurant/
404,1,/things-to-do/things-to-do/
404,1,/things-to-do/vue-restaurant/
404,1,/venue/dana-marina-plaza/
404,1,/venue/dana-point-harbor-island/
404,1,/venue/dana-point-yacht-club/
404,1,/venue/dana-woods-park/
404,1,/venue/hobie-surf-shop/
404,1,/venue/pines-park/
404,1,/venue/sunset-park/
404,1,/visitorsguide/
404,1,/weddings/https://visitdanapoint.com/things-to-do/harbor-ocean-adventure/dana-point-surfing/
404,1,/what-to-do/
Artistic Volume Lashes Day Spa & Boutique - Visit Dana Point,1,/what-to-do/artistic-volume-lashes-day-spa-boutique/
404,1,/what-to-do/artistry-salon/
Capistrano Beach,1,/what-to-do/capistrano-beach/
Club Pilates - Visit Dana Point,1,/what-to-do/club-pilates/
Dana Point Bodycentre - Visit Dana Point,1,/what-to-do/dana-point-bodycentre/
404,1,/what-to-do/dana-point-jeweler/
Strands Beach,1,/what-to-do/dana-strand-beach/
404,1,/what-to-do/disneyland/
404,1,/what-to-do/doheny-state-beach/http/
404,1,/what-to-do/english-rose-beauty-studio/
404,1,/what-to-do/gift-chateau/
Dana Point Nature Interpretive Center - Visit Dana Point,1,/what-to-do/headlands-conservation-area-trail-system/
Headlands Conservation Area - Visit Dana Point,1,/what-to-do/headlands-conservation-area/
Hop On Safari,1,/what-to-do/hop-on-safari/
Killer Dana Surf Shop,1,/what-to-do/killer-dana/
Lantern Bay Park,1,/what-to-do/lantern-bay-park/
Lantern Bay Park - Visit Dana Point,1,/what-to-do/lantern-bay-park/
404,1,/what-to-do/livemetta-pilates-yoga/
LiveMetta Pilates and Yoga - Visit Dana Point,1,/what-to-do/livemetta-pilates-yoga/
Louise Leyden Park,1,/what-to-do/louise-leyden-park/
404,1,/what-to-do/royal-thai-healing-center/
Listing,1,/what-to-do/salt-creek-beach/
Salt Creek Trail - Visit Dana Point,1,/what-to-do/salt-creek-trail/
Sea Terrace Park - Visit Dana Point,1,/what-to-do/sea-terrace-park/
Studio A Pilates & Yoga - Visit Dana Point,1,/what-to-do/studio-a-pilates-yoga/
Thai Body Works - Visit Dana Point,1,/what-to-do/thai-body-works/
The Captain's Chair - Visit Dana Point,1,/what-to-do/the-captains-chair/
404,1,/what-to-do/thousand-steps-beach/
Vintage Yacht Club - Visit Dana Point,1,/what-to-do/vintage-yacht-club/
Waldorf Astoria Spa - Visit Dana Point,1,/what-to-do/waldorf-astoria-spa/
Waterman's Plaza - Visit Dana Point,1,/what-to-do/watermans-plaza/
Westwind Sailing - Visit Dana Point,1,/what-to-do/westwind-sailing/
Wheel Fun Rentals Bike & Beach Rentals - Visit Dana Point,1,/what-to-do/wheel-fun-rentals/
White Lotus Day Spa - Visit Dana Point,1,/what-to-do/white-lotus-day-spa/
404,1,/what-to-do/wildflower-flowers-gifts/
Wildflower Flowers + Gifts - Visit Dana Point,1,/what-to-do/wildflower-flowers-gifts/
Woody Hut - Visit Dana Point,1,/what-to-do/woody-hut/
404,1,/what-to-do/yogasix-dana-point/
YogaSix Dana Point - Visit Dana Point,1,/what-to-do/yogasix-dana-point/
404,1,/why-dana-point/http/
404,1,/wp-json/tribe/events/v1/events/
404,1,/wp-json/tribe/events/v1/events/10008725/
404,1,/wp-json/tribe/events/v1/events/10008786/
404,1,/wp-json/tribe/events/v1/events/18728/
404,1,/wp-json/tribe/events/v1/events/18793/
404,1,/wp-json/tribe/events/v1/events/20323/
404,1,/wp-json/wp/v2/pages/5526/
404,1,/wp-json/wp/v2/posts/4582/
404,1,/wp-json/wp/v2/tags/334/
404,1,/wp-json/wp/v2/tags/410/
404,1,/wp-json/wp/v2/tribe_events/10002330/
404,1,/wp-json/wp/v2/tribe_events/10004945/
404,1,/wp-json/wp/v2/tribe_events/10006479/
404,1,/wp-json/wp/v2/tribe_events/10007997/
404,1,/wp-json/wp/v2/tribe_events/10009135/
404,1,/wp-json/wp/v2/tribe_events/20167/
404,1,/wp-json/wp/v2/tribe_organizer/16739/
404,1,/wp-json/wp/v2/tribe_organizer/17145/
404,1,/wp-json/wp/v2/tribe_organizer/8433/
404,1,/wp-json/wp/v2/types/