Zip Code,Spend Share
75229,0.0009916716381952063
89074,0.001208812411109959
83646,0.002488093675206795
13045,0.000004126339048825704
84102,0.0008888114458146443
78578,0.000011769815607508374
59047,0.00012795729955666625
24501,0.000020887251101417062
30076,0.00012335823650481503
91340,0.00009289867212650708
86326,0.0004821205976997283
23462,0.000010144165459023003
34223,0.000049398997258530845
91104,0.0010698008904578783
85254,0.0024656746327830752
55901,0.00010620217426325237
37938,0.0000020620536619493986
79106,0.000030262964835302425
77346,0.0003179623479277172
95351,0.000016024658112530337
80113,0.0004905756702115205
83402,0.00002276836180076673
53216,0.000004144016851969547
90016,0.00024277144087517932
78633,0.00004372435591580965
94925,0.00015102349901694302
55305,0.00004671875462678689
96722,0.00020332055901155585
34105,0.0008146033337001021
18902,0.0000716726163393532
88240,0.00013378292426244302
64118,0.0000988129578538404
30350,0.00008191872386233049
95380,0.00010200615835785627
84403,0.001731172237159519
32174,0.00016334000281150672
78751,0.00006797965793795295
87112,0.00004865450363542881
93465,0.00011314709000208252
93924,0.00020637944287094009
94506,0.0013967277269185173
87571,0.00014134528814849874
50309,0.000026680444554306502
84060,0.0003384803140190305
93109,0.00019220969061363016
75244,0.001399799246307863
95650,0.0003536452337119571
30680,0.000021280089957560924
46814,0.00014210508121009942
91405,0.0005670313177131098
98101,0.0005251067811502035
92114,0.0003276945907894802
30114,0.00026918963953265104
18020,0.000008550962149618588
85755,0.00015209858599246216
98059,0.00026937105205155916
60051,0.00002428326720597508
34219,0.000023960152944881523
02740,0.000013378827432115712
55116,0.00004488358658227327
33913,0.00032681032018636643
91913,0.000893259415105897
08755,0.000026196607707599915
95020,0.00022552891265015634
94132,0.00008908178596803799
89141,0.0015427996509753013
28277,0.00005023648250538906
21773,0.00002773941139204157
17325,0.00001720842361707515
80904,0.00016556723591635642
87301,0.000030923317377212004
84037,0.0005551039660356948
55102,0.00031026817885482775
60045,0.0002213399770025194
06840,0.00007520904122811645
33446,0.0000839608646451324
85131,0.0001021707618826735
37187,0.000002905115079823458
85716,0.00005825008899011451
04102,0.000030354222811963098
84604,0.001333490236845123
76131,0.00008448741169553552
97210,0.0002640419908983911
17331,0.00001372577621532799
98607,0.0002703736267097783
91303,0.0002541240417984288
85053,0.0002454235167466123
98020,0.0003935518963652047
11222,0.0002829982608243986
70605,0.0001067818124047626
15650,0.000010893803588908278
55060,0.000008274684856165557
89138,0.002809021624939525
22314,0.0012833008671925934
76053,0.00004107989465461324
94044,0.0002150647008598036
03103,0.000018005867151886827
83605,0.00011917919564887975
90211,0.0009492100948441693
32211,0.000009170494806766998
40391,0.0000036560423544843397
94528,0.0000430974211132633
79762,0.000021153735520281022
98264,0.00008645474028848791
60805,0.000023451788813260922
60544,0.00001803765835787486
55403,0.0001751346418239822
98902,0.0001943386135163906
45750,0.0000027888271366911828
85041,0.0000849189653453351
98032,0.000053119968354246064
58104,0.000028355267819581523
60189,0.00002094757441813282
91311,0.0011947576594811286
91978,0.00011643936450257506
37763,0.000020586913421170775
15642,0.00004491404098311871
22209,0.0003359199538174702
80209,0.0009565405691414348
80521,0.00012683661256624048
17241,0.000009485716887381885
21030,0.00015840397202884852
35124,0.0002039543379914556
97124,0.0000699574884112417
97703,0.0008509411930597786
83274,0.000025270463983176018
03833,0.000041041560603986995
75080,0.00021318892797797062
67212,0.000028766767905254828
85205,0.0011167485590574035
33772,0.0009188691926245464
73142,0.000028278140588336118
15221,0.000017560655869961942
99206,0.0001525530111146344
78028,0.00011525552006822467
80020,0.00028781385721386157
83316,0.00001085712427486609
68022,0.000054429860017056786
85268,0.0003774311003655487
92301,0.0002208959673722984
27540,0.00022112008647529795
85367,0.00008195153002786478
12508,0.000015772644492244015
91915,0.0006584741365129145
08753,0.00007245645377671439
55110,0.00013950824837957764
37601,0.000038802824032264806
95129,0.0003200075924226578
37129,0.00035672728168212114
85704,0.0002693987358799408
94087,0.00016493490394118166
89048,0.0001428684922921872
89147,0.0007333831985317983
80443,0.0002813985257006797
94134,0.00008085113489305056
97202,0.0007836026297771771
37221,0.000570537103639795
60477,0.000053321395660196805
55317,0.00011483824639464382
85297,0.00033974784775104146
30342,0.00007383313573404498
92342,0.0003219655633439915
98258,0.00026135993323187005
90069,0.001281046906782364
53122,0.000015682095070882194
19608,0.00006124017267803966
80227,0.00008913119386659046
89104,0.00008238697848579148
90291,0.000888570787825537
06811,0.00002015982457304327
95642,0.000021837785855326825
20003,0.0002037265559941943
60014,0.000026428720080268093
92106,0.0016995834294152563
85747,0.0004015920903865546
85648,0.0000786983463323389
30009,0.000021957695194711835
94015,0.00018230671425109262
97504,0.0003994592744617352
89169,0.00015813295766524025
17202,0.000020479323375112595
75287,0.0002549213504116248
84737,0.000298599333905156
87401,0.000017989222873314232
13057,0.000012041288555038617
95693,0.00012123885038395286
91352,0.00042717919043791335
30064,0.00011115384163603915
92064,0.0015192260299901228
01810,0.0009539477810606074
95008,0.0003856766101477584
15601,0.00014928651900048104
34231,0.00004470502669279827
92407,0.0012713651596071602
95825,0.00013897415763096139
92220,0.0010712175605983002
77573,0.0000834796575539501
60515,0.00019243478627160006
77354,0.00011524083683146052
53590,0.00003351816857968343
83338,0.000025506978552182714
94579,0.00003668746486049955
97068,0.0003420652517219435
22101,0.0005016949960597567
78621,0.00006082515165624189
90004,0.0015004662615705185
78109,0.000023910865991744267
53204,0.000007357134898071602
78006,0.000244999358862468
94960,0.0007771316074437988
78676,0.000160285093286258
68154,0.0006853763002572023
75028,0.0002336895058593279
57006,0.000004435751559490065
17011,0.000023490959061110043
55405,0.0001239869806641573
20814,0.00007982480506619737
55391,0.0007116992336650735
92277,0.00025977543280192837
55066,0.00026511663916036626
95678,0.0006231389042890382
98026,0.000040468952040534345
30033,0.000032359674548566106
52722,0.00001288447365841793
50321,0.0000037909853885056424
93706,0.000011140160297422857
89031,0.00037419145222146975
28208,0.0000606798684134598
11249,0.00021414885923777755
85710,0.00020610901396361502
86426,0.0007005731594896308
11561,0.000015736190952929633
98144,0.00010764808272696681
91901,0.0003863747606209298
95032,0.0012734358223222713
77025,0.00004771766361815399
08648,0.00008426137504853075
55104,0.00017800780389420255
94707,0.00015574439615393776
76137,0.00008867984791489778
75201,0.002347647630736508
35216,0.00004045625531640142
94608,0.00012000877304504843
80916,0.00009835354883150157
84025,0.0003169520661074379
78133,0.00001416351082416718
83864,0.0002758179355417688
93420,0.00032590564641950373
99212,0.0001649011131144135
93308,0.0003442250075601163
92315,0.0007193380344643485
73034,0.00009432424178344823
52404,0.00001944526749708758
85373,0.000034430501139065054
91604,0.001776554480883981
95451,0.00001832918995839045
55340,0.00007748532843770364
92284,0.0013424062578998338
60402,0.00001796433091897562
91001,0.002507123055450264
37932,0.00000834015087022154
85351,0.0002213899241778498
99518,0.0000038654727625923595
93402,0.000470320341482214
78736,0.0005075438795300171
89512,0.00002810921386525029
80016,0.0003509582272261631
94561,0.00012369087644203714
80631,0.00012039557607486805
49424,0.00006480859031095044
97070,0.00028404458086339255
75067,0.00003583042814768654
32258,0.000005945385669774896
84108,0.0010521579349737327
78572,0.00001713985953888828
94102,0.0002630247750254307
77007,0.0020827882289556738
95010,0.0001629377866859692
60646,0.0001679943745610006
55126,0.00008443300808077396
34229,0.00003750215037474314
92173,0.00021170361343896078
86404,0.001044762590798822
47803,0.000006085400435964761
32953,0.000030278955469249984
53089,0.000014755501619050915
53186,0.000011259945140399186
93103,0.0007711072132553003
99019,0.00012224428854669276
19610,0.0002990974006726768
11206,0.000300343636456269
98004,0.0007122019577939511
02186,0.00006000923057511574
60103,0.000017840384667279134
55044,0.00013022803271164681
37172,0.00005334657992937508
85233,0.0003142191622762395
46033,0.00015760731409770245
12553,0.00002852822991001378
98926,0.00008444781294465156
29073,0.000013106612103082475
55427,0.00003880866802687241
95336,0.0002612933852206845
49546,0.00008723107614921908
94403,0.0008031820757024134
17033,0.000005606147620830151
90071,0.00014991077214688778
93560,0.0002016649605308739
07039,0.0002949336998118253
19454,0.00003713213890744073
84321,0.00011080351770791884
53559,0.000032712224163285944
12118,0.000012740339445365726
60098,0.000010049912162932206
95672,0.000032538105212103616
37055,0.000023261837745537346
55744,0.000008908782345818337
89134,0.0037942866662579286
83706,0.00046069746067935207
84042,0.00029990133713950564
97035,0.0033991159164804808
94303,0.0003668146036043037
93906,0.00004775100751468284
40165,0.00006645610158908639
57103,0.00006692577951222781
54235,0.000008145389801638929
94598,0.0001507749708580424
78154,0.000013023592660819071
32771,0.00007133940488236384
66211,0.00025318929101108737
92372,0.00006538812021870769
98801,0.00003618617067277647
23669,0.00002708617352119069
95436,0.000037980657350324814
60447,0.00006126561752377046
37211,0.00008195735572860707
72023,0.000036319596975418666
90034,0.00108712650498851
32034,0.0001606126598557416
94549,0.0009466595971600309
11793,0.000042574743434110635
29036,0.000012663317182618776
60525,0.00005981978240038831
60302,0.00004281351935050261
92210,0.0023406884454895424
85379,0.0002056541041760515
79124,0.00011182525786118598
29455,0.000029378488669807963
91362,0.005094633249695715
27615,0.0003539249753608056
85032,0.00036457744915687336
58078,0.000018368497324025434
80813,0.00002729438279830152
84093,0.00030607526136575136
94602,0.0005707716627266528
94025,0.0013429689618226447
94019,0.00036939661696577255
94116,0.0006859072749019094
80920,0.00048359087382086267
30068,0.000042750059132123056
29928,0.00007787436168257261
85629,0.00013670559762897868
23832,0.000007601654274910658
02143,0.0000573054844944797
98239,0.000028845614008541045
95926,0.0015495504972794258
79118,0.00006279411088344547
85345,0.00019001629994144282
95829,0.0011233843021195868
82401,0.000002248097567365858
95240,0.0001309722123518574
95467,0.000012758468514032534
55376,0.00010232019332235337
80002,0.00013890719427667707
89506,0.00006517177828157889
99224,0.000027189223867592897
90008,0.0005461946103981003
53208,0.000017236763011061325
08558,0.0005003424200133982
55433,0.00008631407460939752
51041,0.000018352918906971358
77389,0.00008583898090787638
92241,0.000051356377263144675
73160,0.00001981805379183493
78640,0.00006888626596206821
32065,0.000007599338844062502
90065,0.0008196480241544341
84335,0.00007214017556131372
94518,0.00015426242893366388
76227,0.00041668817593200103
32221,0.0000015564658412875335
93117,0.0004807939767284936
93730,0.00043967803409357257
80503,0.0009701088015222544
76063,0.0002026057279307713
89108,0.001088923971114573
23236,0.00003260448976448296
37069,0.00038257740226609884
02021,0.000014304368672483852
58701,0.000015222873445299351
30005,0.00031100372897451727
89521,0.00034081635630276157
68128,0.00031094294102353636
94552,0.00008678986830502963
22602,0.000016534084017440118
80602,0.00013971579937996538
32707,0.0000502763207031267
10001,0.0009551922332944228
99203,0.00003354914173892446
78705,0.000037755079807861044
71201,0.00005600599197586234
73025,0.000033388793728663456
95901,0.00001734435286343912
98311,0.000016341218289076862
51104,0.000015290953662111006
60431,0.000004989340043570087
95368,0.000023926327508705713
73099,0.00008012011755530517
11570,0.00006060648324428893
85029,0.00008618348469292201
98155,0.00006218179177003921
95023,0.00029859895583035504
91910,0.0005303497393553575
37604,0.000007144389465466693
79912,0.0003116694770650564
94619,0.00013902203392724644
89142,0.00021712914237810699
76126,0.0006919472116102875
94131,0.0006259798220100136
84088,0.00011096069625557364
80907,0.00024450477138234845
66604,0.000035019519545029446
38556,0.0000018880010546434797
60618,0.00024120055202367784
55077,0.00010214595618936123
85044,0.000609549789207189
30022,0.00037427530335747334
84059,0.0003036986735073793
93618,0.000015485159066571873
97365,0.00010646308677868238
32960,0.0002676123431457587
80524,0.0004406814984792384
80303,0.0010274133858239423
90042,0.0005070628010014282
94583,0.00022016966522741692
14850,0.000033696755321209906
75039,0.0001331579873264733
55414,0.00001941842445524926
98273,0.000017846252591952486
80011,0.000027798512165265433
94566,0.0008591558594509796
49423,0.000020677475776744176
54911,0.000009510380039326184
94928,0.00012081221395909963
93405,0.00007974281995418969
78731,0.00036140380647440163
85259,0.0018509125732988979
98502,0.00003945811459719723
24060,0.000014998700907887957
88220,0.00006497004580774757
98296,0.00007116376543466606
86403,0.000536969345255818
60169,0.000019840171990271115
95630,0.002050564514506511
95118,0.0003541386553457973
94105,0.00016913317555330504
50266,0.00022821344516317152
53150,0.00011371725885390151
93066,0.000053630734831169376
99654,0.00010868500143749522
23225,0.00008811633907997839
34243,0.00002574806766112368
92119,0.0003971695025357505
48183,0.00012212762571818327
98003,0.00006555356109928429
11201,0.0008961151350877366
33408,0.00008754716666518807
91320,0.0011133418697523237
70001,0.0000729862013593365
90232,0.0018157080343866056
78230,0.000050288820789792216
93723,0.00005266747323695333
80238,0.00034248597460125307
89014,0.0006918095051087177
68512,0.0000023220016290076515
83001,0.0004937601132255008
94945,0.000217611620220699
26501,0.000003993988293037539
94404,0.00041465984622735094
85387,0.00020209128820629498
34108,0.0002096340264264837
55420,0.000009319198220405384
85234,0.0004641740983229748
96793,0.00004962905713278982
77840,0.000055932598083562404
92252,0.000054483393030471605
30252,0.000011320234637772861
99611,0.000002965306097150139
93023,0.0003995625001270983
78218,0.000009906876236085481
84045,0.0002289298630631286
21701,0.00004324528045523673
28205,0.000089727195863099
80538,0.00008630097039466856
80210,0.00019471049576954403
38866,0.000007206239999903231
77662,0.000009259806755289442
29483,0.00010319696038175277
33308,0.0008553394756461201
12010,0.00004077256548357886
92131,0.0016093577311154256
91207,0.000563895149665355
55408,0.00003401546589728181
96707,0.00006707774353867225
30813,0.00007253736475845979
60440,0.000016663141369595673
08822,0.0001698244532643164
72761,0.000032723297953043685
66216,0.000011037247123674867
75025,0.00026149433600406634
93901,0.0003324780197130939
94523,0.00036779692802484234
57104,0.00003956742200267077
05478,0.00003992761830114793
60491,0.00003609191998331373
06066,0.00003825463037192781
20874,0.000011680544895469603
74055,0.000008587479424303723
08226,0.00013394892505870547
19382,0.0004772378351074751
07753,0.00016646706045741452
31522,0.00003870342035538758
21044,0.00006732533058996249
84094,0.00014980406705661419
94605,0.0005031334973918497
94022,0.0019765453111536776
98661,0.00007525833517555891
27612,0.00014607852383121195
86303,0.0005610870394750911
85035,0.000006959627802114573
95130,0.00010273011778019273
55109,0.00004135215337405302
95618,0.000472186131876808
90026,0.0009876705790722283
19403,0.000074244280428604
53226,0.000010463602322858864
80123,0.00021284540390463034
95361,0.0007116510078655826
33134,0.0003494916446483622
95125,0.0006483873844926687
02062,0.000021635839182883955
98053,0.000474684019001781
85020,0.00055922247256593
98674,0.00008991405251059676
33458,0.0009217237542945293
68803,0.000006700992559070497
99669,0.000007874975022226861
22801,0.000029435096679074084
78260,0.00005585426875530753
89044,0.0011486335497845625
97301,0.0019914872895798286
84081,0.00022078665333127647
75219,0.003603769055934821
97526,0.00009037796030716283
94610,0.000349181153698133
96817,0.0001449716622745793
92124,0.0009082817715221208
60185,0.000029135617401490194
85142,0.0016750158506988865
60611,0.00039580941318521955
30097,0.0002737956140652824
95148,0.00005358363691938568
95660,0.00002123781436601542
37660,0.00002902917028005991
89029,0.00013193432036437845
80205,0.00010893601352499402
89701,0.00004673528807176642
78599,0.000011934814951655807
40514,0.000019713279063502337
28210,0.0002671621625814737
83714,0.0010207334597338118
93611,0.0005620373569303392
22963,0.0001810655968039844
93036,0.00045181573231898567
94536,0.00020303716758962283
99901,0.0000401718930513968
10065,0.00008021407998070926
93455,0.0008774484633010154
87122,0.00001975683807485998
53563,0.000005535133481797471
95965,0.00001862028628082217
85209,0.00022037178066247067
85306,0.0006086457816507123
60455,0.000021074376991564693
12828,0.00001592659710069799
37203,0.0031123803924479367
95203,0.000021628779309521805
34135,0.0006024635841439495
02563,0.00005374528253096652
56003,0.00003962874205383357
30909,0.00005094114874719349
77433,0.00030796921288993735
96712,0.00022203055728555756
85034,0.000054203976025743594
27613,0.00009554528384100065
37082,0.00026169665371286396
91364,0.0009924773346482402
30052,0.000060674809385172
60140,0.000006278120263688861
55108,0.00006312876906963517
95131,0.000143144603517099
76034,0.0006844191718674438
40245,0.00008486929233133658
22554,0.000028219763074865335
54115,0.00003388177507911431
28269,0.00004688491254278068
84095,0.0011601100176485736
84701,0.00014100279667766762
68135,0.00004584332276398824
17070,0.000010065992649214775
83201,0.00004324522275978197
90032,0.0003953854165306051
93304,0.0001144735625666164
94901,0.0005385262647117419
30319,0.00038271747007156205
64151,0.00005514601889934663
98203,0.00004655972567893827
60490,0.000008530001184324509
79705,0.000028725812915422524
60523,0.0003526029103862845
75098,0.0001553854944589665
49829,0.000010534884565882959
17112,0.000008614059408915696
75024,0.0011634009002823487
15239,0.000044947338145321234
60441,0.00001869680229949351
96706,0.0002809811106025339
81147,0.00004329853811219111
92374,0.0015508638984614738
91042,0.0003956065775777669
46112,0.000031636393025602935
27312,0.001058534380924219
98199,0.00035444272619002224
60605,0.0000069279057553822795
81303,0.00003298687361839649
60022,0.00009071815398880975
91206,0.001204896743682745
79423,0.000024648288299603187
98125,0.0001068138204079289
60191,0.000013508029514998943
89081,0.00019446214408303097
84663,0.00036473534785457656
59101,0.00007886182018803911
93022,0.00006593276434291068
83127,0.00007194870160178558
80211,0.00020038585567723238
54650,0.000039917126560376305
94804,0.00010659987612577013
19335,0.00007596779934311091
32137,0.00005122156043913876
90038,0.0002766663679274735
10016,0.00039292243159470765
28027,0.0003469599624286279
22032,0.00006233786148871046
94545,0.000027227711664050483
96761,0.00013159316167097424
23608,0.00002788834011612852
23120,0.000026557288167992527
60201,0.00023321192617329844
91602,0.0008905973485903207
33602,0.0002378013276263524
95819,0.0003389475350484667
85375,0.000457298324696555
52402,0.00008696694376462246
80129,0.0001540070567520446
80601,0.00003630041450374099
94551,0.0010802372078079262
80026,0.0001720219346127787
10002,0.0000838116295214242
85361,0.0000208761677356122
23188,0.00008387936887380757
30307,0.000040825961861499645
92307,0.00250256838522808
55987,0.00005363478379262578
55352,0.00002956003348807333
29609,0.000038540847424333356
94580,0.0000988605845312534
49837,0.0000025901168092982702
93550,0.0002857181584946061
90041,0.0004912415851982137
78664,0.00009727972830187158
71360,0.000007929458884982703
66209,0.000017700385963449335
61265,0.000047038030853087554
83455,0.000053122005043724
55417,0.00004795350507705835
56721,0.000024788001768207038
18938,0.00003235014541560642
95521,0.0002300413620852408
95209,0.0002512542330421485
37209,0.00025923302474500557
98270,0.00007651751130033719
95492,0.000035205541831362186
85203,0.00015690826220605435
81435,0.00039793594804257265
95765,0.0007579707912839132
33483,0.00027284584194005144
11385,0.0001127383711569026
60133,0.00001993336008085667
58102,0.000007365906486114752
92021,0.000486400219965745
33317,0.0003638127109186415
98034,0.00023720092192737666
53005,0.000025138914307562978
04074,0.000023808232395391613
99701,0.0000061149082850429285
32205,0.00002076316243321006
32963,0.00040269605319725706
60655,0.00009356752492212079
06877,0.000008272109380556145
95003,0.0008347067914884338
79932,0.00006074192874982866
95624,0.0005541220223449846
85009,0.000032434913097250264
53144,0.000022653199543872296
84014,0.000027608719745532404
87505,0.00013546707936096044
78249,0.00004832083338437104
80241,0.00008125336131488056
94111,0.00040875957437442733
75230,0.0003416778455258629
97227,0.000905341477311143
84780,0.00043580193577620044
10021,0.00011849108986840594
99223,0.00009059784813757204
53527,0.000025123568286451076
07047,0.00007528088987642743
80005,0.00004930257838181575
89501,0.0006844749672802114
83333,0.00009509300752068804
75074,0.00008491670913203953
68007,0.000010572740840579938
93950,0.00038628246954641726
60411,0.000021518295690309904
95247,0.000018134646938748
48302,0.00034324386209202214
95348,0.00003018254987071911
95460,0.0003335652430579199
98282,0.000028652915950636643
30324,0.000053672461567885215
98516,0.00018745586639602862
12205,0.000010769991361420834
59911,0.00012087427138382528
54301,0.000016705311940639427
90062,0.00017117924351439429
47715,0.000004772369268840956
78748,0.00007936644725701166
34787,0.00030747676481340726
73068,0.00000990618008585167
30349,0.000105446391619855
12540,0.000008718861190185816
95843,0.0003566758148892668
05495,0.000014169253432378113
48197,0.00007449906434913219
98118,0.00009844002856709041
55057,0.0000995780966017502
95746,0.001661953119140151
60638,0.0000821444197053699
60110,0.00004274999150307749
77079,0.00010374156050906918
20008,0.00015688222898002608
80504,0.00014580916680930324
32940,0.00044258661812379994
68506,0.000067963452350922
93638,0.0001333997646206215
93110,0.0003508450640440373
32226,0.0000719590146122745
90401,0.00090073142102121
50310,0.00007437927455394943
28401,0.00008067512728680689
80233,0.000206516778627163
10583,0.00012194702978049121
19087,0.00019209924110825488
89110,0.0004922538530258437
28226,0.00009076387173373524
53711,0.00014240784209095225
62298,0.000008277227470657965
93728,0.000005668957444453426
96821,0.00017928392340685903
98008,0.00009050991667525661
91403,0.0010654368239194961
98107,0.0001222665193250001
91942,0.0007994136826721673
81506,0.00020844547414460788
12180,0.000014981505812626751
92356,0.000023574831423390626
95386,0.000012013299265741528
33647,0.00007292512489404504
08540,0.00015851875987352827
85283,0.00019298527598590704
55303,0.00022466374830276112
83341,0.0000065495224299306415
75006,0.00015789130993354905
59801,0.00026046333924454435
93463,0.00038535123880396757
87114,0.0000938154942701118
78757,0.0003627886641161758
84405,0.00014297710659809848
55446,0.00025475105896662634
77340,0.00000949711075289437
95357,0.00004862174498033482
81620,0.0001143683447569563
96749,0.000008227771800829436
98221,0.00016249750200159356
98406,0.00010040593430927263
92234,0.0018575762162081663
95831,0.00021892656866535608
31326,0.000023545069832580784
90010,0.00018703898271793453
50701,0.00025393078344576603
53210,0.00002630092965285689
83404,0.00013880584080224072
26104,0.000004515513612900144
57201,0.0000036653380119386686
55025,0.00009961734130168367
20175,0.00011811809703958509
95113,0.00025646170724831144
23464,0.00015159997846035057
95687,0.00023888276923724592
98065,0.0008434304597528814
85016,0.001462271596968568
98642,0.0006821836893329211
85119,0.00031869675237046057
33993,0.0001085060398986976
85257,0.0006073553007872075
55902,0.0009108323129199168
92231,0.00011780256447297996
91107,0.0014632951437494736
06040,0.000009159993607667833
30519,0.00003629796598601182
95834,0.00008409196935133972
92382,0.0003264315882355834
55443,0.00012048780514951516
21401,0.00008404145928079883
28105,0.00020373444863218645
94568,0.0003206047486392
83401,0.00001844715646187843
80110,0.000051580394017543105
17057,0.000001942709803578587
90015,0.0003336285648301655
53215,0.000058711149172770105
32937,0.0002122845040681687
89178,0.0015138518367489842
84726,0.0000043588342949063276
84101,0.00003705594376727748
78253,0.000005135954417984419
53051,0.00004914746053868871
95682,0.00026483259778132943
86325,0.000044846550760834716
85013,0.00047036463550848224
30075,0.0003808757620494777
91343,0.0007484703210592126
01801,0.00045564030438732285
24502,0.000021973261589713745
95116,0.000037590349170329285
79928,0.000144488942757392
60068,0.000009425485659056858
59701,0.00011339604539833445
93622,0.00006402878315702791
80236,0.000022268166903348243
89115,0.00004998042214838039
60622,0.00005931518761815932
60005,0.000007761504253403788
85756,0.000030370998425790106
92117,0.001680572684377111
91406,0.00044745672571362536
98102,0.0003223601649403956
18901,0.000025859667430503657
85286,0.0007713462764112271
55306,0.0003158987491454966
73072,0.000046813869527395725
85335,0.00007244211474018392
82930,0.00004340947408760836
87111,0.0000733830186847219
78752,0.000008673327918240142
32177,0.0000016924024465346322
07030,0.0004308389938939659
94505,0.00030013144122212034
68901,0.00001777648966886901
94086,0.00023717179844364377
22903,0.00005904284967445358
75214,0.0003027431424818463
40353,0.000002408454700474299
89146,0.00008285670288648821
28270,0.0000646489372595068
95128,0.0003453187293536801
37128,0.0012533253400414987
48162,0.00003839602231342153
60056,0.00001876983812200794
91914,0.0002600796531859705
37027,0.0011301459113622597
85122,0.00040723218584797416
12065,0.000016163165407331384
27705,0.000125580737801932
85705,0.00010117429676772528
30144,0.000014648844779495746
01930,0.00003148419514609956
02324,0.000015489310155616356
60435,0.000031923710934036344
33139,0.0005979532475722504
33611,0.0004266228317282833
08857,0.00001718219055714455
85541,0.00011063267448736129
60586,0.000025832565837524736
78701,0.0002661798032895926
22192,0.00006990123855395635
94556,0.000287511368821344
80021,0.0001399954746848337
92262,0.0021308065764358407
98277,0.00004250442350847965
82801,0.0001640937828662325
85204,0.0004525131368659701
95301,0.0000844304247265261
55410,0.00009785067841751072
77316,0.00012758370654380682
97702,0.0012632718995384301
94587,0.00018010683106837853
93458,0.00041384212722748884
90046,0.0028022340743419946
94158,0.00009783248353838873
83616,0.0010528727152233437
03110,0.00005630248484203431
47834,0.000025891698813859298
49686,0.00000822888069466584
60188,0.00004322688769996769
24551,0.000029959837872942105
46240,0.0011274739277124354
98033,0.00034406309572010066
85040,0.0000771564051711298
95762,0.0008669981710367966
60134,0.00008022073393485068
79763,0.0000031504447848930863
33146,0.00012002425606691732
92270,0.00412704955614512
77304,0.00006987491651183732
83440,0.0000499391288245728
75093,0.0006847985331103304
03820,0.000029902703978083776
93545,0.00014273336887803847
94595,0.00013784819108024772
76052,0.0003325017451926962
89139,0.0005241325121613514
90210,0.002393929996856757
32210,0.000017560213672761198
78212,0.00008679473322161204
91302,0.003899222878220168
33496,0.0006426561606573591
60126,0.00021356040705603963
53172,0.000008238305994460428
04103,0.000021915206130249764
83669,0.00024070732399128267
94028,0.00016729439177884321
38801,0.0000061183787454214455
97211,0.00015631236888014754
94127,0.00012447262148696612
75206,0.0005379354750956907
95035,0.0001826511557105234
60044,0.000007888926119698604
85083,0.0004650119100584685
37186,0.000016558352833749488
18062,0.00007009390317661058
52748,0.000016809205030718143
52060,0.000012834612596767954
18940,0.00007666290394313422
77441,0.00038899216407791624
55347,0.00018214116598145967
37917,0.000004053252352404185
98208,0.00005334340352850756
52403,0.0001404854502966901
30312,0.00009378159134076954
91024,0.0007616185133157423
85374,0.00020996042595760263
95818,0.0002759724930163038
93427,0.00018109800676837235
10017,0.000337780431554381
22180,0.00044309416721660346
90039,0.0008996636497515494
53511,0.00000782810285314885
94805,0.000004996583179161807
94544,0.00030286924857066746
22033,0.00016256162009446772
28601,0.000031532591968802755
80033,0.00004566305656797204
68507,0.000005173058263552476
83014,0.00003282553210950884
71106,0.0000188917365303205
93111,0.0003616968133656741
53128,0.00001566645498036671
98119,0.000031416800588010876
91335,0.0004509970105732417
95648,0.00041335377230884994
20009,0.0002427420667066037
82009,0.00013896938018314334
23230,0.000020135967299169
81230,0.00001285904988007946
95747,0.0006367594933981341
02128,0.000020663409625663245
95842,0.00003275203444896653
24018,0.00004915967424328212
73069,0.000057440971619411154
96786,0.000037929804286987795
34786,0.00005487697972875533
55435,0.00003173536902825421
85392,0.00024094279869234128
68164,0.000006898183814873354
28173,0.0012012008262390873
19446,0.0006939013833033308
78749,0.000025253328101413263
54494,0.000014616934724692128
99567,0.000006286638769961119
95461,0.00003244279209316273
92399,0.002848028548323644
12590,0.000013639233445043086
02301,0.000004655242144594027
92325,0.00004359662669654309
37920,0.000007036778260359502
46143,0.00001573545261909142
54904,0.000014170928712520031
83854,0.00006921941113203829
75075,0.00012412494017683957
28739,0.0002550912192772839
97062,0.00040733645662060917
80004,0.00009930522786173168
66002,0.0001356769838256606
84015,0.0003971983746253239
93654,0.000025181674486161833
75231,0.00018840515135122056
76107,0.0001117130935324937
54601,0.000046559966666401486
94110,0.0009272941341287738
76008,0.0005516351419395655
97401,0.0008047698382669436
77632,0.0000026749342467243956
60073,0.000007342552686569654
60654,0.00009759015720104833
85008,0.000522360778851179
46307,0.00010815316809626101
58501,0.000023150152944557105
85263,0.0000588437688710739
23185,0.00006321673707378571
33133,0.00004775971828382855
06074,0.000022690467303329463
98584,0.000044574428411634846
95366,0.00010054808315036587
23139,0.000014547927147096567
81611,0.000592126479504564
96778,0.00002369227132012584
77459,0.000603654037892247
80124,0.0004337149018014506
53406,0.000006205045546021755
53221,0.000016948619179282517
78023,0.000032827722779849436
32903,0.00019309632234842402
80547,0.00003608049400564701
94030,0.00023055030957489704
97306,0.00010360234528378911
97209,0.00047428262051269686
35209,0.00022804444743301837
80909,0.00010519105977433243
59758,0.00008576308607606929
19067,0.00011038622073571428
90265,0.002492551974477279
85027,0.0011328315806944651
30041,0.0004675809154740991
91377,0.0016084471267277516
85128,0.000023346176305747294
55014,0.00009779932653890342
37122,0.0007688653730196622
95122,0.00005061477326547565
23455,0.0002709634765740819
84057,0.00008924834774577102
99603,0.0000071527793973975355
49783,0.0000051155457415322325
75454,0.00009983334581898414
17345,0.000011865495890032456
80202,0.0009898940280407154
89706,0.000038036191469485604
22202,0.00037451962678720446
83713,0.00011162301524564521
89121,0.00019983290045748233
82601,0.00000908028693287576
60616,0.00017510187628116435
37040,0.00000939550995895599
77057,0.00024500484737986176
60031,0.00002274909484033804
95667,0.00015791971324740793
92123,0.0005908060909721233
33432,0.0002697668848166514
98136,0.00021859768142575112
60452,0.000007829493040761698
37204,0.0002935681862319767
95204,0.00005795419193889129
27526,0.000028166087161069873
85301,0.00007338072190487398
78669,0.00028207750931690814
54220,0.00003445879840150791
94531,0.00011071500328843665
78504,0.00002017062859365408
83686,0.00032409366244206866
13039,0.000007761689678324071
93630,0.00005217102397849248
90292,0.003062594227163645
35242,0.00011108200290548686
89107,0.0002766612810899789
80403,0.00009674841198817738
53092,0.000027977148789350354
80224,0.0001568461034261849
60630,0.000014463243183191517
06812,0.000021491728224198772
60118,0.000007449144900581346
37066,0.00006514311732891932
98684,0.00013240928220961407
95066,0.00019885584306920235
08087,0.000040465460880537937
58601,0.000007579775578011633
98110,0.00027112404456286406
33414,0.00007856348236698998
12603,0.0000054179531689136165
92105,0.00023205336701536344
95405,0.00009654805778786654
95222,0.00005823865044091799
34114,0.00014048540436800545
33178,0.00023834946704897619
08816,0.00006766557642510688
77386,0.00010982268280941058
95391,0.00009407985702685544
97006,0.00014010097723250728
94517,0.00022455475399810296
92223,0.003243864095697067
95826,0.00002776909886469191
92404,0.00039537579054457056
95340,0.0002171936145683899
60516,0.00007475626833060162
55379,0.000029800478691982845
22102,0.00034563566205824114
89406,0.00012071650604020743
28117,0.0001316274310984227
89509,0.00016481100877432798
53593,0.00007773405289091528
93516,0.00007928163948053813
53207,0.000025030488189944026
50131,0.00017687910374057666
10029,0.00021779533931113467
31419,0.00004936528615406583
99503,0.000025995136028530607
90007,0.000184334079121968
80249,0.000024316549054345675
87402,0.000018130826406754888
30067,0.00030575420475523944
91351,0.0002338328141250367
98072,0.0004038138022648962
02043,0.000016159414159292746
60175,0.00004470115571832122
29466,0.00019386187151916565
93905,0.000024632535854573974
66212,0.000025776712040215782
93444,0.0002473395793303837
93263,0.000049383370989749586
53572,0.00009821387788843861
92371,0.0008040151714233182
12477,0.000007798645237995311
74133,0.00004420429885478304
95212,0.00004077509988873375
98802,0.00008514687181550457
91203,0.0005402390510380174
30135,0.0003318204796599632
29588,0.000029038087719297977
86442,0.0002607043864496096
60194,0.00018638530241609912
92086,0.00003869672807272133
81521,0.00013130918221547562
82718,0.00012132549431957923
30189,0.000013595389442131676
21122,0.00004055799664750452
80214,0.00003336280933212542
80433,0.00004418712271412781
83705,0.0000915259340650918
84041,0.0017720425728341236
89084,0.000359195471746083
33908,0.00020666760807308175
95713,0.000057624480975953295
34202,0.00008358736586087023
95134,0.00004333548941772769
98042,0.0000357213418106635
85719,0.0002850106145965278
67601,0.000010543161766378981
27616,0.00022424976585487752
37087,0.000027039741583952188
91361,0.0033745164361664724
76182,0.00009194023567275928
53073,0.000006382470289536466
84123,0.00012533550627335805
57401,0.000047925926264858684
22551,0.00002002699084997658
94601,0.0008720641400116712
75208,0.00005275567673798264
93301,0.00006176915186934692
10019,0.00034168626512662596
94904,0.00016705458737370247
59405,0.000007309206673973498
62702,0.000006247170197173859
68130,0.00009851140140969065
83204,0.000009589661700224206
89436,0.0002791639607386741
80132,0.00029332029888149656
60526,0.000006410298929240982
95370,0.00018195583842676755
37919,0.000004839666263607232
95816,0.00013597252651035622
88005,0.00017396398867443346
81501,0.000025398444287610685
91945,0.00020543995863124952
95076,0.0005715446047367855
23229,0.00012108161457048016
91390,0.0009016815500195602
20010,0.00019914516432578564
37179,0.00018134603143675967
46373,0.00005168477460258349
96826,0.00003115981138080575
92115,0.0006258022190267381
30115,0.00011155704305986061
72501,0.000003499468914085012
13126,0.00010623986035059251
93108,0.0006537532356754919
53716,0.000026467193084754293
35475,0.00020018540040327973
80234,0.00007493403869097707
89117,0.0011901256269995235
94949,0.000699593244444879
87113,0.00030783981334008264
03901,0.000008417011294567506
78750,0.00001220274303095061
94507,0.000893255677964794
75001,0.0004335799162284148
85284,0.0002690486216182061
08360,0.000025120714893451064
55304,0.00015099068082386277
33067,0.000050333381171240446
86001,0.0005535280474514072
46038,0.000036389443205374975
53583,0.000006955033753568715
93292,0.00017330598065960756
89519,0.0002702622278248389
80112,0.00018982951943539083
17055,0.00002528257467547237
90017,0.0005226854998709203
78015,0.000056185915280359125
53217,0.000029820835002602847
38002,0.00017098201751350602
98226,0.00008978646956279362
39110,0.00006566133261084703
79107,0.0000838546399855511
20850,0.00023302733400247408
85255,0.003946940550017825
91105,0.0013316174163822939
73112,0.0000946215026968081
95350,0.0002935400162291062
55441,0.000030556394848070855
55369,0.00008592572557006262
60506,0.000013447653667887039
85739,0.00019063407975631003
86327,0.00006329665692855337
33469,0.00035603377855881904
33928,0.0001327132816447528
29579,0.00005799123525275729
83647,0.00005396942206893596
97330,0.000026994812605366767
94109,0.000503401900268653
54130,0.000006503811593717349
84103,0.00034597969284922943
78251,0.000010911652044232573
86005,0.0004883338577785945
64012,0.000027033425844938956
27514,0.0008798490972648294
77406,0.00019708370651646802
55428,0.00005224407987448081
98826,0.00004641159998239459
59802,0.00004576213403433976
94503,0.00040525907328956673
07036,0.00003144354780812972
93247,0.000029105065445540795
93460,0.00018985705284563703
53189,0.000003807628133111388
89113,0.001237343856802683
10580,0.0004947348463651658
61111,0.00009905678585516794
80230,0.00015988256529827198
93003,0.001707848189170125
84065,0.0002699562401102475
99016,0.000031923855521807496
98104,0.0005472047066326619
92111,0.0006746745788622085
85750,0.0024363271074174585
96822,0.000054792754419412595
23322,0.000030098622473092923
37072,0.00006900403341196913
02135,0.000026928828802540304
81505,0.00011145869404921189
91941,0.0007762914776481829
78255,0.0002937249960908862
84107,0.0003570049971621053
32257,0.000020544347925674293
53158,0.0000036049745586199045
84720,0.0002891495668568108
94002,0.0008910753507171597
55129,0.000559690741158612
95110,0.00008761615830844746
56537,0.000024503167783389035
20176,0.0001178025807562642
77008,0.000677588905567157
91345,0.000232150427126558
86323,0.00013995781318727442
85015,0.00021705674638604618
67002,0.000008726747727493069
95684,0.00008901854141202648
39350,0.000002656763909955414
81623,0.00019885106202326123
60502,0.000008211226913153752
98391,0.00014545658853764836
91101,0.00043275987671897856
73116,0.00011817349312254308
30338,0.000168562628939919
55904,0.00002723745502635898
85251,0.0011884003251778532
20854,0.00031633856326861127
53213,0.000013245385046869964
78739,0.00013730290174641856
03867,0.00001637568245913166
90013,0.0002392308479519264
99517,0.000016300302831028865
94920,0.00021185581406196389
62629,0.000006549068449066158
75068,0.0001485090493383353
68114,0.00006498772153665232
94513,0.0007135317258296014
87107,0.00006023175926753946
32746,0.00008308613702660897
78163,0.00009793504348811943
93257,0.00012584568319910775
78744,0.00009230318084420326
53546,0.000003156853168955693
77382,0.0019347000955759449
73064,0.000014210891884121769
30345,0.00007008980757762196
92345,0.0024211656092342163
85323,0.00022082265156375363
56601,0.000102164162923936
34110,0.0008098977554275236
34638,0.00004260727507934715
95401,0.0000458361519058436
74008,0.00000544196409729976
55438,0.0010100876592215435
30101,0.00017830578754127977
92101,0.004770505005271418
33410,0.0001781907352173388
12020,0.000007992448370998738
95062,0.0006090901119250976
91384,0.0008241983244422189
60634,0.000022860931650178043
88011,0.000051617227355500045
15143,0.00020776411086336692
60013,0.00005998058846642541
80220,0.00016326710492480654
28412,0.00003343081505773334
22508,0.00002725002411852574
17268,0.000010582080311927254
22407,0.00003794083936264499
89103,0.0008070818411209266
84075,0.0003976783519947485
66062,0.00007572629604922779
78228,0.00004912294932359373
93013,0.00011121224217147706
77018,0.00010379077660083826
95628,0.0014547032769385024
91355,0.0016855649013914325
78245,0.00004882576608595328
84117,0.0008744814922718605
54703,0.00011845160746385368
89061,0.00007529404409977846
99507,0.00003973262891635152
32003,0.000014246814395332263
78626,0.00004203980511090068
94930,0.0003230213049690803
19426,0.00019407140868242344
78729,0.00023928924596413549
44903,0.000002361492621001955
71291,0.000011122636809913173
53597,0.00004268216681142868
68104,0.00000862346786834242
49534,0.00006525593083562213
21230,0.0005054015072083047
75078,0.000663280192560884
34655,0.00007024851600596042
95991,0.00013654918589514771
92394,0.0006058771764288796
30328,0.00006691812421640479
98232,0.000041973285698247455
95822,0.00012164559218501476
92227,0.00012864019153591632
68102,0.00003202696405067175
76247,0.00024692746936499276
93514,0.00004766978508092269
78108,0.00007052092110125679
99501,0.000023726583148817164
90005,0.00023129073849698916
78620,0.0003196049037692217
55912,0.00000772144229974467
92392,0.0018909136424789925
60514,0.00003972675721542739
98387,0.000024941381080609496
12866,0.00014774089635197492
92065,0.0006378189721935604
98070,0.00008305743647955003
30642,0.0005875210937606385
12144,0.000004958497955950831
85003,0.00014442654843776882
01550,0.00001043777873530995
29464,0.00007264910005129142
08054,0.00006798485786594922
62353,0.00004972555039757457
32927,0.00002989513329156476
94014,0.0001354149960323221
84111,0.000040029656161740684
66106,0.000019296241530058777
60015,0.000042748781612367376
20002,0.00013454225432579884
06810,0.000026211452821114197
37064,0.001871654320203392
70737,0.000011751979277041629
98112,0.0011563626632641465
85746,0.00009766281927873848
12601,0.000011182327040533712
92107,0.0009624333162155697
93015,0.00005866775541574216
53704,0.000011426408970362582
90290,0.0004890294240031079
22401,0.00001690866682617412
80401,0.00021145357080820909
83638,0.00033666841536898957
53090,0.000012556234646306301
80226,0.00005016911525462085
90068,0.0008643399222880465
32068,0.000011048256830213575
75013,0.0002493692281737077
94515,0.000044937183494974396
85296,0.000708787005953452
95407,0.000019855189074467477
95220,0.000037060609565314404
37849,0.0000019018184206098617
95946,0.000036116912036933956
27502,0.00009895625707062628
93274,0.0008035281856805221
87124,0.00019284769090179997
94530,0.000018834862071125873
96714,0.00009600789596752896
37205,0.00009373434864164529
95205,0.000013496461067393489
60453,0.000030110961783343534
30269,0.00019237118578298393
11756,0.00006752554360018558
96080,0.0002254929543247172
60030,0.00013521214324648328
77056,0.0005433748607029511
92091,0.0003848475338482124
60617,0.00003329078024429825
91214,0.002319433153026375
92122,0.00203481562174963
87547,0.000020160535172516407
93030,0.00023289628608862402
80498,0.0001048628080519093
83712,0.00003162250379500816
89120,0.00027847558958866243
80424,0.0000824918438044697
80203,0.00023020191954479743
22203,0.00021869548513902916
30040,0.000160949466036548
92040,0.0007170913747318845
23454,0.0005188752729078037
95123,0.00033081218173484656
03079,0.000012388454577769997
97520,0.00012205547247030487
84087,0.00006050794375187861
22546,0.000010609639895926312
80908,0.00008644089359872494
68028,0.000015951540071969737
80125,0.00119491886455995
76262,0.0014206457140591554
53220,0.000004977883157556798
90020,0.0006774756689690199
37801,0.000019141195705943027
33132,0.00009806197184138246
85262,0.0008960081785490405
96779,0.00007100937639688336
95367,0.000015190820809696934
29605,0.00005266690893461878
17403,0.000004928752354809979
53066,0.00008716834181440369
32266,0.000025732561267474738
27603,0.00013227034119778092
85024,0.00015181340384654794
55118,0.00014618211010678962
02066,0.00001385633993075495
95121,0.00007144561332022446
20147,0.00010173507546168322
02169,0.000016409272939362495
37803,0.00000695443898296992
46060,0.00006982267033987768
85260,0.0012972117247186873
30309,0.0004206229489583395
29708,0.00012002264277672041
29607,0.00005656084466445574
80127,0.0003079965942592711
89423,0.0001241628717193693
99301,0.000027385941123801272
53222,0.00006736840152292702
93314,0.0003806455363911973
53405,0.00000560211350764426
38138,0.0005968804252189518
55331,0.00041917682353968756
55419,0.0004115791975611137
37207,0.0001609491283731055
95207,0.0001603760964677633
60451,0.000030644437753832295
77584,0.00012552158496304525
46725,0.0002671878013577621
85302,0.000031966034469133235
95961,0.00007235334402576202
87701,0.000011508157600778284
83815,0.0006273445246407227
75034,0.0006764139616576185
36532,0.00014291700076071674
78209,0.000055456857675566546
78521,0.00002401265544505924
84054,0.005355194710322809
89122,0.00021126939994186165
89705,0.00023872331687359207
22201,0.00010057795505447017
76049,0.00018947521703812403
37043,0.00008893616492049767
60615,0.000020888604763810933
08736,0.0004391786817796336
88030,0.000031301803575433724
33431,0.00010162874691412942
60181,0.00013452970215044224
29492,0.00005149052256903405
30120,0.000053198444584270834
92120,0.0013205007674294987
96813,0.000042281075436462914
11238,0.00016304734849947552
74011,0.000007734028020216104
55421,0.00010874793198243126
95330,0.000029584686557376234
23060,0.0003108763948168517
34109,0.00022917252568313326
52803,0.00000730610056995386
92253,0.007388676048675867
95959,0.00017971103986275572
96792,0.00007631791669799894
90077,0.00046601081674161514
93722,0.0003116695970832148
59601,0.00016813439258664872
93105,0.0017879057100162639
32233,0.000040338551860554235
38401,0.0000956692826730986
89015,0.002237313772902684
47805,0.000006399096514198193
94066,0.001122480281205569
37174,0.000053743971937697416
81403,0.00019002274406847025
81224,0.0000351469145826338
91321,0.00035358082750170826
18704,0.0001216439596044077
91506,0.0006346763485410203
98002,0.000013919869374611345
92118,0.0029627141410496207
75225,0.0013563909459320927
97415,0.000392522751639969
93067,0.000011790465625305933
53151,0.000025534459863561598
22932,0.0002730740525630136
34293,0.00009403460514188621
60067,0.00023312114265204125
55120,0.00017829034915322652
60640,0.00007705292294426326
02151,0.000020660269917646558
91108,0.00072341426152005
37934,0.00000804815730011373
73010,0.000009044163914195648
85258,0.0017224863937484163
98503,0.00014881345119057804
02532,0.000007777741394594773
55364,0.00012555980242618528
96743,0.00010865300560052821
60404,0.000010238317632711748
08527,0.000071333997208264
78730,0.00014616601767433683
50023,0.00010759391386213291
78259,0.00004082286768673459
53154,0.000011042424759408053
84004,0.0003730958157421929
75220,0.00027346319830910107
84790,0.000777297490115337
60062,0.0001325773702636588
95634,0.00006135072940817046
55125,0.0001544001521366015
95688,0.00016175720670679437
95358,0.0000531876455153124
55449,0.00026207495747054095
96746,0.00005987717293730559
98292,0.00021847855157553961
18966,0.0000498383261153378
96161,0.0002232222159510254
37931,0.000006576933881728793
11704,0.00002073139700384675
78735,0.0003731915432347443
19312,0.00010575345884864064
93401,0.0006840094903396852
54915,0.000028483321149335096
93940,0.0014669357306130758
43215,0.00004501000507852253
62002,0.000013275166953712086
89511,0.001113021516744165
80015,0.00022866658033873828
92256,0.00015383594847975267
33160,0.0004332903926501457
12550,0.000003467073643135216
34698,0.000054872311775601625
96797,0.00015143324743548993
92359,0.00013212913868401385
74014,0.00004843077788105424
96003,0.00023957984110152167
55424,0.00011448183648026617
60563,0.00009652057986430615
85383,0.0013486577996286201
52806,0.000007003387912329604
75009,0.00034837456530612123
54311,0.000044517177883943985
07086,0.00010701930996400788
59901,0.0006080957058131692
78758,0.000023308199181598926
07712,0.000037335826693521955
78070,0.000022204516871366446
94941,0.000607666167884788
26505,0.00009103096198239886
78657,0.00002373052461002192
68516,0.00012785420736199221
53185,0.000010001230582230218
54155,0.0000091626423991482
40205,0.000010089990672435842
94063,0.00013615290410895394
93727,0.00017726088805455965
13021,0.00001893980931770429
84741,0.00007330307055988385
78413,0.0000668116079742592
33324,0.00017726478586013839
91324,0.0002763067347167063
85653,0.0006694164798739887
98108,0.00017328103375025737
11205,0.0013503889019979497
20117,0.00011048902769913108
23221,0.00032633886712298503
08742,0.00007364869359768704
95037,0.0002671464546034124
60046,0.000021796653496475957
95138,0.00011622440266071582
15116,0.000019384429445801273
95610,0.0003676759337930589
85715,0.00011437974336905332
92154,0.0011292739696464763
85132,0.0003274598950686104
33445,0.00018587384691532365
84020,0.001868169911704788
94702,0.00003286674267055911
97213,0.0002453568777633121
35213,0.00003411211843294474
76132,0.0001646741898002462
75204,0.00046616509050822835
89156,0.0002125759481190112
22182,0.0004626873645298774
94546,0.00038363166894022586
80031,0.00025580921779346877
96145,0.00015370457928525684
55345,0.00013685847551149957
96762,0.000016088343832272806
92310,0.00004868946012816183
91601,0.0005305313276676393
94965,0.00008468565932783291
90056,0.0006191908885810613
97086,0.000059911192913903245
32159,0.00006248082481237852
94597,0.0009715342326783651
37877,0.0000013559316749538958
98368,0.000010771410721093242
60448,0.000009938390384300765
02359,0.000044858058621077607
98023,0.00016625441592458377
11221,0.0007643036381602703
06460,0.00006377238064565258
85050,0.0010623848522889564
92139,0.00015154160408410066
92036,0.00011494979260085826
98604,0.0001457171708064982
33428,0.0002920810045711464
60124,0.000013119679702580977
89034,0.00022054305631231366
80218,0.00013136678013207342
40509,0.00001802757288017848
83709,0.0006814737704792884
84765,0.00007273238965621012
90212,0.001350804885791586
53012,0.0000232799313814682
46311,0.000025600314083102404
06492,0.00005034228089777037
82072,0.00001930398284023267
29576,0.00009199902889019271
55122,0.00004686744392116907
95014,0.00025319085999758105
93065,0.0015874771548727007
50265,0.0003380117280229441
84003,0.0005279602090328696
26003,0.00001464085951356047
78681,0.000039206333497590055
94565,0.000305090111469508
80012,0.00003669146340520348
78732,0.0001176898786674564
10036,0.0005176996908874395
50021,0.00021562945859645075
90018,0.0003085908041896648
29681,0.000027931451288573877
85355,0.00003330999568388225
79108,0.00000599973615944875
98229,0.00009973291845141907
73012,0.000048628670158503556
92333,0.00010784605355957294
98501,0.0002551503555004366
29732,0.00005876057964441538
96741,0.00001805920144853101
03801,0.00013393966924823175
55423,0.000028795243836126906
60564,0.00003523244173529442
29650,0.00003874291784133681
73170,0.000018507324462884536
92251,0.0000882341235164765
85338,0.000690938272461451
27410,0.00004193828703420599
20832,0.000018922491021134982
96790,0.000027318079172036496
06902,0.0000346159130456977
60008,0.00003394860949589391
81401,0.00009850046717360522
60107,0.000014440055654022942
23226,0.0000036849594644306987
29414,0.0000848154668250811
91504,0.002109055556802106
53719,0.0000787107627075617
93720,0.0011856341835165545
78233,0.00003546869416243742
68850,0.00000799873457828029
78414,0.000040012010636837625
89118,0.0017977258308455974
80513,0.0002710066680580103
28409,0.00023801735721024165
37774,0.000015801084081794282
01844,0.00005186530119114358
18104,0.00005866538004708036
91306,0.0009179570273559278
60091,0.0001402540991212828
02780,0.000015761156923595626
93705,0.00002071699617333636
31705,0.000004298373320763433
50322,0.000013320959465216032
22485,0.000008523986024996405
59729,0.00005810383934123752
80439,0.00025763299528716
94041,0.00010010921798877113
89032,0.0001664211977788099
94591,0.00011699342053443934
53578,0.0000065696630268074565
75703,0.00018817131629624335
89451,0.0014890904379661013
55406,0.00024341113351909508
67205,0.00009706841710976237
85212,0.0006725851887890318
20817,0.00007825238025518279
77494,0.0007358482155298394
80138,0.0001655461478732456
83301,0.00008765701346230663
78717,0.00004752607676748997
54937,0.000010724799574050498
10013,0.00017626610787252936
78130,0.00014602224972515133
91607,0.0014518925465711807
33607,0.00108061680228236
86046,0.00007815937684870225
91020,0.00039432428437491184
33708,0.00014541177862852805
55343,0.00027259531596764353
96143,0.000015348708208623645
18944,0.00006269249563215656
60423,0.00022570738366558762
02332,0.000023865869593548858
85713,0.0000491579556275259
95616,0.0006054498645391453
85087,0.000023611576827071468
91902,0.0004120561425757197
97215,0.000060995774916622035
94123,0.0006989694936510576
94704,0.00020553909012627209
31768,0.000003585229206709541
84601,0.000134268614692096
84129,0.0000840257260150168
98335,0.0010199729229106056
06776,0.00005583196878516079
58203,0.000010190959702118977
11710,0.00007526586142299639
85249,0.0007651603370875466
92320,0.0003538592951751241
98512,0.0002881385701080925
23113,0.000011927492353790995
75070,0.00008764565111252859
10025,0.0001779013380658005
89166,0.0006940190682321736
94115,0.0003877324287001907
97223,0.00024815865927348683
76102,0.00046596505539494936
97404,0.00006553515668448523
87501,0.00010787030216179202
84010,0.0007149737531035233
84738,0.00031868899846399835
55082,0.0001613196570364425
95620,0.00010809600990608842
15701,0.000006757898401478252
56308,0.0000068259609840703015
90405,0.0018090959978588194
53022,0.000007462881980038751
19020,0.00006404536780824115
68502,0.000021659738962312555
80228,0.0001152476411787392
23235,0.00005922814865160351
29407,0.000016630732184184456
95742,0.00022661661138189025
33418,0.00022417018355015608
92109,0.004310633277612276
85748,0.00031625715967879516
11211,0.0007640619996086967
55318,0.00006100022020231919
95409,0.00011323186858999899
85298,0.0007946231538976583
77511,0.000041679351352016544
06033,0.000019384772290741817
06614,0.0000484739841033579
85224,0.0005476660540828782
78064,0.0002366863540818496
47711,0.000003669522030789181
38654,0.00009122271268451484
90066,0.0013430880604945715
57033,0.000032601101263210174
17603,0.00002318244428418918
91502,0.00011654104785142414
98006,0.00012746707903818166
02184,0.000015487729609366277
98109,0.0003432584886413734
01867,0.0002620512179967528
91325,0.000927709374996255
60101,0.00036417391678207064
29412,0.00004494985683486598
23220,0.00011229589174016878
60629,0.000017877566547845962
02138,0.00016396771753285033
95757,0.00018575833122976847
01301,0.00001666448153059965
95658,0.00011865849120648726
94062,0.001129351225177816
89011,0.0017413169364368026
40204,0.00004120357476871229
93101,0.0006418001992808391
93726,0.00011731374069368991
94401,0.00011316969563503253
99577,0.000034640948201824485
87015,0.000017224927602821987
78759,0.000108459064358931
82834,0.0010379861595881143
27519,0.00006312690025118761
67401,0.0000179469018965381
77845,0.00007332797779370451
85382,0.0003680014277747155
52807,0.000017180282901626467
95334,0.0000091176115432204
96002,0.000011880368864364417
54914,0.00001655040126436434
53536,0.000006852092279644736
78734,0.00017006912003813074
80014,0.00007118284469568721
94563,0.0012157206869740454
34747,0.0012609655094354359
55448,0.00002436792746787962
02536,0.00001903224633087029
29687,0.00015130751000155785
85353,0.00005632341243346818
77005,0.0009403231677117753
88061,0.000019262025607508646
02155,0.00006159605374420231
55124,0.00006549710317396717
85018,0.0017559662308347596
18045,0.00006166632751761453
85730,0.000040493201798053684
86406,0.0010874776384580751
84005,0.0002552715461435923
93644,0.00014829371711739487
50263,0.00016230338802561715
78258,0.0006046738980960385
93063,0.0007427503481124109
47591,0.000004514452754472955
97411,0.00010025060822655595
77581,0.00014355884231652394
20902,0.00009032577358579491
85307,0.000052750317136986216
05401,0.00008667599759810657
85208,0.0001417904779673597
95425,0.0000447215591299523
57110,0.00004089450182474133
97601,0.000753579733540987
07002,0.000053556471123306295
53562,0.0000787536412336248
87123,0.00009475742325915648
93454,0.0006801094839681186
28211,0.0002383546191203412
07920,0.00005890502770765969
40515,0.00001284516873144002
80204,0.001179654301026766
22204,0.000086195720754544
90301,0.00042485563348276795
19103,0.00002332070152778533
93610,0.00008823354388726747
85143,0.0005504354346210909
96816,0.00047404809913105934
95661,0.0007987520499875677
37046,0.0000773373412878349
95046,0.00005570765817193018
60610,0.00023929687747420528
78261,0.00012594665873814182
97527,0.00005875076732627249
94611,0.0003857864606231621
17406,0.000003779429152188164
95124,0.00032581466659348317
27606,0.00036771652824219865
30047,0.000056073937848477755
77080,0.00005955279519706239
85021,0.00038256691688569355
98052,0.00006297418178839143
95448,0.00034615330836797794
55359,0.00007446144440217987
95360,0.000059619078193968064
77377,0.00006898778480476034
60439,0.00003710707152896959
77550,0.00002231757916700151
92203,0.0025087659705421146
24153,0.000022811329821819764
27265,0.00023325446005442588
37909,0.00001035116686662893
53227,0.000012991911433961706
50111,0.0000074099141396470744
93536,0.0004481146431792327
78602,0.0000335919393326671
93311,0.001994333336478799
90027,0.0009517516833405628
10009,0.00019280989206314214
35763,0.00010956150293740645
80122,0.00011596807021061645
72758,0.000524540242240108
94954,0.00010572655121636202
78642,0.00024839782817498565
90067,0.0012676731041256684
32168,0.00005838011036542472
07093,0.000056141228633566835
17602,0.000011596432828249841
54304,0.000006515013222894538
28078,0.00009070216473754053
34119,0.00003609063575104177
85396,0.0004467232879768746
95320,0.00007937629836403155
55431,0.00004335312118280264
96782,0.000022755507330557655
95949,0.00022511582548194432
85225,0.00025716723591074026
92243,0.00034063136495865524
98012,0.00012160486643653101
85749,0.0002260591075261766
58703,0.000004155465958297762
92108,0.0025226060523186864
91331,0.0009061852513808736
39503,0.0002843490755346214
02190,0.00001443421491914171
50315,0.00009851633136588142
90404,0.0016583271856652588
89005,0.00017385676752004964
80501,0.00008713423298057898
80229,0.0000807558555359056
27103,0.000044093707716801733
67114,0.0000022833920019313256
91935,0.0002276991739560982
02766,0.00006302044733024601
95621,0.00017464629344417554
54022,0.00008099673385817802
97405,0.0005010462318380888
07960,0.00008203620196627871
94114,0.0004000599822266536
97222,0.00037518323374367157
80922,0.00028148030518483907
93650,0.00008167499322929778
66109,0.00009826537895205833
99645,0.000034604433240614746
94577,0.00004548337902233156
76248,0.00029734699713460935
75071,0.00022659576778909032
93955,0.00013327525074618315
94939,0.0007847476248909477
85248,0.0007447874570540428
30506,0.0000884294939051268
79015,0.000017713345985313568
95242,0.00009853922666660182
23112,0.000052015685632687224
96753,0.00013901682039019008
55374,0.0001299797350917137
30004,0.0006163450688072087
92004,0.00005692261736938852
98011,0.00010113028668692653
89109,0.0003489223055279139
83634,0.00006383365375834009
87002,0.00000732358759454156
90064,0.0007232591848091511
78641,0.00025564911387460803
94957,0.00008143928893857675
97008,0.0003155886483361082
57719,0.000015502538658533862
17601,0.00009971293918827622
76226,0.0002972464767436551
94519,0.000059229071907670124
07090,0.00020560102059117487
55432,0.000023525258437452322
15425,0.00011929620882081241
85395,0.00023849579926357324
92240,0.0006915357319979898
85226,0.0006225261923520661
80003,0.00012119212830869039
94574,0.00017358160650498807
10128,0.0003630478270887184
53209,0.00001152290040009721
93230,0.0002238317061851539
78723,0.00010175697432562966
10027,0.00016850054380560613
95828,0.00012317248576605648
12203,0.000014400045149243767
85344,0.00038060039227788
29690,0.00003191877376966044
58201,0.0000454087263362028
73003,0.000038351394413788934
79119,0.00004523377796359759
98284,0.000016663320849843967
60417,0.000006577867525990909
12047,0.00002084625005751056
18052,0.0000074272885363397415
60074,0.000011157564436557951
94117,0.0004968279244268266
97221,0.00005390357430567587
80247,0.00007165486857366646
53142,0.000038204642075399415
80921,0.0008099659390634506
95112,0.00008116163015973439
55024,0.00012096594763402728
85118,0.00018485014259072156
92071,0.0007158516710646591
85017,0.000043184238879835914
86409,0.00032316390286119505
78257,0.00005065324073854886
84105,0.0001660340982257088
28562,0.0007575580891747941
97239,0.00011423589775414253
53211,0.000010960274815571787
78634,0.0002840518677715138
99515,0.000023649524693023747
89410,0.00009460240816353177
75165,0.00005179654850194502
68116,0.00004550185107428549
03303,0.00007184578849216056
81621,0.00004385553560186524
96748,0.000012388129863401237
95356,0.00015383210611156492
92386,0.0003401626974274701
55447,0.0001306425543294357
12533,0.0000032114967119586652
91103,0.0009313129074740993
55906,0.00002429592635230652
85253,0.002964924111876786
93923,0.001532944436993922
57701,0.000035420415792059965
75007,0.0003581269052869715
83340,0.0010932752523069218
94501,0.0006639399341621701
84404,0.0002032940006967032
93245,0.00010869233064455339
85331,0.0009905035099267326
27516,0.00021739915086282956
67501,0.000009265589726655999
96725,0.000024202990600370835
85282,0.0005683431102290927
34102,0.0015208058808095675
06095,0.00001251937663938129
60462,0.000025702360462782756
91402,0.00019074104347712798
92113,0.0001232506039945314
46375,0.00002940818361554494
02038,0.00004578171088711478
20016,0.0004971476564063743
23320,0.00006164777286034636
95070,0.0008528424500068938
95758,0.0012937203474689327
81507,0.00011920632226554203
60626,0.00004187654852499605
75243,0.00016298783029194963
80232,0.000019997760855394756
93001,0.000723416450716562
93626,0.00008953568498296849
99835,0.000008138433609546083
54313,0.00002229362696375831
94402,0.00042169040897334684
93561,0.0008063244362250597
46032,0.0003936411049949578
96795,0.00004416384399130905
64113,0.00012735382210316167
95337,0.00010033207513031713
96001,0.0003263254219132935
55426,0.000026496398482827164
29072,0.00005904282086390441
60561,0.000045279011284870836
27954,0.000043030921192033935
85381,0.00016593775775440207
91326,0.0014750645504146296
45140,0.00004166473588462011
91501,0.0011541463839837196
98005,0.003645240191951976
23223,0.0006920514688268277
60102,0.000015354076488780014
76179,0.0008648519107596026
40207,0.00009709327923114394
80516,0.00014798992008225754
89012,0.0027029726147683045
47802,0.000049629362988167724
94061,0.001707179403744802
71115,0.000024035183212286372
60060,0.000023103630935569763
55127,0.00023765603984468508
60647,0.0004359733811842812
77006,0.00017257358707563794
84109,0.0007444930053358058
93060,0.0002543023276906362
94103,0.0001464839773541086
78737,0.00009437851413773819
19438,0.000012058696746218616
32789,0.0001234452167711701
22630,0.00002587331466428359
94560,0.00006895814497672674
80017,0.0000449538627871217
96744,0.00005879210661010321
98290,0.00010790925019039191
95472,0.00020070221161130864
82414,0.000020744377595754743
92285,0.00001638107889748164
73118,0.000005424598879922303
13066,0.000022264289026593097
84121,0.0027462735994900405
94024,0.0008079062780572379
94603,0.000025010890953583174
21042,0.0000389596669525108
84092,0.0004593844740980007
66085,0.00008004735744714553
77706,0.0000020559740722498348
60048,0.00018166337599601564
95136,0.00013339083861679333
86305,0.0006043730367786179
85033,0.000021420980591295133
98040,0.0003442334562152493
85614,0.00040990408189809366
27614,0.00006066395267478445
24141,0.00004697018444405079
46077,0.00019250464497252658
37814,0.00000829522677703754
95814,0.0001578024633530882
92539,0.00005861630224978973
92211,0.0027463952037255703
85378,0.00035976472498270646
90035,0.0009363657380260744
78610,0.00002999125715720987
53235,0.00007366740081941252
68132,0.000030169663280950426
89434,0.000019778398897134023
80130,0.0002653344940232637
11743,0.0002894179594259261
20910,0.00001557809896682149
98366,0.00002511686140867812
95210,0.00004180588953776999
37210,0.00006671979762387382
96701,0.00002863345592461676
95437,0.00009550189715545844
93907,0.00006764351916376797
97034,0.0008609448550096764
75023,0.00010719384224821475
54952,0.00003359212767373991
93446,0.001309922674802132
78155,0.00006922670739770472
19355,0.00006652263613091004
89135,0.007072017880970076
28203,0.0000200161218466101
21093,0.00006894006656263081
84043,0.000828306616326177
13104,0.00006481803742444664
89086,0.00005572791077273068
84664,0.00014978749278712767
59106,0.00008590464910726224
79424,0.00020179866637717086
91201,0.0006161971619990461
86440,0.00004956878813838029
98122,0.00018788749053208782
33426,0.000020347495581996305
29485,0.00003355873361780884
30084,0.00005240232092931053
95054,0.0005162778641952538
60025,0.00002648123249354127
91605,0.00037503365700699567
52405,0.00007473211080546684
92314,0.0007199893775678925
20878,0.00011080623418145661
96766,0.000029903684442989723
29715,0.00006110447220028421
02330,0.000010216837880509768
99587,0.000010882202994057104
94542,0.00017852744944831656
36542,0.00003163816729522546
94803,0.00017337107388817305
87059,0.000015622517806250152
93309,0.0004188775919521558
10011,0.0009068261359208353
78132,0.00034017699246235305
94609,0.0001237997783390879
84098,0.004383015610207651
97217,0.00026160624822044865
94121,0.0003035103044338316
28443,0.00026635522583011456
94706,0.0000333596758168004
66614,0.00005800181434405057
80917,0.00006105738243351932
33441,0.00022371517937267517
77098,0.00007098257628476292
85711,0.0001964038683444617
55105,0.0008257183274716433
95614,0.00004174384005482532
60042,0.000008892532353034907
85085,0.000555367356357891
77024,0.00023170051019964565
95033,0.0001575569701307088
19014,0.000019813136499651278
84049,0.0004616651076639633
89183,0.00023254157038963598
80487,0.0005939789410418356
84761,0.000012258447121240474
28209,0.00005095132576108951
94043,0.0001002220781086112
80534,0.00005147605098772407
89030,0.000059499221269247595
81201,0.00004390224910423364
60608,0.000012862593668877561
95776,0.00003034200810251092
33304,0.00005145343710999523
91304,0.0008935308041724039
60093,0.0001827681141146951
85054,0.0003198233180795774
98027,0.0002874651214998029
60543,0.000029929718163685534
64082,0.00007760513318482625
70808,0.000026880695795134694
79765,0.000006251350772122026
33140,0.00029115532302674313
92276,0.0004415210042489666
85210,0.00024473225482788097
20815,0.0005778909723960346
93543,0.00008256532523972291
47725,0.000023318672729657245
76210,0.0002815195588934864
75126,0.00040144528188576853
57108,0.00006355179846772107
60614,0.0004907534086181348
37042,0.00005391008258552049
77055,0.00017575283472165155
20024,0.00011745396432885507
95665,0.00000623550156139048
98087,0.00005435615096329903
85048,0.00026045197517445413
53105,0.000012121370412797024
93614,0.0000749365724303005
93033,0.00008077793071773705
87544,0.00006904921902240936
57350,0.00009227926963191521
80528,0.0002694990878343313
76048,0.0018991493853425573
40511,0.000025924891878983255
21136,0.00009995149300800769
89704,0.00003643340617307296
89123,0.0013440600385866842
28215,0.00002158109141935211
83814,0.0002907002512686053
66206,0.00012491850639758856
93277,0.00023448646190228243
07006,0.0001675171136718059
94533,0.00011265011930610242
75035,0.0001416746431925987
68046,0.00004269218165456938
02341,0.000016271018193022627
23059,0.000017741937643065935
95206,0.00018838732741613526
55418,0.00003842964605376835
96717,0.000008672371165362518
37421,0.00012155397140459606
55330,0.00011506719911135283
85303,0.00005472208617544774
98370,0.00039414418301034855
30542,0.000043175354506800786
20906,0.00037418257898058063
68124,0.000317935425065552
22701,0.00000452690133816449
97140,0.00024238536620818234
80126,0.0004955691812339628
49855,0.000040051491097545605
58503,0.000044562246480955734
92308,0.0015456478840322858
30308,0.00021155133327174718
33131,0.0011276563089069778
77554,0.00016232423689595653
60532,0.0000739038324571663
30043,0.00006271798577706108
77084,0.00009116564305717511
55016,0.0001483583753590007
95120,0.0009217743958514086
95608,0.0008800070695491125
55119,0.00018855096376392262
17402,0.00003908212845774945
97304,0.00013017482193651122
84084,0.00003294666075257341
28278,0.00018328258855839971
53168,0.00004955260184168151
71111,0.0001226151931431836
90230,0.0006592021112295927
78232,0.0001350785220355696
59602,0.00015809224093704468
94065,0.00007899359990774438
49707,0.000008321469528150818
89119,0.0006232685995416009
68510,0.0000026942377254532926
60106,0.00015513363641243217
12189,0.000001917865685983045
91505,0.0006345302041223882
29651,0.00001754336973629474
60565,0.00009002897375659618
74012,0.00002427270212018051
55422,0.00012115118746560392
96791,0.00007691045255295096
58554,0.000024622398235499975
85339,0.00009940702953707457
94947,0.00009771708106037408
94509,0.00007488585934918441
59808,0.00008524529020296095
17036,0.000021628622678428127
73013,0.000037206466238977685
79109,0.000037037123114854355
95838,0.0001532795749078506
96740,0.00017695673301549997
95476,0.0003196288930631054
80013,0.00019944266274411028
94564,0.0001170626474851001
80634,0.000028355125350414102
21502,0.000002779360227887377
54913,0.000037334131875703654
90019,0.0005394461222301965
78114,0.000031659773620621594
53219,0.000019597913425321402
40361,0.000007908677476837994
94107,0.00020263441657065572
85737,0.000526138143674264
24401,0.000017451988051919954
86401,0.00006662809594762012
33467,0.00012931748948493167
45601,0.00001627220005317539
37015,0.00001857842986235912
77002,0.00016417100852700493
60643,0.0000331394283263242
95632,0.00011689964696257869
55123,0.00012711007575208838
56215,0.00001471090525009855
19047,0.00009752955560799941
90245,0.0006949128747814824
07302,0.0003323389542314256
78247,0.00005679138339578445
19148,0.000031920240804039794
84115,0.00013849697837151854
94010,0.0007947522169051501
54701,0.00011445649579339595
97501,0.00020994829461875927
97229,0.0008185983959011077
76108,0.00005785697288911623
02045,0.000005398116467173752
67010,0.000010428492729002768
85007,0.00010206643870941016
98074,0.0005938654031770425
98383,0.000013885457518542683
77479,0.0006051442197502809
60510,0.00006665878678189635
95993,0.00034031944704751994
81631,0.0000615579501446163
77351,0.00032114573951964523
98230,0.0000889244658111845
95820,0.00019210081989225766
37820,0.000003146168480053605
78624,0.00025596653468518317
93510,0.00010360290111600752
68106,0.000021909037777283387
80104,0.00024106993394796232
77380,0.0003194026549918908
96789,0.00003968398897945663
27948,0.000005504623454527735
95403,0.0005513288715889704
22066,0.00010334658021376409
83350,0.00012469102672487152
93933,0.0005030373848914048
87105,0.00008652766975019733
66224,0.000011052408523537175
84414,0.00034037698628861494
32163,0.00003223937500857722
78746,0.00027127864575384684
80222,0.00018626205117827115
22405,0.000010084256603801039
89101,0.0007555819527311874
93636,0.00019718225205102362
99004,0.00003110421308176772
59715,0.0005450866855193596
50211,0.00009672463927838158
99623,0.000006866557548737324
19125,0.000022717359222692065
92103,0.001646621843611919
85742,0.0006314002765792197
98116,0.0004898268137842755
98682,0.002038501150760032
95060,0.0005839457799760691
02127,0.00008392053193354931
23606,0.00005835984305160746
60527,0.00008075837842020307
02339,0.000002524487250982124
46074,0.0002319442196500459
95817,0.00003561250005567367
37918,0.000025824632740787095
59404,0.000050901907586817704
93428,0.00008256567412137494
78613,0.0001145926224668839
90036,0.0006773079416623281
62703,0.0000049098397628064245
83422,0.000011215217976989164
53072,0.00023883944928940117
31763,0.000006521452510534195
90272,0.002042466059763807
75209,0.000043410370984643
40241,0.0000505984456778814
80550,0.0000964807328057461
97439,0.00015885441399177234
94027,0.001173474173590641
95135,0.00005577105290856862
16505,0.0003550427746976966
37135,0.00017032869150026514
91360,0.001092849099226976
85718,0.0005592127602469904
80215,0.000048869880797511515
59105,0.00000424286675865089
53110,0.000004448690607510273
84040,0.0005619019779264943
29486,0.00002858060585334798
91202,0.002623643501270143
30134,0.00003778518226459644
30188,0.000034193562051776813
98092,0.00006723846916451827
95670,0.0005316344987260533
60601,0.000230182868955841
94301,0.00045576929053105984
17019,0.000007775596121828113
94526,0.0009386901981056672
36526,0.00005349514309720972
97138,0.0003432865126812951
72143,0.000007206658306825154
93445,0.000039135139716996
86336,0.0005728992285555819
95691,0.00005333153401815213
33478,0.00017853203140171209
91350,0.0015062322965470093
30066,0.000042799631517608506
29926,0.00017779539318151527
60174,0.00001968064545997754
95722,0.0001005407435964792
94118,0.0014863217768771011
25403,0.000012998298109211499
53042,0.000015353755488026935
78240,0.00001598006908645389
76244,0.00024868966557366434
44906,0.000020156753412617014
99502,0.00003052247177601323
90006,0.0001392519165813829
10028,0.0002332146807820851
92405,0.00024772955833781
12303,0.00002080473691222931
95928,0.000319274974161728
95827,0.0002270338835884931
55378,0.00002757354652030307
95341,0.0000269885492663364
77356,0.00018544487110596999
66223,0.00018347953482273935
78741,0.00004802863381499188
32164,0.00003380939310313273
75010,0.00015183239254661852
97007,0.0000946158063809387
95223,0.00004837022301888212
06082,0.00000870855531551122
95404,0.00019682212345592642
96732,0.00008373827252492898
85295,0.0018306305533633297
33076,0.00015004091473155986
85501,0.00015831721908445898
95945,0.00023190330790087677
08817,0.00016930941451869357
85326,0.00018871275213195508
37067,0.0012677235668239074
98685,0.0001397197518128832
46804,0.00006386099054588558
91381,0.0009714349374498051
23238,0.00003109392329286799
60631,0.00017876841961262543
95640,0.00002385476561765451
15146,0.00005113667585402936
77657,0.00001771730367404088
82001,0.00018153442682161894
20001,0.000181825010864807
92104,0.0020265376114641997
85745,0.000631314739430765
66067,0.00004095156990790106
84070,0.000034968385840014135
93631,0.000059294644487358885
83687,0.00025470576321295375
89106,0.000050816772752928205
07901,0.00005340228951061311
35243,0.0007264967752892198
90293,0.0007362633524386678
92395,0.0010573895189218262
81632,0.00015863208173186818
73107,0.000021115107809336613
12208,0.000010191739783407438
95823,0.00003668795874809025
98233,0.000011056133192490442
07762,0.000027114262128827082
53202,0.00023489904047582053
38017,0.00034256145956469095
94931,0.00006920020714411073
83858,0.00006696010632815662
54449,0.000030382612985412153
80107,0.00007828279019495138
21231,0.00011100341632882163
89403,0.00009822481469816811
68105,0.00004073568203268038
84116,0.00007362017650488101
87508,0.00002590280216271088
53149,0.00001741664551916725
32246,0.000008517760258114421
89060,0.00010011839222386594
06488,0.0000909858857301933
95726,0.000022460477602594248
77019,0.0005343141465047441
30062,0.00015179834622395518
91354,0.0008058964812679513
85623,0.00005730414782337956
98077,0.00003091866786777019
95695,0.0002792355935275866
85004,0.000347674109444028
89102,0.0001967624958550681
53097,0.000003247380384677404
80221,0.00002119821079357793
53703,0.00007165618917840029
93012,0.0014072678048104143
84653,0.00033950195486986544
19701,0.00008132034755022893
93635,0.00005105379917582066
32503,0.00010829352671217964
84074,0.0010970584969391755
33411,0.000038362262196057044
98115,0.00047162626934719445
91411,0.00026623299336511855
85741,0.0003337457707873443
11218,0.00004068074921328165
79413,0.000027892981564398554
02703,0.000031633663433567916
20005,0.00010027522565620703
91950,0.00020378857556192683
92344,0.0006434345826215369
73065,0.000007898402185170556
29745,0.000017936597225532614
55439,0.000019729934966951842
55311,0.0002873849669827273
02360,0.000051376542645743014
97003,0.00035156265588896
93930,0.000017060254027203057
83353,0.00018721398623677336
78745,0.00013947306523424388
83835,0.00016406699146349806
87106,0.00001622139637008305
87110,0.00007098265674987103
32751,0.0000381977045896351
75002,0.00023077687878793836
96720,0.00007014298558244802
85388,0.0004222842844041537
60467,0.00005222101312992149
95519,0.00014689092505605156
39759,0.00000795841720358583
92352,0.00040080352319164103
95382,0.00030032705950760845
98248,0.0000814204543872529
27513,0.00007093331873652027
60004,0.000050048991590373084
06801,0.000007954391309002686
37075,0.00008258443914884719
98103,0.00019612157906775284
85658,0.0008192791692443631
30019,0.00004061829464864933
92019,0.0015169535111212598
92116,0.000979307875758017
96825,0.0001025589385524617
93004,0.0006648505317725319
84062,0.00040934382045874554
78418,0.00003762315671547269
53132,0.00003654553191490223
19083,0.00002387969090221663
80237,0.00018221264970589803
53081,0.00001461584758134845
85635,0.00006968771480253441
24503,0.000010762341701515261
91342,0.0008110500307241708
27012,0.000028090687583671105
85012,0.00012380406380847175
95683,0.0007797142043470033
02050,0.000024227458431205164
34221,0.00005080380325674443
95117,0.00006884737304893285
20171,0.00007694700048072251
95018,0.000012300484607486326
89179,0.00010828951155366573
07871,0.00003661430821405117
83644,0.00020066843084210316
78252,0.000052384392089279296
32250,0.0004543734146376172
80111,0.0004108045673736276
93291,0.000525105490565643
83328,0.000003970495595439308
28104,0.00001538479290848036
93505,0.00004987900281088547
53214,0.00000952717849849155
90014,0.0003954100251875774
95835,0.00044102851325398244
30518,0.00022358555172496527
91106,0.002290013903560916
20853,0.00006761511043781836
98225,0.00015136650539396488
55442,0.00007231537990945646
19006,0.000025768744967389935
80526,0.00017100526991751722
80301,0.00007692363997574679
23434,0.00012066192751788626
34275,0.0001463736504552428
11237,0.00006934632059081073
91316,0.0013511228788887298
33316,0.00006149380855166783
92020,0.0007938611307915079
58103,0.00012941742045104095
37208,0.0003484059532817364
15401,0.000009302065088324985
95307,0.00014692665482590243
55416,0.0002660036927383874
85202,0.0000938774837355453
98271,0.00006555886242777206
92264,0.0010586532568955987
78665,0.00007149044597618813
75087,0.00002817950528107241
66208,0.00016828124171379579
93551,0.0010707478634745357
04416,0.000005446975792542511
89441,0.00008395443870923715
30306,0.00009462720822027701
91030,0.0010538076621521375
51106,0.000030433409957686686
95442,0.00008074873837540239
80027,0.00017046162330495182
89523,0.000656156910343613
94550,0.0004877734517926837
75056,0.0006119141059185975
80128,0.00012505708886449614
87144,0.00026460011579779706
72712,0.00009752545241535983
50014,0.00006962969845565917
10003,0.00005527820547890974
93433,0.00010431893922475691
99201,0.0005341186150573087
71203,0.000008831620723667391
19320,0.000026169294291075605
28451,0.00001095052392576901
94133,0.000201311583343592
84036,0.0003193850938065065
32541,0.00005683904005522499
94080,0.00045240457453645894
11572,0.00005848770957998208
27703,0.0008115741368398879
98058,0.00005445517912414156
46324,0.000007713621055323545
20148,0.00011979387390751796
33912,0.00034633264450735604
55117,0.00004956786948266351
60050,0.00005917976113390645
95304,0.0000975844553965886
37862,0.000012028723321657679
98272,0.00002717820687868219
27529,0.00004196445503211806
85201,0.00009922948340768375
11758,0.000057899256650857836
94582,0.0009069443439428055
93552,0.00022016887108482157
32043,0.000009512579348164658
90043,0.0003986168009263854
78666,0.00017930342553453525
97707,0.00007635807245938625
68144,0.00006487880915762096
84770,0.0004072869539073909
93619,0.0015840331983914898
32207,0.000054367992279450545
84058,0.00012454291895504154
80302,0.00027791032696594133
80525,0.00015758785665658795
55076,0.00005911874269243927
52732,8.757869239270629e-7
98036,0.00009608362823328195
67052,0.000007662003416413112
85045,0.0008368978969414392
18018,0.00010474097420642891
97206,0.000031156898130416986
94618,0.00021615977286799866
89143,0.00016154624949012912
40356,0.000026980930402711566
32803,0.00017896775451077288
76028,0.00013816970517838115
80906,0.00037985308273010633
77089,0.0003569066391447814
86436,0.00021849827734285386
85028,0.000546743186756562
95605,0.00008057128551822984
91911,0.0006224615980188591
30305,0.0002876075230473299
96150,0.00025305149528816314
33180,0.00028698107599031615
22603,0.000004591415151586104
94553,0.00033071137341085164
68601,0.000012486127187631338
87048,0.000019887919378104383
78704,0.00038407634041218446
93430,0.000031016789848694325
08080,0.00012804633180211103
98117,0.0001742600358567426
85743,0.00048049322814019637
30102,0.000037262609983897184
92102,0.0005120979946947726
70115,0.00012247368636372514
48198,0.00006350434818061384
20007,0.00026906631145683687
60010,0.0000937670532671357
77651,0.00001871785234402668
88012,0.000034218726491122675
98683,0.00024187364440593034
15767,0.00004809311202851294
91387,0.00041876315135211736
75252,0.0003304236208417929
17543,0.000010622787078074165
53095,0.000005407545221270785
28411,0.00008519155736022625
93010,0.0008268117171876112
53029,0.00001763498504322615
84651,0.00012954447068384392
59714,0.00008956645359523042
53126,0.00003226775587687487
93637,0.00029963356410318105
66061,0.00007113663536826332
80640,0.000039869991563754655
94510,0.00012762354623072398
53545,0.00000810752459408343
32162,0.000035086145524603025
92561,0.00004548520453385889
92346,0.002134540170823167
77381,0.001693143478488904
96734,0.000394747539572509
55313,0.000008016568627535604
06084,0.00006159034976593088
27949,0.000018728752977070494
18914,0.000043973780935130135
07760,0.00009774508142080043
99504,0.00003159952292987615
38632,0.00004423482949516557
92397,0.00018043848648410031
74066,0.000014638629431205171
77478,0.00006226060697773526
98382,0.00013564670675773877
95821,0.00010632034544475799
79110,0.0000015135196678550316
56303,0.000040824683587553405
29461,0.000010631557760904585
60172,0.000014469824917688813
91356,0.0013402742374911884
85621,0.00004417447043095832
98075,0.0004240410974033971
85006,0.00015896312714377647
32244,0.000006531747520614404
76109,0.0017814383287778578
67235,0.00000830134673250544
95841,0.00004245826792581335
15206,0.00001627953907619783
55436,0.00004397072239034338
81650,0.00001778640837946485
58801,0.000013627936764160467
17022,0.000011041724659278613
54303,0.00002670835525352317
47130,0.0007820085405292974
32060,0.000004000754192453362
87109,0.00003733591110476104
78645,0.00009332127736123012
89002,0.001574644529549523
32224,0.00015812712946049317
68845,0.000012463399485290609
90403,0.0008965500863291774
53024,0.000013597460730737125
50312,0.00007736948006532445
11217,0.00007621765841161637
45150,0.0000699625405084829
85641,0.00028616723421781375
23233,0.00003710299240511547
20105,0.0002377399221308033
04038,0.00003729156719346742
93657,0.0001026295158391517
84119,0.00010137037286082965
87507,0.00013443585978774547
97402,0.0004211539068881247
97225,0.0003820728006818609
60657,0.00020900898247815724
55038,0.00006030939999533602
91932,0.0004308694373240353
34238,0.00015891578540174866
56201,0.000026691920642780387
27104,0.000043263188582712653
11375,0.0003041205079107783
98177,0.00022615611338368282
85929,0.00009610052504937872
18974,0.0002635098076467482
96754,0.00008266869574511074
37923,0.0000758933524540207
85340,0.0003357589094706328
10023,0.0002887244871491009
38117,0.0001475019179289851
78628,0.00010972668952775123
50613,0.0005288563736117414
78727,0.00006750117068322491
80007,0.0003563240322237242
89503,0.0002848641117500853
80108,0.001355369880520281
94705,0.0001425180944484199
97214,0.00011720122825875961
94122,0.00029321262233817757
53177,0.0000012594027448916483
93041,0.00007448996293003939
04106,0.00003141087102880183
85712,0.00025864442976506526
18067,0.000007558536797397934
01569,0.000025384943612971214
95030,0.0005672398414853207
77027,0.00009578589600722469
85086,0.0007455291526717601
34209,0.00008982133340839714
73036,0.000009199628807727954
86047,0.00002205438266584478
91606,0.0005043143169732587
02333,0.00001349757549055147
19958,0.00013506751277954268
94541,0.00019854144270930988
10012,0.00028494541907470706
93422,0.00019329185297608693
78619,0.00001287031635143237
95219,0.00031075809396126456
64081,0.00003179035648890638
95316,0.000023327051495947984
74037,0.00002948193661416983
55407,0.000009398168394725734
77301,0.00614714624791925
27587,0.0001353415142583867
96708,0.0000512443310243869
77429,0.00025343329909424894
60540,0.000041489802069250204
95482,0.00011149323119282709
20816,0.0003169640668683346
85213,0.00024090730082392293
03825,0.00006371048331222099
07731,0.00004702375163684665
93268,0.00002307912188278695
94590,0.00001681187750585116
97132,0.0003913431178307052
17013,0.000005639944376456475
78217,0.000019551925400304708
50323,0.00007804978225572974
93704,0.00012984185031756393
80537,0.00016699249174388514
94040,0.00018379928861148235
17257,0.000005599672335884923
60123,0.00004563593001863895
11226,0.0000996995914494183
91208,0.001708902173124536
91307,0.0007906085131916421
21202,0.000130861017341611
80134,0.0008244357450347765
68136,0.000015565135181865174
62704,0.00006961728067662836
19380,0.0001753544799555711
90031,0.00013008451193223752
93307,0.0004519876209784508
02382,0.00000459595196537309
33704,0.00016929110682577657
64152,0.000166748923892096
95376,0.00015335795430935695
77449,0.0000612821903845702
81601,0.00007976090991950238
96768,0.00006803781256257431
77546,0.00011915121046660714
85138,0.0010344450568210485
91367,0.0019116719878474202
86429,0.00019846560418664366
86301,0.0005101476250811563
85037,0.000055913786965523446
95132,0.00021325008878032782
97219,0.00035708360744440116
84096,0.0002177777896060446
94607,0.0002482535735515348
94708,0.00016189329454574657
80919,0.00033854779112106994
28803,0.00009073746447701919
60021,0.000018098481331742576
95677,0.00022202298833389237
60606,0.00027549835240563196
30080,0.00005821378053871888
95050,0.00027481738837647216
98126,0.00005238055399969396
98029,0.00013748359681834454
91205,0.0013439113522454558
93021,0.0015112328935725922
59102,0.0001513350298794035
84660,0.0001814333744982062
53018,0.00008317001503564374
59725,0.000005151851084286735
32218,0.000015123098517452496
84047,0.0002147788396845875
80435,0.00006191710727854371
83703,0.00006508492277807056
89131,0.0009090917830010786
40324,0.000005808593523670206
80212,0.0000651210677808389
93265,0.00009867463439984196
93442,0.00011814879054282927
54956,0.000010765733924135542
94306,0.00032836201587549207
94521,0.00023899612446285983
17111,0.000017812674522391777
57106,0.000021839647196144067
81144,0.000005059971034816966
60442,0.00003328017901908594
74135,0.00023547364996178411
08820,0.00024606090779320577
03878,0.000004866444530992126
99508,0.00002210158891865072
10022,0.0002749629223750558
93953,0.00021353799282982971
75077,0.0001439890817691614
80109,0.00022128587737285348
89502,0.00009967243063889193
94571,0.000024726417233476677
55372,0.0003116223679050543
23114,0.00002056427529885085
98332,0.0001860534912822777
91011,0.0025994416525910494
30327,0.0002985461453683311
12309,0.00001441690737109516
37922,0.000025069068077308954
02760,0.000018175957671178315
87506,0.0001451015079233364
53147,0.000039265400241133175
80924,0.0003886785611326609
93656,0.00006298471527582997
80465,0.00017358533441089115
94112,0.0005614707515200376
97224,0.00034671905648777935
07869,0.0001777227543737479
86351,0.00009142722969005684
11216,0.00040484145867028494
46901,0.000011676183389953562
74464,0.00014411003372562643
03038,0.000022170368548641664
68505,0.000029358968922064305
94070,0.0004033079856266357
90402,0.0012949321894306753
19128,0.00003427263414988281
32225,0.0002298885554255564
59718,0.0006001874094937597
54302,0.0000025931111609101645
89460,0.00031685124396543286
59912,0.000031794298219086945
07701,0.0001313716578950699
72076,0.00002713748231906894
78644,0.00008805914813709733
87108,0.000011548105143604098
94952,0.00012541340705958997
98250,0.000021300845321228058
96738,0.0001328153379277795
95326,0.00001300773897664099
55437,0.000010547586511697849
85390,0.00019800342910919385
95501,0.0003419557131327234
99801,0.000041549541496942546
94539,0.00023147148913404094
59937,0.0003379958056517132
17109,0.0000364291981146235
94585,0.00010258053193872711
93555,0.0004946004378554137
92260,0.004051677961528775
37865,0.000011418997016325507
55386,0.00016092380739869604
85206,0.0002483318024038004
24083,0.000017420933362972915
30024,0.0005053073891181587
33312,0.000057876330488014084
96818,0.000023401230395809322
85042,0.0003033672560032818
56560,0.00005829989996652689
82609,0.000006580818060361594
80305,0.00016090924505532875
89129,0.0006205162309954182
32966,0.00004728180440873873
93711,0.00325602173196996
49684,0.00022615447347877713
95602,0.0002676619483933108
55113,0.00007040684962197346
16415,0.000021889042659347964
85120,0.00011126387880689239
29909,0.00010408571226693237
27608,0.00010999369877526805
22901,0.00005025791808462112
84032,0.0006892606174014603
32804,0.00012714226871152597
89144,0.0007830039758622506
54729,0.000039508068542494104
17408,0.0000018866650001136112
78703,0.0002852464230253855
93210,0.000019110861175244463
78124,0.000027063932999043063
99205,0.000030330984549885032
90029,0.00018919747912456335
75052,0.00007224396282732802
97045,0.00037547193750626977
28036,0.00013611784554181923
80023,0.004261255168063721
77379,0.0006108573837118514
85364,0.00014127264304558882
80207,0.00008553464725146005
22207,0.0001880838535142283
89703,0.0003376970799805798
83716,0.00014353731746191042
99709,0.000028286252216082776
90302,0.00008099860772371807
96815,0.00017037111430400227
92126,0.0007829069787928594
60187,0.000054871823913815534
85140,0.0005975429538218829
20190,0.0001681680894928064
98133,0.00022588547864661385
60613,0.00006707134036778395
95662,0.00010564925539489663
85304,0.00022302019609298217
02346,0.00007572489362825066
56001,0.000045613395234416144
60558,0.00004935485447401791
55337,0.00015184353675700972
94534,0.0002750784021875848
75032,0.0004764280970338293
87120,0.00009420968443331283
90049,0.0065084842365038436
94588,0.0005515584378464768
37363,0.0000927674183604431
95363,0.0000590923082422446
88310,0.00006478277690794502
58504,0.00005103404090978107
85266,0.00021743879269154177
06759,0.000017086689312413757
99208,0.00014359278994507068
93312,0.0009244334047084855
90024,0.004194341858103122
53403,0.000008651003060080937
93535,0.0003632097682656643
94559,0.00043436190224111735
62711,0.000007114518810502343
68123,0.00005380265822531611
83318,0.00003696707920341787
80121,0.00031764505541894995
68801,0.000005375624770701278
94089,0.00004931772222895294
03755,0.000029376757946789453
28557,0.00004018896841248928
89149,0.0009376076394901929
94612,0.00007552477760037533
60156,0.00002067582383074352
29445,0.000011379345320190695
20141,0.00006086155615175479
95127,0.00020041757296777125
34211,0.00010250181037269978
85022,0.0002787639383841962
86314,0.0004338198555041198
30044,0.00006774723880879648
95215,0.000018593613617769436
37215,0.0019327118734343328
96704,0.000009726453323178044
91040,0.00045319398057163307
95973,0.00028875401161723247
85310,0.000674594391395258
94520,0.00020586871163012782
17110,0.000017751340491759275
97031,0.00010251716201876217
75904,0.0000017389466367905066
40502,0.0000347393002898079
83702,0.0003738960929505863
89130,0.0008374126382741336
95051,0.00040797931598749045
81526,0.00006251570766788921
08724,0.000023066382824303452
55068,0.00005101727325313894
02019,0.000011495482437093249
60607,0.000036898142041947734
81301,0.00048050780365470385
91204,0.00012368828744624554
98028,0.0008511054799872879
91423,0.0013522694268804426
60193,0.00011549452370002874
94709,0.00009356304587878914
89052,0.004037663359133326
94606,0.000030199380181498147
97530,0.000027788300710018927
84097,0.00020225573484186984
21047,0.0004412283985299766
80918,0.0008391833438355381
04005,0.000020701449162971157
80817,0.00006006652830887837
53074,0.000015658446552194722
84124,0.0006152629577101063
98045,0.0001029408418065697
98662,0.000023024027511593618
85139,0.00004982223358364117
29910,0.00008924942517645197
01824,0.00005253064918078752
20155,0.00002648524090667877
60142,0.00005828083429224604
98201,0.00006186537590040647
27455,0.0002083515453148556
95811,0.00010356398288147475
79707,0.000018012600115422555
29615,0.000026267040812081654
60521,0.0002561154488264545
95377,0.00012130129530270777
68137,0.000032460060255639045
22712,0.000014242457687591047
80135,0.00005716676802781531
93306,0.000365119985028175
94903,0.0004411463979640164
33186,0.00002404751765451143
18951,0.000020693341512986927
77450,0.00016225739130012516
55356,0.00010193386502588533
98531,0.00003077381853167703
60585,0.000053623920773907246
85365,0.00028811061833947625
90028,0.0007521998460044581
93436,0.0008699265353322094
07748,0.00013507044156752638
78702,0.00011020355557843179
80022,0.00014371173002476054
94555,0.00009293799907838848
90094,0.0006960541711258464
94085,0.00007375670261400696
76092,0.0007800802544881039
76706,0.0000566297300723045
89145,0.00025181831158406184
75217,0.0002994845057799345
01880,0.00031674579882172513
55112,0.00025997257020185093
95603,0.0001613136793076109
46321,0.000022976755949182075
27609,0.00020141046340978278
06511,0.000050849064987249245
89027,0.0003863677651602472
89128,0.00013610242818432733
80304,0.0002975582905902672
22304,0.004188927652014408
68521,0.000006840253664045194
99705,0.000007810424115923003
93710,0.00012835963588379712
60084,0.000026187206300826572
85043,0.00035644813852522735
96819,0.00001750949452983896
60137,0.0003280175366438568
33487,0.0027844975512716502
85207,0.0006695512796675725
55387,0.000020101413003251345
98274,0.00004091563461016199
33770,0.0000759937862063664
95864,0.0004989437189819013
92549,0.00030968397306432995
85308,0.00091306455526875
77532,0.0002272917402008572
30907,0.00003797274112649371
48348,0.00015579974679661742
94538,0.0004001799477580306
97701,0.0004022184807083611
90045,0.0008373449299406749
78660,0.0002678880543470545
75082,0.00017776113832150894
84532,0.000029273007281017666
78148,0.000014824243560952996
19460,0.00015347107121523685
19348,0.001423564948117904
90012,0.00041422762781480224
99516,0.000019136108124637107
78738,0.000620684048065561
53212,0.000013196133968937879
83406,0.00003834659907612665
80018,0.000012426735862799097
83221,0.000024734628894735697
75069,0.000046112769296559495
17050,0.00001799765675689558
35756,0.00008838045183671455
97756,0.0006837712106071245
95355,0.00005422810414593674
37355,0.000013578554132762235
98223,0.0002321018708777813
30339,0.00012538151149892187
85250,0.001088665853311563
92236,0.0003917089484252137
95833,0.00045391574122075507
67460,0.000011076043702427096
46580,0.000014261143685779108
95111,0.0002127023013517861
85014,0.00008780152541580577
91344,0.0015284215541872825
84721,0.00015831138774225314
93648,0.000004829928892604071
84009,0.0005148853425471262
32256,0.00003441524669679123
84106,0.0005054180988126434
78254,0.00001348096649099221
83642,0.0017917786074039767
92110,0.0005717548641637503
91401,0.0008921426656318252
02188,0.00006338814454223828
33401,0.00013589511657889015
98105,0.00020313767630375228
60625,0.00004076015224667134
81504,0.00005863703749218533
95073,0.000499547895849876
60002,0.000025609901308190434
28403,0.00018504602328893235
80231,0.000027022588571376203
53188,0.00004112950907339229
93625,0.000021717520371007334
53713,0.00014956494926768923
94502,0.00006369125031825866
97013,0.0001554139362297664
57702,0.00006664985046823469
59803,0.00026690854211366456
26508,0.000010063958755317015
67502,0.000002435408313265575
02816,0.000004345890506503598
86004,0.00027404374959136827
02370,0.00002509312602982004
55429,0.0001253410491841258
85281,0.0012932104111127176
95338,0.000060696833976568315
77407,0.00011542274976110684
76051,0.00007342285099445245
80219,0.00019593849489300266
83607,0.000156129270749636
50325,0.000028294170888877197
12019,0.000709878129887359
92037,0.004999712244537387
33301,0.0009328001649026218
91301,0.0010380321665679466
18103,0.000009415425760025457
85051,0.00005483980454381754
20132,0.00001638726849833231
37876,0.000020843629911769416
85215,0.00010322938710518892
77493,0.00011763678606722856
42240,0.000003081042675722772
55401,0.000007265862564888868
08242,0.00009111067661089653
93908,0.00017076241599836559
17015,0.00007741200021270325
22152,0.00012642708780785802
93546,0.001096108250270347
94596,0.0003203298380134265
04401,0.0000428232251292012
87031,0.00006136145238044648
90057,0.00015463722394780827
93449,0.00025938842909735746
55344,0.000021877513087519683
81122,0.0002030225313140764
29710,0.0005273922727620039
11106,0.0001478161887717776
92536,0.00042072807613770995
85377,0.00026385676469798546
92311,0.00013924844556698708
94806,0.00002108685426077319
10014,0.0002107649630869973
28025,0.000019897278863138967
22030,0.00042979591884015984
94547,0.00007393884195765809
32459,0.00006320382726826001
84606,0.00018095872137144858
07950,0.0003257765756321615
76133,0.00008013979146907765
75205,0.0007498786336653097
97212,0.00005997395958680662
94703,0.00010664891150248844
95139,0.00001126153652737058
60047,0.00012101498341883274
60148,0.00005207715609453973
60660,0.00003632180361410448
02061,0.000009292442992746139
23451,0.0007228194960684218
77619,0.000007906195729589029
95126,0.0009035731515228174
56501,0.000018018955670194313
85023,0.00030997749369258667
86315,0.00010567810917598948
19063,0.00001997617059893541
89148,0.0005778317330763028
40475,0.000014655977889480925
17404,0.0000035007224034992716
97302,0.00022682755792645452
93534,0.0008018215739910519
53402,0.000010500092736906937
32025,0.000006262004825479493
93313,0.0002677461487693381
90025,0.0029323465177676015
80120,0.00005175278572038869
94558,0.0003175496921262204
77375,0.000056006381219547126
85901,0.0000703694218138687
60487,0.000004632354870190556
92201,0.004448284827087011
33137,0.00021688220931012265
73120,0.00044447455731553204
75033,0.0007822004672750383
89449,0.00010675793097416749
94589,0.000009991672563947738
07728,0.00007947186975448821
47630,0.00001508934003759451
87121,0.00004708071252491993
90048,0.0010005825340101892
48823,0.00001974681703285873
77583,0.000035972249607581295
85305,0.00002769627291844529
95966,0.0000826453145418136
60559,0.00002956752022078979
33436,0.00004982220319485015
91436,0.003407709296946039
20191,0.00007579093820658124
30028,0.00007510666466874411
30127,0.00004414416292309181
60089,0.000006807320728728833
96814,0.00014092478277274106
48101,0.000051925205138112235
60035,0.00010495838216347519
91977,0.00043518902300286046
80206,0.0004889300050427473
93035,0.0003244876196860812
93612,0.000029331027932556063